Exact_URL_from_List,Status_Code,Issue_Type,Final_URL,Checked_At
http://galacticfazette.likesyou.org,404,Error_404,http://galacticfazette.likesyou.org/about-us,2026-09-07 05:29:12
http://kidsmiracle.great-site.net,404,Error_404,http://kidsmiracle.great-site.net/contact-us,2026-09-07 05:29:12
http://ulrichwerner.is-best.net,404,Error_404,http://ulrichwerner.is-best.net/privacy-policy,2026-09-07 05:29:12
http://camillakjar.lovestoblog.com,404,Error_404,http://camillakjar.lovestoblog.com/privacy-policy,2026-09-07 05:29:12
http://kenziegordon.is-great.org,404,Error_404,http://kenziegordon.is-great.org/contact-us,2026-09-07 05:29:12
http://dinamorra.is-best.net,404,Error_404,http://dinamorra.is-best.net/privacy-policy,2026-09-07 05:29:12
http://sandeepbamford.is-great.net,404,Error_404,http://sandeepbamford.is-great.net/about-us,2026-09-07 05:29:12
http://zoyasantana.kesug.com,404,Error_404,http://zoyasantana.kesug.com/privacy-policy,2026-09-07 05:29:12
http://jolenehackney.is-best.net,404,Error_404,http://jolenehackney.is-best.net/privacy-policy,2026-09-07 05:29:12
http://lauranash.wuaze.com,404,Error_404,http://lauranash.wuaze.com/contact-us,2026-09-07 05:29:12
http://nikkiemond.fast-page.org,404,Error_404,http://nikkiemond.fast-page.org/contact-us,2026-09-07 05:29:12
http://octavinamara.likesyou.org,404,Error_404,http://octavinamara.likesyou.org/contact-us,2026-09-07 05:29:12
http://midnighthowl.totalh.net,404,Error_404,http://midnighthowl.totalh.net/contact-us,2026-09-07 05:29:12
http://cooperallman.is-best.net,404,Error_404,http://cooperallman.is-best.net/about-us,2026-09-07 05:29:12
http://marinamays.great-site.net,404,Error_404,http://marinamays.great-site.net/about-us,2026-09-07 05:29:12
http://dispatchdaily.wuaze.com,404,Error_404,http://dispatchdaily.wuaze.com/privacy-policy,2026-09-07 05:29:12
http://mirrorminute.iblogger.org,404,Error_404,http://mirrorminute.iblogger.org/privacy-policy,2026-09-07 05:29:12
http://emanuelbender.is-great.net,404,Error_404,http://emanuelbender.is-great.net/contact-us,2026-09-07 05:29:12
http://corinneames.wuaze.com,404,Error_404,http://corinneames.wuaze.com/about-us,2026-09-07 05:29:12
http://cvitaanikal.is-great.org,404,Error_404,http://cvitaanikal.is-great.org/about-us,2026-09-07 05:29:12
http://discoverysummerhi.kesug.com,404,Error_404,http://discoverysummerhi.kesug.com/about-us,2026-09-07 05:29:12
http://lunalullab.lovestoblog.com,404,Error_404,http://lunalullab.lovestoblog.com/privacy-policy,2026-09-07 05:29:12
http://ellislu.kesug.com,404,Error_404,http://ellislu.kesug.com/contact-us,2026-09-07 05:29:12
http://anchorthejogwarts.kesug.com,404,Error_404,http://anchorthejogwarts.kesug.com/,2026-09-07 05:29:12
http://recordledroit.wuaze.com,404,Error_404,http://recordledroit.wuaze.com/privacy-policy,2026-09-07 05:29:12
http://sophiaescobar.is-great.net,404,Error_404,http://sophiaescobar.is-great.net/privacy-policy,2026-09-07 05:29:12
http://jianhunter.lovestoblog.com,0,Invalid/Down,N/A,2026-09-07 05:29:12
http://aliyanhercus.lovestoblog.com,404,Error_404,http://aliyanhercus.lovestoblog.com/,2026-09-07 05:29:12
http://fayvillegas.wuaze.com,404,Error_404,http://fayvillegas.wuaze.com/contact-us,2026-09-07 05:29:12
http://leahgibbs.wuaze.com,404,Error_404,http://leahgibbs.wuaze.com/privacy-policy,2026-09-07 05:29:12
http://bisculturenews.wuaze.com,404,Error_404,http://bisculturenews.wuaze.com/about-us,2026-09-07 05:29:12
http://bessiegalloway.great-site.net,404,Error_404,http://bessiegalloway.great-site.net/privacy-policy,2026-09-07 05:29:12
http://lincolngarrett.kesug.com,404,Error_404,http://lincolngarrett.kesug.com/privacy-policy,2026-09-07 05:29:12
http://terrencewaters.great-site.net,404,Error_404,http://terrencewaters.great-site.net/about-us,2026-09-07 05:29:12
http://tamerahouse.lovestoblog.com,404,Error_404,http://tamerahouse.lovestoblog.com/contact-us,2026-09-07 05:29:12
http://arcticadept.my-style.in,404,Error_404,http://arcticadept.my-style.in/privacy-policy,2026-09-07 05:29:12
http://brookehazon.is-great.net,404,Error_404,http://brookehazon.is-great.net/contact-us,2026-09-07 05:29:12
http://rodolfobattisti.is-great.net,404,Error_404,http://rodolfobattisti.is-great.net/about-us,2026-09-07 05:29:12
http://juthmullner.is-best.net,404,Error_404,http://juthmullner.is-best.net/about-us,2026-09-07 05:29:12
http://serendipitysiren.great-site.net,404,Error_404,http://serendipitysiren.great-site.net/contact-us,2026-09-07 05:29:12
http://ivapineda.lovestoblog.com,404,Error_404,http://ivapineda.lovestoblog.com/about-us,2026-09-07 05:29:12
http://bevonovimetla.great-site.net,404,Error_404,http://bevonovimetla.great-site.net/about-us,2026-09-07 05:29:12
http://whispererwillow.kesug.com,404,Error_404,http://whispererwillow.kesug.com/contact-us,2026-09-07 05:29:12
http://journaledmonton.is-great.net,404,Error_404,http://journaledmonton.is-great.net/,2026-09-07 05:29:12
http://samualbeasley.is-best.net,404,Error_404,http://samualbeasley.is-best.net/contact-us,2026-09-07 05:29:12
http://sageleon.lovestoblog.com,404,Error_404,http://sageleon.lovestoblog.com/privacy-policy,2026-09-07 05:29:12
http://jacobpotter.wuaze.com,404,Error_404,http://jacobpotter.wuaze.com/privacy-policy,2026-09-07 05:29:12
http://jennieneal.lovestoblog.com,404,Error_404,http://jennieneal.lovestoblog.com/about-us,2026-09-07 05:29:12
http://ishaancameron.is-great.net,404,Error_404,http://ishaancameron.is-great.net/privacy-policy,2026-09-07 05:29:12
http://bostonherald.is-great.net,404,Error_404,http://bostonherald.is-great.net/contact-us,2026-09-07 05:29:12
http://crimsoncascade.iblogger.org,404,Error_404,http://crimsoncascade.iblogger.org/privacy-policy,2026-09-07 05:29:12
http://kyngyoung.iblogger.org,404,Error_404,http://kyngyoung.iblogger.org/contact-us,2026-09-07 05:29:12
http://christamccann.wuaze.com,404,Error_404,http://christamccann.wuaze.com/contact-us,2026-09-07 05:29:12
http://emorykirby.lovestoblog.com,404,Error_404,http://emorykirby.lovestoblog.com/privacy-policy,2026-09-07 05:29:12
http://kaliyahterry.lovestoblog.com,404,Error_404,http://kaliyahterry.lovestoblog.com/contact-us,2026-09-07 05:29:12
http://kaymontes.is-best.net,404,Error_404,http://kaymontes.is-best.net/about-us,2026-09-07 05:29:12
http://calliopehale.lovestoblog.com,404,Error_404,http://calliopehale.lovestoblog.com/privacy-policy,2026-09-07 05:29:12
http://leoneltrujillo.iblogger.org,404,Error_404,http://leoneltrujillo.iblogger.org/privacy-policy,2026-09-07 05:29:12
http://noahsommerlad.is-best.net,404,Error_404,http://noahsommerlad.is-best.net/about-us,2026-09-07 05:29:12
http://charlesglencros.is-best.net,404,Error_404,http://charlesglencros.is-best.net/about-us,2026-09-07 05:29:12
http://hudsoncrowther.kesug.com,404,Error_404,http://hudsoncrowther.kesug.com/about-us,2026-09-07 05:29:12
http://oraziarosati.lovestoblog.com,404,Error_404,http://oraziarosati.lovestoblog.com/contact-us,2026-09-07 05:29:12
http://blazebright.is-best.net,404,Error_404,http://blazebright.is-best.net/privacy-policy,2026-09-07 05:29:12
http://moonlitoracle.great-site.net,404,Error_404,http://moonlitoracle.great-site.net/privacy-policy,2026-09-07 05:29:12
http://berthalove.kesug.com,404,Error_404,http://berthalove.kesug.com/about-us,2026-09-07 05:29:12
http://seanvazquez.is-best.net,404,Error_404,http://seanvazquez.is-best.net/contact-us,2026-09-07 05:29:12
http://adrienneheijdra.is-great.org,404,Error_404,http://adrienneheijdra.is-great.org/contact-us,2026-09-07 05:29:12
http://emberevergreen.kesug.com/wp-admin,404,Error_404,http://emberevergreen.kesug.com/wp-admin/privacy-policy,2026-09-07 05:29:12
http://stephanieboucher.is-great.org,404,Error_404,http://stephanieboucher.is-great.org/privacy-policy,2026-09-07 05:29:12
http://leyglendoo.is-best.net,404,Error_404,http://leyglendoo.is-best.net/,2026-09-07 05:29:12
http://shonmccall.is-best.net,404,Error_404,http://shonmccall.is-best.net/contact-us,2026-09-07 05:29:12
http://jordanthetimes.fast-page.org,404,Error_404,http://jordanthetimes.fast-page.org/contact-us,2026-09-07 05:29:12
http://cindydaigle.wuaze.com,404,Error_404,http://cindydaigle.wuaze.com/privacy-policy,2026-09-07 05:29:12
http://zoyaduncan.is-best.net,404,Error_404,http://zoyaduncan.is-best.net/about-us,2026-09-07 05:29:12
http://raymondsteel.wuaze.com,404,Error_404,http://raymondsteel.wuaze.com/privacy-policy,2026-09-07 05:29:12
http://lukemoseley.great-site.net,404,Error_404,http://lukemoseley.great-site.net/privacy-policy,2026-09-07 05:29:12
http://candicereid.kesug.com,404,Error_404,http://candicereid.kesug.com/about-us,2026-09-07 05:29:12
http://sharonmathieu.is-best.net,404,Error_404,http://sharonmathieu.is-best.net/privacy-policy,2026-09-07 05:29:12
http://gracieorr.great-site.net,404,Error_404,http://gracieorr.great-site.net/privacy-policy,2026-09-07 05:29:12
http://charleyblan.iblogger.org,404,Error_404,http://charleyblan.iblogger.org/,2026-09-07 05:29:12
http://imanishelton.great-site.net,404,Error_404,http://imanishelton.great-site.net/,2026-09-07 05:29:12
http://jackphillips.great-site.net,404,Error_404,http://jackphillips.great-site.net/,2026-09-07 05:29:12
http://enriqueyork.is-great.net,404,Error_404,http://enriqueyork.is-great.net/about-us,2026-09-07 05:29:12
http://martinmyers.great-site.net,404,Error_404,http://martinmyers.great-site.net/contact-us,2026-09-07 05:29:12
http://zimbathebwenews.iblogger.org,404,Error_404,http://zimbathebwenews.iblogger.org/about-us,2026-09-07 05:29:12
http://eagleeyes.talk4fun.net,404,Error_404,http://eagleeyes.talk4fun.net/privacy-policy,2026-09-07 05:29:12
http://basterkarket.wuaze.com,404,Error_404,http://basterkarket.wuaze.com/privacy-policy,2026-09-07 05:29:12
http://aqsacruz.lovestoblog.com,404,Error_404,http://aqsacruz.lovestoblog.com/contact-us,2026-09-07 05:29:12
http://zealandnewherald.wuaze.com,404,Error_404,http://zealandnewherald.wuaze.com/about-us,2026-09-07 05:29:12
http://emberechoe.kesug.com,404,Suspended,https://suspended-domain.net/index.php?host=emberechoe.kesug.com,2026-09-07 05:29:12
http://michaelmagarey.wuaze.com,404,Error_404,http://michaelmagarey.wuaze.com/contact-us,2026-09-07 05:29:12
http://braydenhilder.lovestoblog.com,404,Error_404,http://braydenhilder.lovestoblog.com/contact-us,2026-09-07 05:29:12
http://leilanidonald.is-best.net,404,Error_404,http://leilanidonald.is-best.net/about-us,2026-09-07 05:29:12
http://jeanmarc.is-great.net,404,Error_404,http://jeanmarc.is-great.net/privacy-policy,2026-09-07 05:29:12
http://charliemacdonald.is-great.org,404,Error_404,http://charliemacdonald.is-great.org/contact-us,2026-09-07 05:29:12
http://careymora.iblogger.org,404,Error_404,http://careymora.iblogger.org/about-us,2026-09-07 05:29:12
http://canaanblanc.lovestoblog.com,404,Error_404,http://canaanblanc.lovestoblog.com/contact-us,2026-09-07 05:29:12
http://reminlarkin.is-best.net,404,Error_404,http://reminlarkin.is-best.net/privacy-policy,2026-09-07 05:29:12
http://nathanfulton.great-site.net,404,Error_404,http://nathanfulton.great-site.net/,2026-09-07 05:29:12
http://candytapia.iblogger.org,404,Error_404,http://candytapia.iblogger.org/contact-us,2026-09-07 05:29:12
http://khalidchang.iblogger.org,404,Error_404,http://khalidchang.iblogger.org/contact-us,2026-09-07 05:29:12
http://amariswiggins.kesug.com,404,Error_404,http://amariswiggins.kesug.com/about-us,2026-09-07 05:29:12
http://cannonnava.is-best.net,404,Error_404,http://cannonnava.is-best.net/,2026-09-07 05:29:12
http://rashadhari.is-best.net,404,Error_404,http://rashadhari.is-best.net/about-us,2026-09-07 05:29:12
http://valenescobar.is-great.net,404,Error_404,http://valenescobar.is-great.net/contact-us,2026-09-07 05:29:12
http://briannaholmes.great-site.net,404,Error_404,http://briannaholmes.great-site.net/about-us,2026-09-07 05:29:12
http://cascadecrimso.kesug.com,404,Error_404,http://cascadecrimso.kesug.com/contact-us,2026-09-07 05:29:12
http://georgepayne.kesug.com,404,Error_404,http://georgepayne.kesug.com/about-us,2026-09-07 05:29:12
http://echoingeclipse.lovestoblog.com,404,Error_404,http://echoingeclipse.lovestoblog.com/contact-us,2026-09-07 05:29:12
http://eiserevanl.is-best.net,404,Error_404,http://eiserevanl.is-best.net/privacy-policy,2026-09-07 05:29:12
http://aidanalganof.is-great.org,404,Error_404,http://aidanalganof.is-great.org/privacy-policy,2026-09-07 05:29:12
http://diegoferrara.kesug.com,404,Error_404,http://diegoferrara.kesug.com/contact-us,2026-09-07 05:29:12
http://jacksongood.is-best.net,404,Error_404,http://jacksongood.is-best.net/about-us,2026-09-07 05:29:12
http://marcelkerr.kesug.com,404,Error_404,http://marcelkerr.kesug.com/about-us,2026-09-07 05:29:12
http://huckleelm.loveslife.biz,404,Error_404,http://huckleelm.loveslife.biz/about-us,2026-09-07 05:29:12
http://orangeregister.iblogger.org,404,Error_404,http://orangeregister.iblogger.org/privacy-policy,2026-09-07 05:29:12
http://newswell.wuaze.com,404,Error_404,http://newswell.wuaze.com/privacy-policy,2026-09-07 05:29:12
http://gailmorgan.kesug.com,404,Error_404,http://gailmorgan.kesug.com/privacy-policy,2026-09-07 05:29:12
http://murielbaxter.wuaze.com,404,Error_404,http://murielbaxter.wuaze.com/about-us,2026-09-07 05:29:12
http://timoresunbal.is-great.net,404,Error_404,http://timoresunbal.is-great.net/about-us,2026-09-07 05:29:12
http://rowendalton.kesug.com,404,Error_404,http://rowendalton.kesug.com/contact-us,2026-09-07 05:29:12
http://kevenvargas.lovestoblog.com,404,Error_404,http://kevenvargas.lovestoblog.com/contact-us,2026-09-07 05:29:12
http://thedailynexus.great-site.net,404,Error_404,http://thedailynexus.great-site.net/contact-us,2026-09-07 05:29:12
http://dongwilkerson.lovestoblog.com,404,Error_404,http://dongwilkerson.lovestoblog.com/about-us,2026-09-07 05:29:12
http://stephenhemmings.iblogger.org,404,Error_404,http://stephenhemmings.iblogger.org/contact-us,2026-09-07 05:29:12
http://johnweircel.is-great.org,404,Error_404,http://johnweircel.is-great.org/about-us,2026-09-07 05:29:12
http://rubynichols.is-best.net,404,Error_404,http://rubynichols.is-best.net/,2026-09-07 05:29:12
http://fanofficial.22web.org,404,Error_404,http://fanofficial.22web.org/contact-us,2026-09-07 05:29:12
http://murielrichard.is-great.net,404,Error_404,http://murielrichard.is-great.net/contact-us,2026-09-07 05:29:12
http://solarseraph.iblogger.org,404,Error_404,http://solarseraph.iblogger.org/contact-us,2026-09-07 05:29:12
http://thunderstrike.kesug.com,404,Error_404,http://thunderstrike.kesug.com/contact-us,2026-09-07 05:29:12
http://reminzamora.wuaze.com,404,Error_404,http://reminzamora.wuaze.com/,2026-09-07 05:29:12
http://noaricks.kesug.com,404,Error_404,http://noaricks.kesug.com/privacy-policy,2026-09-07 05:29:12
http://catalystthronicle.is-great.net,404,Error_404,http://catalystthronicle.is-great.net/about-us,2026-09-07 05:29:12
http://scarlettjensen.wuaze.com,404,Error_404,http://scarlettjensen.wuaze.com/privacy-policy,2026-09-07 05:29:12
http://jutisanders.wuaze.com,404,Error_404,http://jutisanders.wuaze.com/about-us,2026-09-07 05:29:12
http://callerstorm.great-site.net,404,Error_404,http://callerstorm.great-site.net/privacy-policy,2026-09-07 05:29:12
http://elizabethnash.great-site.net,404,Error_404,http://elizabethnash.great-site.net/privacy-policy,2026-09-07 05:29:12
http://elliannasantana.kesug.com,404,Error_404,http://elliannasantana.kesug.com/contact-us,2026-09-07 05:29:12
http://heleneroy.lovestoblog.com,404,Error_404,http://heleneroy.lovestoblog.com/privacy-policy,2026-09-07 05:29:12
http://feleciamcconnell.lovestoblog.com,404,Error_404,http://feleciamcconnell.lovestoblog.com/contact-us,2026-09-07 05:29:12
http://madeleinerose.iblogger.org,404,Error_404,http://madeleinerose.iblogger.org/about-us,2026-09-07 05:29:12
http://bailthedaily.fanclub.rocks,404,Error_404,http://bailthedaily.fanclub.rocks/about-us,2026-09-07 05:29:12
http://veronicahuang.kesug.com,404,Error_404,http://veronicahuang.kesug.com/about-us,2026-09-07 05:29:12
http://shantidibra.lovestoblog.com,404,Error_404,http://shantidibra.lovestoblog.com/,2026-09-07 05:29:12
http://hamishgrose.wuaze.com,404,Error_404,http://hamishgrose.wuaze.com/about-us,2026-09-07 05:29:12
http://marconavarrete.iblogger.org,404,Error_404,http://marconavarrete.iblogger.org/about-us,2026-09-07 05:29:12
http://vesnaunterweger.wuaze.com,404,Error_404,http://vesnaunterweger.wuaze.com/about-us,2026-09-07 05:29:12
http://louisaduncan.kesug.com,404,Error_404,http://louisaduncan.kesug.com/about-us,2026-09-07 05:29:12
http://marioncaswell.iblogger.org,404,Error_404,http://marioncaswell.iblogger.org/about-us,2026-09-07 05:29:12
http://spotonthe.is-best.net,404,Error_404,http://spotonthe.is-best.net/privacy-policy,2026-09-07 05:29:12
http://zyairemahoney.iblogger.org,404,Error_404,http://zyairemahoney.iblogger.org/privacy-policy,2026-09-07 05:29:12
http://rickweiss.wuaze.com,404,Error_404,http://rickweiss.wuaze.com/contact-us,2026-09-07 05:29:12
http://sunlitsoul.nichesite.org,404,Error_404,http://sunlitsoul.nichesite.org/about-us,2026-09-07 05:29:12
http://thehogwartsstandard.mydiscussion.net,404,Error_404,http://thehogwartsstandard.mydiscussion.net/contact-us,2026-09-07 05:29:12
http://alistace.is-great.org,404,Error_404,http://alistace.is-great.org/contact-us,2026-09-07 05:29:12
http://amiramartz.is-best.net,404,Error_404,http://amiramartz.is-best.net/contact-us,2026-09-07 05:29:12
http://muhammadkay.is-best.net,404,Error_404,http://muhammadkay.is-best.net/about-us,2026-09-07 05:29:12
http://worldsdiarnt.fast-page.org,404,Error_404,http://worldsdiarnt.fast-page.org/about-us,2026-09-07 05:29:12
http://gordonharris.wuaze.com,404,Error_404,http://gordonharris.wuaze.com/about-us,2026-09-07 05:29:12
http://gillpaterson.iblogger.org,404,Error_404,http://gillpaterson.iblogger.org/about-us,2026-09-07 05:29:12
http://shadeshadow.my-style.in,404,Error_404,http://shadeshadow.my-style.in/contact-us,2026-09-07 05:29:12
http://anthonyadam.lovestoblog.com,404,Error_404,http://anthonyadam.lovestoblog.com/contact-us,2026-09-07 05:29:12
http://phillippkluge.is-best.net,404,Error_404,http://phillippkluge.is-best.net/contact-us,2026-09-07 05:29:12
http://giannakirby.lovestoblog.com,404,Error_404,http://giannakirby.lovestoblog.com/about-us,2026-09-07 05:29:12
http://dreamdiver.totalh.net,404,Error_404,http://dreamdiver.totalh.net/privacy-policy,2026-09-07 05:29:12
http://morningbeacon.lovestoblog.com,404,Error_404,http://morningbeacon.lovestoblog.com/about-us,2026-09-07 05:29:12
http://robinhaynes.kesug.com,404,Error_404,http://robinhaynes.kesug.com/privacy-policy,2026-09-07 05:29:12
http://emerysingleton.wuaze.com,404,Error_404,http://emerysingleton.wuaze.com/contact-us,2026-09-07 05:29:12
http://dieterdresner.is-great.net,404,Error_404,http://dieterdresner.is-great.net/contact-us,2026-09-07 05:29:12
http://danielamilani.is-best.net,404,Error_404,http://danielamilani.is-best.net/contact-us,2026-09-07 05:29:12
http://thunderthrone.great-site.net,404,Error_404,http://thunderthrone.great-site.net/contact-us,2026-09-07 05:29:12
http://abrahamwilliams.is-great.org,404,Error_404,http://abrahamwilliams.is-great.org/contact-us,2026-09-07 05:29:12
http://kamiyahdean.kesug.com,404,Error_404,http://kamiyahdean.kesug.com/privacy-policy,2026-09-07 05:29:12
http://tristanhanaford.synergize.co,404,Error_404,http://tristanhanaford.synergize.co/about-us,2026-09-07 05:29:12
http://imeldafruhwirth.is-best.net,404,Error_404,http://imeldafruhwirth.is-best.net/contact-us,2026-09-07 05:29:12
http://esperacuna.is-great.org,404,Error_404,http://esperacuna.is-great.org/about-us,2026-09-07 05:29:12
http://priscillaterry.wuaze.com,404,Error_404,http://priscillaterry.wuaze.com/contact-us,2026-09-07 05:29:12
http://republicthehogwarts.is-great.net,404,Error_404,http://republicthehogwarts.is-great.net/privacy-policy,2026-09-07 05:29:12
http://rosaparrish.wuaze.com,404,Error_404,http://rosaparrish.wuaze.com/about-us,2026-09-07 05:29:12
http://marleeconrad.wuaze.com,404,Error_404,http://marleeconrad.wuaze.com/privacy-policy,2026-09-07 05:29:12
http://williamcarboni.wuaze.com,404,Error_404,http://williamcarboni.wuaze.com/contact-us,2026-09-07 05:29:12
http://archerburnage.great-site.net,404,Error_404,http://archerburnage.great-site.net/privacy-policy,2026-09-07 05:29:12
http://sarketlonitor.great-site.net,404,Error_404,http://sarketlonitor.great-site.net/contact-us,2026-09-07 05:29:12
http://lindamathews.kesug.com,404,Error_404,http://lindamathews.kesug.com/contact-us,2026-09-07 05:29:12
http://shadowseeker.wuaze.com,404,Error_404,http://shadowseeker.wuaze.com/contact-us,2026-09-07 05:29:12
http://katietegg.is-best.net,0,Invalid/Down,N/A,2026-09-07 05:29:12
http://dancedusk.wuaze.com,404,Error_404,http://dancedusk.wuaze.com/about-us,2026-09-07 05:29:12
http://ahmadrader.wuaze.com,404,Error_404,http://ahmadrader.wuaze.com/contact-us,2026-09-07 05:29:12
http://declandalachy.is-great.org,0,Invalid/Down,N/A,2026-09-07 05:29:12
http://atlantasounder.great-site.net,404,Error_404,http://atlantasounder.great-site.net/contact-us,2026-09-07 05:29:12
http://connielapierre.is-best.net,404,Error_404,http://connielapierre.is-best.net/about-us,2026-09-07 05:29:12
http://henryhartman.is-great.net,404,Error_404,http://henryhartman.is-great.net/about-us,2026-09-07 05:29:12
http://jaisasimons.great-site.net,404,Error_404,http://jaisasimons.great-site.net/contact-us,2026-09-07 05:29:12
http://brockedge.is-best.net,404,Error_404,http://brockedge.is-best.net/,2026-09-07 05:29:12
http://rileyblake.great-site.net,404,Error_404,http://rileyblake.great-site.net/privacy-policy,2026-09-07 05:29:12
http://shilohcalde.kesug.com,404,Error_404,http://shilohcalde.kesug.com/contact-us,2026-09-07 05:29:12
http://albertovilla.is-great.net,404,Error_404,http://albertovilla.is-great.net/contact-us,2026-09-07 05:29:12
http://luellaherna.is-great.org,404,Error_404,http://luellaherna.is-great.org/about-us,2026-09-07 05:29:12
http://shadowscribe.is-best.net,404,Error_404,http://shadowscribe.is-best.net/privacy-policy,2026-09-07 05:29:12
http://horizondaily.wuaze.com/wp-admin,404,Error_404,http://horizondaily.wuaze.com/wp-admin/contact-us,2026-09-07 05:29:12
http://lucianalfaro.kesug.com,404,Error_404,http://lucianalfaro.kesug.com/about-us,2026-09-07 05:29:12
http://anaworrall.great-site.net,404,Error_404,http://anaworrall.great-site.net/about-us,2026-09-07 05:29:12
http://loisavila.is-best.net,404,Error_404,http://loisavila.is-best.net/privacy-policy,2026-09-07 05:29:12
http://tmarlerrober.great-site.net,404,Error_404,http://tmarlerrober.great-site.net/,2026-09-07 05:29:12
http://lionelnelson.is-best.net,404,Error_404,http://lionelnelson.is-best.net/contact-us,2026-09-07 05:29:12
http://davidsingh.kesug.com,404,Error_404,http://davidsingh.kesug.com/contact-us,2026-09-07 05:29:12
http://brightblaze.totalh.net,404,Error_404,http://brightblaze.totalh.net/,2026-09-07 05:29:12
http://prophetprint.wuaze.com,404,Error_404,http://prophetprint.wuaze.com/contact-us,2026-09-07 05:29:12
http://raymoncaldwe.kesug.com,404,Error_404,http://raymoncaldwe.kesug.com/about-us,2026-09-07 05:29:12
http://berenpaul.lovestoblog.com,404,Error_404,http://berenpaul.lovestoblog.com/,2026-09-07 05:29:12
http://adapham.lovestoblog.com,404,Error_404,http://adapham.lovestoblog.com/about-us,2026-09-07 05:29:12
http://kashtonbernard.iblogger.org,404,Error_404,http://kashtonbernard.iblogger.org/privacy-policy,2026-09-07 05:29:12
http://johnsonrichardson.iblogger.org,404,Error_404,http://johnsonrichardson.iblogger.org/privacy-policy,2026-09-07 05:29:12
http://joshuapoole.is-best.net,404,Error_404,http://joshuapoole.is-best.net/about-us,2026-09-07 05:29:12
http://marissarobert.great-site.net,404,Error_404,http://marissarobert.great-site.net/about-us,2026-09-07 05:29:12
http://buotientquill.nichesite.org,404,Error_404,http://buotientquill.nichesite.org/about-us,2026-09-07 05:29:12
http://crimsoncrest.wuaze.com,404,Error_404,http://crimsoncrest.wuaze.com/privacy-policy,2026-09-07 05:29:12
http://ezrabell.is-best.net,404,Error_404,http://ezrabell.is-best.net/contact-us,2026-09-07 05:29:12
http://pancraziolonghi.lovestoblog.com,404,Error_404,http://pancraziolonghi.lovestoblog.com/about-us,2026-09-07 05:29:12
http://brileyroche.iblogger.org,404,Error_404,http://brileyroche.iblogger.org/contact-us,2026-09-07 05:29:12
http://edgarparmar.iblogger.org,404,Error_404,http://edgarparmar.iblogger.org/,2026-09-07 05:29:12
http://markusmerrit.kesug.com,404,Error_404,http://markusmerrit.kesug.com/contact-us,2026-09-07 05:29:12
http://celestinapiras.wuaze.com,404,Error_404,http://celestinapiras.wuaze.com/about-us,2026-09-07 05:29:12
http://auntierecipes.great-site.net,404,Error_404,http://auntierecipes.great-site.net/privacy-policy,2026-09-07 05:29:12
http://jennifergodoy.kesug.com,404,Error_404,http://jennifergodoy.kesug.com/about-us,2026-09-07 05:29:12
http://samsonpage.is-great.net,404,Error_404,http://samsonpage.is-great.net/contact-us,2026-09-07 05:29:12
http://embereverlasting.wuaze.com,404,Error_404,http://embereverlasting.wuaze.com/about-us,2026-09-07 05:29:12
http://ernestineellis.lovestoblog.com,404,Error_404,http://ernestineellis.lovestoblog.com/contact-us,2026-09-07 05:29:12
http://ellisondejesus.kesug.com,404,Error_404,http://ellisondejesus.kesug.com/privacy-policy,2026-09-07 05:29:12
http://publicarizonare.is-best.net,404,Error_404,http://publicarizonare.is-best.net/contact-us,2026-09-07 05:29:12
http://dardanashehu.wuaze.com,404,Error_404,http://dardanashehu.wuaze.com/about-us,2026-09-07 05:29:12
http://defenderdusk.great-site.net,404,Error_404,http://defenderdusk.great-site.net/about-us,2026-09-07 05:29:12
http://trentonschmid.wuaze.com,404,Error_404,http://trentonschmid.wuaze.com/contact-us,2026-09-07 05:29:12
http://dwaynehutch.lovestoblog.com,404,Error_404,http://dwaynehutch.lovestoblog.com/,2026-09-07 05:29:12
http://bavierskinner.great-site.net,404,Error_404,http://bavierskinner.great-site.net/contact-us,2026-09-07 05:29:12
http://latashaosborne.kesug.com,404,Error_404,http://latashaosborne.kesug.com/contact-us,2026-09-07 05:29:12
http://charlotteobserver.great-site.net,404,Error_404,http://charlotteobserver.great-site.net/contact-us,2026-09-07 05:29:12
http://orianazanini.iblogger.org,404,Error_404,http://orianazanini.iblogger.org/contact-us,2026-09-07 05:29:12
http://warddaniel.iblogger.org,404,Error_404,http://warddaniel.iblogger.org/privacy-policy,2026-09-07 05:29:12
http://elsiecortez.wuaze.com,404,Error_404,http://elsiecortez.wuaze.com/privacy-policy,2026-09-07 05:29:12
http://ravifarr.is-great.net,404,Error_404,http://ravifarr.is-great.net/privacy-policy,2026-09-07 05:29:12
http://robertbaxter.great-site.net,404,Error_404,http://robertbaxter.great-site.net/privacy-policy,2026-09-07 05:29:12
http://newslejournal.wuaze.com,404,Error_404,http://newslejournal.wuaze.com/contact-us,2026-09-07 05:29:12
http://juanitamckee.iblogger.org,404,Error_404,http://juanitamckee.iblogger.org/contact-us,2026-09-07 05:29:12
http://delanielayman.kesug.com,404,Error_404,http://delanielayman.kesug.com/contact-us,2026-09-07 05:29:12
http://marcellajaslen.kesug.com,404,Error_404,http://marcellajaslen.kesug.com/privacy-policy,2026-09-07 05:29:12
http://lessiebooker.iblogger.org,404,Error_404,http://lessiebooker.iblogger.org/privacy-policy,2026-09-07 05:29:12
http://laurapapst.lovestoblog.com,404,Error_404,http://laurapapst.lovestoblog.com/privacy-policy,2026-09-07 05:29:12
http://antostark.is-great.net,404,Error_404,http://antostark.is-great.net/contact-us,2026-09-07 05:29:12
http://universetoday.totalh.net,404,Error_404,http://universetoday.totalh.net/about-us,2026-09-07 05:29:12
http://advocatethelogwarts.is-great.net,404,Error_404,http://advocatethelogwarts.is-great.net/about-us,2026-09-07 05:29:12
http://himalayanthetimes.fanclub.rocks,404,Suspended,https://suspended-domain.net/index.php?host=himalayanthetimes.fanclub.rocks,2026-09-07 05:29:12
http://elzbietascholz.great-site.net,404,Error_404,http://elzbietascholz.great-site.net/privacy-policy,2026-09-07 05:29:12
http://aidenjephcot.great-site.net,404,Suspended,https://suspended-domain.net/index.php?host=aidenjephcot.great-site.net,2026-09-07 05:29:12
http://stormcaller.kesug.com,404,Error_404,http://stormcaller.kesug.com/privacy-policy,2026-09-07 05:29:12
http://christinausterlitz.is-best.net,404,Error_404,http://christinausterlitz.is-best.net/about-us,2026-09-07 05:29:12
http://jakarihart.is-best.net,404,Error_404,http://jakarihart.is-best.net/privacy-policy,2026-09-07 05:29:12
http://margerymcgrath.is-best.net,404,Error_404,http://margerymcgrath.is-best.net/privacy-policy,2026-09-07 05:29:12
http://marvelmoonlit.my-board.org,404,Error_404,http://marvelmoonlit.my-board.org/privacy-policy,2026-09-07 05:29:12
http://jamalgrimes.lovestoblog.com,404,Error_404,http://jamalgrimes.lovestoblog.com/about-us,2026-09-07 05:29:12
http://rileycalvert.is-great.org,404,Error_404,http://rileycalvert.is-great.org/about-us,2026-09-07 05:29:12
http://sapphireshade.kesug.com,404,Error_404,http://sapphireshade.kesug.com/privacy-policy,2026-09-07 05:29:12
http://crimsoncrow.kesug.com,404,Suspended,https://suspended-domain.net/index.php?host=crimsoncrow.kesug.com,2026-09-07 05:29:12
http://yasminshah.is-best.net,404,Error_404,http://yasminshah.is-best.net/,2026-09-07 05:29:12
http://meecenewsdavid.wuaze.com,404,Error_404,http://meecenewsdavid.wuaze.com/about-us,2026-09-07 05:29:12
http://bloomblaze.kesug.com,404,Error_404,http://bloomblaze.kesug.com/privacy-policy,2026-09-07 05:29:12
http://mysticsoul.nichesite.org,404,Error_404,http://mysticsoul.nichesite.org/about-us,2026-09-07 05:29:12
http://aubriegoodwin.lovestoblog.com,404,Error_404,http://aubriegoodwin.lovestoblog.com/privacy-policy,2026-09-07 05:29:12
http://dailythemails.mydiscussion.net,404,Error_404,http://dailythemails.mydiscussion.net/privacy-policy,2026-09-07 05:29:12
http://louisawright.kesug.com,404,Error_404,http://louisawright.kesug.com/privacy-policy,2026-09-07 05:29:12
http://kamilaxiong.kesug.com,404,Error_404,http://kamilaxiong.kesug.com/contact-us,2026-09-07 05:29:12
http://attiretalknews.fanclub.rocks,404,Error_404,http://attiretalknews.fanclub.rocks/privacy-policy,2026-09-07 05:29:12
http://gamershornernews.is-best.net,404,Error_404,http://gamershornernews.is-best.net/privacy-policy,2026-09-07 05:29:12
http://angusmontford.is-great.org,404,Error_404,http://angusmontford.is-great.org/privacy-policy,2026-09-07 05:29:12
http://thenewssouthflorida.lovestoblog.com,404,Error_404,http://thenewssouthflorida.lovestoblog.com/about-us,2026-09-07 05:29:12
http://karabarajas.great-site.net,404,Error_404,http://karabarajas.great-site.net/contact-us,2026-09-07 05:29:12
http://raphaeldixon.iblogger.org,404,Error_404,http://raphaeldixon.iblogger.org/contact-us,2026-09-07 05:29:12
http://eliannalarsen.lovestoblog.com,404,Error_404,http://eliannalarsen.lovestoblog.com/privacy-policy,2026-09-07 05:29:12
http://zariakent.lovestoblog.com,404,Error_404,http://zariakent.lovestoblog.com/contact-us,2026-09-07 05:29:12
http://indigoleaf.nichesite.org,404,Error_404,http://indigoleaf.nichesite.org/contact-us,2026-09-07 05:29:12
http://lachlanwrench.is-great.org,404,Error_404,http://lachlanwrench.is-great.org/,2026-09-07 05:29:12
http://delilahlindsey.is-best.net,404,Error_404,http://delilahlindsey.is-best.net/privacy-policy,2026-09-07 05:29:12
http://asaluna.is-best.net,404,Error_404,http://asaluna.is-best.net/contact-us,2026-09-07 05:29:12
http://melvinacosta.iblogger.org,404,Error_404,http://melvinacosta.iblogger.org/privacy-policy,2026-09-07 05:29:12
http://catherinegomez.lovestoblog.com,404,Error_404,http://catherinegomez.lovestoblog.com/about-us,2026-09-07 05:29:12
http://blakeavery.is-best.net,404,Error_404,http://blakeavery.is-best.net/about-us,2026-09-07 05:29:12
http://everydaythecelebrity.mydiscussion.net,404,Error_404,http://everydaythecelebrity.mydiscussion.net/contact-us,2026-09-07 05:29:12
http://ecoobserver.great-site.net,404,Error_404,http://ecoobserver.great-site.net/contact-us,2026-09-07 05:29:12
http://ronicleestatech.is-great.net,404,Error_404,http://ronicleestatech.is-great.net/,2026-09-07 05:29:12
http://emanicooper.lovestoblog.com,404,Error_404,http://emanicooper.lovestoblog.com/about-us,2026-09-07 05:29:12
http://pedromayer.is-great.org,404,Error_404,http://pedromayer.is-great.org/privacy-policy,2026-09-07 05:29:12
http://melknapp.wuaze.com,404,Error_404,http://melknapp.wuaze.com/,2026-09-07 05:29:12
http://kenyastanley.lovestoblog.com,404,Error_404,http://kenyastanley.lovestoblog.com/privacy-policy,2026-09-07 05:29:12
http://rebekahlong.is-best.net,404,Error_404,http://rebekahlong.is-best.net/privacy-policy,2026-09-07 05:29:12
http://spencerhardin.wuaze.com,404,Error_404,http://spencerhardin.wuaze.com/privacy-policy,2026-09-07 05:29:12
http://abigailfinley.lovestoblog.com,404,Error_404,http://abigailfinley.lovestoblog.com/privacy-policy,2026-09-07 05:29:12
http://andrewrocha.is-best.net,404,Error_404,http://andrewrocha.is-best.net/privacy-policy,2026-09-07 05:29:12
http://juelzbenton.is-best.net,404,Error_404,http://juelzbenton.is-best.net/,2026-09-07 05:29:12
http://consueloclay.lovestoblog.com,404,Error_404,http://consueloclay.lovestoblog.com/contact-us,2026-09-07 05:29:12
http://kaysonknight.wuaze.com,404,Error_404,http://kaysonknight.wuaze.com/privacy-policy,2026-09-07 05:29:12
http://willowwanderer.great-site.net,404,Error_404,http://willowwanderer.great-site.net/about-us,2026-09-07 05:29:12
http://scoutmaxwell.lovestoblog.com,404,Error_404,http://scoutmaxwell.lovestoblog.com/contact-us,2026-09-07 05:29:12
http://spiritspectacle.wuaze.com,404,Error_404,http://spiritspectacle.wuaze.com/,2026-09-07 05:29:12
http://perscharttop.wuaze.com,404,Error_404,http://perscharttop.wuaze.com/contact-us,2026-09-07 05:29:12
http://dreamydrifter.iblogger.org,404,Error_404,http://dreamydrifter.iblogger.org/privacy-policy,2026-09-07 05:29:12
http://irisstephenson.lovestoblog.com,404,Error_404,http://irisstephenson.lovestoblog.com/,2026-09-07 05:29:12
http://hgentanalysis.is-best.net,404,Error_404,http://hgentanalysis.is-best.net/privacy-policy,2026-09-07 05:29:12
http://epicenterthenews.lovestoblog.com,404,Error_404,http://epicenterthenews.lovestoblog.com/about-us,2026-09-07 05:29:12
http://amarahaynes.great-site.net,404,Error_404,http://amarahaynes.great-site.net/contact-us,2026-09-07 05:29:12
http://thronethunder.wuaze.com,404,Error_404,http://thronethunder.wuaze.com/contact-us,2026-09-07 05:29:12
http://floralewis.is-great.net,404,Error_404,http://floralewis.is-great.net/about-us,2026-09-07 05:29:12
http://byronhinton.is-great.net,404,Error_404,http://byronhinton.is-great.net/contact-us,2026-09-07 05:29:12
http://elaineabbott.kesug.com,404,Error_404,http://elaineabbott.kesug.com/about-us,2026-09-07 05:29:12
http://vibrantbisionary.my-board.org,404,Error_404,http://vibrantbisionary.my-board.org/privacy-policy,2026-09-07 05:29:12
http://kathedixon.kesug.com,404,Error_404,http://kathedixon.kesug.com/about-us,2026-09-07 05:29:12
http://danielasher.is-great.org,404,Error_404,http://danielasher.is-great.org/about-us,2026-09-07 05:29:12
http://ottostark.is-great.net,404,Error_404,http://ottostark.is-great.net/contact-us,2026-09-07 05:29:12
http://antonioreiter.is-best.net,404,Error_404,http://antonioreiter.is-best.net/privacy-policy,2026-09-07 05:29:12
http://novamomado.fast-page.org,404,Error_404,http://novamomado.fast-page.org/privacy-policy,2026-09-07 05:29:12
http://idafischer.iblogger.org,404,Error_404,http://idafischer.iblogger.org/contact-us,2026-09-07 05:29:12
http://roselynparrish.lovestoblog.com,404,Error_404,http://roselynparrish.lovestoblog.com/about-us,2026-09-07 05:29:12
http://natewills.is-best.net,404,Error_404,http://natewills.is-best.net/about-us,2026-09-07 05:29:12
http://susannakelly.kesug.com,404,Error_404,http://susannakelly.kesug.com/privacy-policy,2026-09-07 05:29:12
http://sheliabates.is-great.net,404,Error_404,http://sheliabates.is-great.net/about-us,2026-09-07 05:29:12
http://jaydencoveny.is-best.net,404,Error_404,http://jaydencoveny.is-best.net/privacy-policy,2026-09-07 05:29:12
http://blakecameron.is-great.net,404,Error_404,http://blakecameron.is-great.net/contact-us,2026-09-07 05:29:12
http://fogfireand.lovestoblog.com,404,Error_404,http://fogfireand.lovestoblog.com/contact-us,2026-09-07 05:29:12
http://luisbalderrama.is-best.net,404,Error_404,http://luisbalderrama.is-best.net/about-us,2026-09-07 05:29:12
http://tristancotter.kesug.com,404,Error_404,http://tristancotter.kesug.com/privacy-policy,2026-09-07 05:29:12
http://cameronpinnock.great-site.net,404,Error_404,http://cameronpinnock.great-site.net/contact-us,2026-09-07 05:29:12
http://ignacioquigley.great-site.net,404,Error_404,http://ignacioquigley.great-site.net/contact-us,2026-09-07 05:29:12
http://carlacardinali.is-great.net,404,Error_404,http://carlacardinali.is-great.net/about-us,2026-09-07 05:29:12
http://cathryncantrell.is-best.net,404,Error_404,http://cathryncantrell.is-best.net/contact-us,2026-09-07 05:29:12
http://dailychinanews.loveslife.biz,404,Error_404,http://dailychinanews.loveslife.biz/privacy-policy,2026-09-07 05:29:12
http://bellasharland.is-best.net,404,Suspended,https://suspended-domain.net/index.php?host=bellasharland.is-best.net,2026-09-07 05:29:12
http://heraldharbor.great-site.net,404,Error_404,http://heraldharbor.great-site.net/about-us,2026-09-07 05:29:12
http://lincolnskirving.is-best.net,404,Error_404,http://lincolnskirving.is-best.net/contact-us,2026-09-07 05:29:12
http://vouturemorner.synergize.co,404,Error_404,http://vouturemorner.synergize.co/about-us,2026-09-07 05:29:12
http://joneslittle.is-great.net,404,Error_404,http://joneslittle.is-great.net/privacy-policy,2026-09-07 05:29:12
http://thomashowarth.is-great.net,404,Error_404,http://thomashowarth.is-great.net/,2026-09-07 05:29:12
http://archerleigh.wuaze.com,404,Error_404,http://archerleigh.wuaze.com/about-us,2026-09-07 05:29:12
http://printprophet.great-site.net,404,Error_404,http://printprophet.great-site.net/about-us,2026-09-07 05:29:12
http://haydenmalone.iblogger.org,404,Error_404,http://haydenmalone.iblogger.org/privacy-policy,2026-09-07 05:29:12
http://glorynews.kesug.com,404,Error_404,http://glorynews.kesug.com/about-us,2026-09-07 05:29:12
http://maxlester.iblogger.org,404,Error_404,http://maxlester.iblogger.org/privacy-policy,2026-09-07 05:29:12
http://luisahutson.kesug.com,404,Error_404,http://luisahutson.kesug.com/contact-us,2026-09-07 05:29:12
http://elyssacady.iblogger.org,404,Error_404,http://elyssacady.iblogger.org/privacy-policy,2026-09-07 05:29:12
http://astralaura.great-site.net,404,Error_404,http://astralaura.great-site.net/privacy-policy,2026-09-07 05:29:12
http://jorporatecrunch.wuaze.com/wp-admin,404,Error_404,http://jorporatecrunch.wuaze.com/wp-admin/contact-us,2026-09-07 05:29:12
http://benstodard.fanclub.rocks,404,Error_404,http://benstodard.fanclub.rocks/contact-us,2026-09-07 05:29:12
http://hugojurado.wuaze.com,404,Error_404,http://hugojurado.wuaze.com/contact-us,2026-09-07 05:29:12
http://juliannemartinez.iblogger.org,404,Error_404,http://juliannemartinez.iblogger.org/contact-us,2026-09-07 05:29:12
http://defendedream.nichesite.org,404,Error_404,http://defendedream.nichesite.org/about-us,2026-09-07 05:29:12
http://peterdanielson.is-great.net,404,Error_404,http://peterdanielson.is-great.net/contact-us,2026-09-07 05:29:12
http://ibrahimander.is-best.net,404,Error_404,http://ibrahimander.is-best.net/about-us,2026-09-07 05:29:12
http://mylesorozco.is-best.net,404,Error_404,http://mylesorozco.is-best.net/privacy-policy,2026-09-07 05:29:12
http://huntercatchpole.loveslife.biz,404,Error_404,http://huntercatchpole.loveslife.biz/contact-us,2026-09-07 05:29:12
http://briarbautista.is-best.net,404,Error_404,http://briarbautista.is-best.net/about-us,2026-09-07 05:29:12
http://margarwade.iblogger.org,404,Error_404,http://margarwade.iblogger.org/about-us,2026-09-07 05:29:12
http://marioberger.kesug.com,404,Error_404,http://marioberger.kesug.com/privacy-policy,2026-09-07 05:29:12
http://karenswanson.is-best.net,404,Error_404,http://karenswanson.is-best.net/contact-us,2026-09-07 05:29:12
http://faithconrad.kesug.com,404,Error_404,http://faithconrad.kesug.com/contact-us,2026-09-07 05:29:12
http://leoetheridge.is-great.org,404,Error_404,http://leoetheridge.is-great.org/,2026-09-07 05:29:12
http://isaacmoulton.is-great.net,404,Suspended,https://suspended-domain.net/index.php?host=isaacmoulton.is-great.net,2026-09-07 05:29:12
http://pierurso.is-best.net,404,Error_404,http://pierurso.is-best.net/contact-us,2026-09-07 05:29:12
http://salenahull.great-site.net,404,Error_404,http://salenahull.great-site.net/about-us,2026-09-07 05:29:12
http://emerybarron.great-site.net,404,Error_404,http://emerybarron.great-site.net/,2026-09-07 05:29:12
http://jacksonsymes.is-great.net,404,Error_404,http://jacksonsymes.is-great.net/about-us,2026-09-07 05:29:12
http://jayferguson.lovestoblog.com,404,Error_404,http://jayferguson.lovestoblog.com/contact-us,2026-09-07 05:29:12
http://lynnetatkins.is-great.org,404,Error_404,http://lynnetatkins.is-great.org/about-us,2026-09-07 05:29:12
http://jovannitrejo.wuaze.com,404,Error_404,http://jovannitrejo.wuaze.com/privacy-policy,2026-09-07 05:29:12
http://louellapratt.great-site.net,404,Error_404,http://louellapratt.great-site.net/about-us,2026-09-07 05:29:12
http://newstimesseattle.is-great.org,404,Error_404,http://newstimesseattle.is-great.org/about-us,2026-09-07 05:29:12
http://chloezhu.infy.uk,0,Invalid/Down,N/A,2026-09-07 05:29:12
http://jamarcusqueen.lovestoblog.com,404,Error_404,http://jamarcusqueen.lovestoblog.com/contact-us,2026-09-07 05:29:12
http://milodowns.iblogger.org,404,Error_404,http://milodowns.iblogger.org/privacy-policy,2026-09-07 05:29:12
http://inesbachmeier.is-great.org,404,Error_404,http://inesbachmeier.is-great.org/contact-us,2026-09-07 05:29:12
http://enigmaticentity.iblogger.org,404,Error_404,http://enigmaticentity.iblogger.org/privacy-policy,2026-09-07 05:29:12
http://mariacurrie.is-best.net,404,Error_404,http://mariacurrie.is-best.net/about-us,2026-09-07 05:29:12
http://blaynenevarez.likesyou.org,404,Error_404,http://blaynenevarez.likesyou.org/privacy-policy,2026-09-07 05:29:12
http://summermatthews.is-best.net,404,Error_404,http://summermatthews.is-best.net/contact-us,2026-09-07 05:29:12
http://belencameron.kesug.com,404,Error_404,http://belencameron.kesug.com/privacy-policy,2026-09-07 05:29:12
http://shanoncasper.iblogger.org,404,Error_404,http://shanoncasper.iblogger.org/about-us,2026-09-07 05:29:12
http://independentnews.is-great.org,404,Error_404,http://independentnews.is-great.org/about-us,2026-09-07 05:29:12
http://lisadonato.kesug.com,404,Error_404,http://lisadonato.kesug.com/about-us,2026-09-07 05:29:12
http://joeyhood.great-site.net,404,Error_404,http://joeyhood.great-site.net/privacy-policy,2026-09-07 05:29:12
http://ingridcyr.lovestoblog.com,404,Error_404,http://ingridcyr.lovestoblog.com/about-us,2026-09-07 05:29:12
http://marcelsteele.is-great.net,404,Error_404,http://marcelsteele.is-great.net/contact-us,2026-09-07 05:29:12
http://richardson.great-site.net,404,Error_404,http://richardson.great-site.net/about-us,2026-09-07 05:29:12
http://monicaspears.great-site.net,404,Error_404,http://monicaspears.great-site.net/privacy-policy,2026-09-07 05:29:12
http://benjamineades.is-best.net,404,Error_404,http://benjamineades.is-best.net/about-us,2026-09-07 05:29:12
http://maribelparso.lovestoblog.com,404,Error_404,http://maribelparso.lovestoblog.com/contact-us,2026-09-07 05:29:12
http://stuartosborn.iblogger.org,404,Error_404,http://stuartosborn.iblogger.org/about-us,2026-09-07 05:29:12
http://elenadalla.is-best.net,404,Error_404,http://elenadalla.is-best.net/privacy-policy,2026-09-07 05:29:12
http://dionnecobb.iblogger.org,0,Invalid/Down,N/A,2026-09-07 05:29:12
http://kaitlynmyers.wuaze.com,404,Error_404,http://kaitlynmyers.wuaze.com/contact-us,2026-09-07 05:29:12
http://jordanwong.lovestoblog.com,404,Error_404,http://jordanwong.lovestoblog.com/about-us,2026-09-07 05:29:12
http://clintosborne.kesug.com,404,Error_404,http://clintosborne.kesug.com/privacy-policy,2026-09-07 05:29:12
http://cramentobesa.great-site.net,404,Error_404,http://cramentobesa.great-site.net/about-us,2026-09-07 05:29:12
http://andreapeake.is-great.net,404,Error_404,http://andreapeake.is-great.net/contact-us,2026-09-07 05:29:12
http://spectersunlit.my-style.in,404,Error_404,http://spectersunlit.my-style.in/contact-us,2026-09-07 05:29:12
http://sharrongates.lovestoblog.com,404,Error_404,http://sharrongates.lovestoblog.com/contact-us,2026-09-07 05:29:12
http://arcticalchemist.my-board.org,404,Error_404,http://arcticalchemist.my-board.org/contact-us,2026-09-07 05:29:12
http://charmchicnews.wuaze.com,404,Error_404,http://charmchicnews.wuaze.com/privacy-policy,2026-09-07 05:29:12
http://novanomad.great-site.net,404,Error_404,http://novanomad.great-site.net/privacy-policy,2026-09-07 05:29:12
http://khalaniwebster.lovestoblog.com,404,Error_404,http://khalaniwebster.lovestoblog.com/privacy-policy,2026-09-07 05:29:12
http://rhysmay.iblogger.org,404,Error_404,http://rhysmay.iblogger.org/about-us,2026-09-07 05:29:12
http://makaylarosario.iblogger.org,404,Error_404,http://makaylarosario.iblogger.org/contact-us,2026-09-07 05:29:12
http://joshbuckley.lovestoblog.com,404,Error_404,http://joshbuckley.lovestoblog.com/about-us,2026-09-07 05:29:12
http://herberstanton.is-best.net,404,Error_404,http://herberstanton.is-best.net/,2026-09-07 05:29:12
http://jacksonlazzarini.is-best.net,404,Error_404,http://jacksonlazzarini.is-best.net/contact-us,2026-09-07 05:29:12
http://julianmac.wuaze.com,404,Error_404,http://julianmac.wuaze.com/contact-us,2026-09-07 05:29:12
http://inessta.iblogger.org,404,Error_404,http://inessta.iblogger.org/privacy-policy,2026-09-07 05:29:12
http://trendtales.great-site.net,404,Error_404,http://trendtales.great-site.net/,2026-09-07 05:29:12
http://ameliemalkus.great-site.net,404,Error_404,http://ameliemalkus.great-site.net/privacy-policy,2026-09-07 05:29:12
http://randjarami.is-best.net,404,Error_404,http://randjarami.is-best.net/about-us,2026-09-07 05:29:12
http://lillianhudson.wuaze.com,404,Error_404,http://lillianhudson.wuaze.com/contact-us,2026-09-07 05:29:12
http://thisweekthesogwarts.totalh.net,404,Error_404,http://thisweekthesogwarts.totalh.net/privacy-policy,2026-09-07 05:29:12
http://elliottwinter.wuaze.com,404,Error_404,http://elliottwinter.wuaze.com/contact-us,2026-09-07 05:29:12
http://rydertivey.great-site.net,404,Error_404,http://rydertivey.great-site.net/,2026-09-07 05:29:12
http://jayleenmeek.kesug.com,404,Error_404,http://jayleenmeek.kesug.com/privacy-policy,2026-09-07 05:29:12
http://jakegalvin.is-best.net,404,Error_404,http://jakegalvin.is-best.net/privacy-policy,2026-09-07 05:29:12
http://gerardaamadori.wuaze.com,404,Error_404,http://gerardaamadori.wuaze.com/about-us,2026-09-07 05:29:12
http://coltenschaefer.iblogger.org,404,Error_404,http://coltenschaefer.iblogger.org/contact-us,2026-09-07 05:29:12
http://shannonhansen.iblogger.org,404,Error_404,http://shannonhansen.iblogger.org/about-us,2026-09-07 05:29:12
http://deisyintosh.iblogger.org,404,Error_404,http://deisyintosh.iblogger.org/contact-us,2026-09-07 05:29:12
http://violetibarra.wuaze.com,404,Error_404,http://violetibarra.wuaze.com/about-us,2026-09-07 05:29:12
http://pattydeleon.is-best.net,404,Error_404,http://pattydeleon.is-best.net/privacy-policy,2026-09-07 05:29:12
http://conniemanning.iblogger.org,404,Error_404,http://conniemanning.iblogger.org/contact-us,2026-09-07 05:29:12
http://sunlitshadow.nichesite.org,404,Suspended,https://suspended-domain.net/index.php?host=sunlitshadow.nichesite.org,2026-09-07 05:29:12
http://sonyajobin.wuaze.com,404,Error_404,http://sonyajobin.wuaze.com/contact-us,2026-09-07 05:29:12
http://owenyoung.iblogger.org,404,Error_404,http://owenyoung.iblogger.org/privacy-policy,2026-09-07 05:29:12
http://ferencevan.is-great.org,404,Error_404,http://ferencevan.is-great.org/contact-us,2026-09-07 05:29:12
http://tonibrandt.iblogger.org,404,Error_404,http://tonibrandt.iblogger.org/privacy-policy,2026-09-07 05:29:12
http://sentinelcivic.fast-page.org,404,Error_404,http://sentinelcivic.fast-page.org/about-us,2026-09-07 05:29:12
http://wolfgangherrmann.is-great.net,404,Error_404,http://wolfgangherrmann.is-great.net/about-us,2026-09-07 05:29:12
http://blazebrilliance.kesug.com,404,Error_404,http://blazebrilliance.kesug.com/contact-us,2026-09-07 05:29:12
http://josefgibson.lovestoblog.com,404,Error_404,http://josefgibson.lovestoblog.com/about-us,2026-09-07 05:29:12
http://oceanodyssey.nichesite.org,404,Error_404,http://oceanodyssey.nichesite.org/contact-us,2026-09-07 05:29:12
http://kaisonpage.iblogger.org,404,Error_404,http://kaisonpage.iblogger.org/contact-us,2026-09-07 05:29:12
http://newyorkpost.kesug.com,404,Error_404,http://newyorkpost.kesug.com/about-us,2026-09-07 05:29:12
http://gulfthetimes.my-style.in,404,Error_404,http://gulfthetimes.my-style.in/contact-us,2026-09-07 05:29:12
http://kiaanwall.is-best.net,404,Error_404,http://kiaanwall.is-best.net/contact-us,2026-09-07 05:29:12
http://maxculpepper.is-great.net,404,Error_404,http://maxculpepper.is-great.net/contact-us,2026-09-07 05:29:12
http://giaparks.wuaze.com,404,Error_404,http://giaparks.wuaze.com/privacy-policy,2026-09-07 05:29:12
http://helenemueller.kesug.com,404,Error_404,http://helenemueller.kesug.com/privacy-policy,2026-09-07 05:29:12
http://patriothogwarts.lovestoblog.com,404,Error_404,http://patriothogwarts.lovestoblog.com/about-us,2026-09-07 05:29:12
http://willsencoldham.is-best.net,404,Error_404,http://willsencoldham.is-best.net/about-us,2026-09-07 05:29:12
http://matildamoran.great-site.net,404,Error_404,http://matildamoran.great-site.net/contact-us,2026-09-07 05:29:12
http://jazmineconrad.kesug.com,404,Error_404,http://jazmineconrad.kesug.com/privacy-policy,2026-09-07 05:29:12
http://dailyenquirer.likesyou.org,404,Error_404,http://dailyenquirer.likesyou.org/about-us,2026-09-07 05:29:12
http://oceanicoasis.is-great.net,404,Error_404,http://oceanicoasis.is-great.net/privacy-policy,2026-09-07 05:29:12
http://ashermalone.is-best.net,404,Error_404,http://ashermalone.is-best.net/about-us,2026-09-07 05:29:12
http://voicekhannews.synergize.co,404,Error_404,http://voicekhannews.synergize.co/privacy-policy,2026-09-07 05:29:12
http://tysonhirschfeld.great-site.net,404,Error_404,http://tysonhirschfeld.great-site.net/contact-us,2026-09-07 05:29:12
http://annamenard.great-site.net,404,Error_404,http://annamenard.great-site.net/privacy-policy,2026-09-07 05:29:12
http://embereclips.kesug.com,404,Error_404,http://embereclips.kesug.com/privacy-policy,2026-09-07 05:29:12
http://wendyblankenship.is-great.net,404,Error_404,http://wendyblankenship.is-great.net/contact-us,2026-09-07 05:29:12
http://elisabmadsen.gamer.gd,0,Invalid/Down,N/A,2026-09-07 05:29:12
http://gottliebbrunner.lovestoblog.com,404,Error_404,http://gottliebbrunner.lovestoblog.com/about-us,2026-09-07 05:29:12
http://samuelponce.wuaze.com,404,Error_404,http://samuelponce.wuaze.com/about-us,2026-09-07 05:29:12
http://loiserickson.great-site.net,404,Error_404,http://loiserickson.great-site.net/privacy-policy,2026-09-07 05:29:12
http://darrenmagana.lovestoblog.com,404,Error_404,http://darrenmagana.lovestoblog.com/about-us,2026-09-07 05:29:12
http://beatnewsbiz.kesug.com,404,Error_404,http://beatnewsbiz.kesug.com/contact-us,2026-09-07 05:29:12
http://martinametzler.great-site.net,404,Error_404,http://martinametzler.great-site.net/privacy-policy,2026-09-07 05:29:12
http://whisperingwisp.kesug.com,404,Error_404,http://whisperingwisp.kesug.com/about-us,2026-09-07 05:29:12
http://ashlilin.iblogger.org,404,Error_404,http://ashlilin.iblogger.org/privacy-policy,2026-09-07 05:29:12
http://eclipseenigma.great-site.net,404,Error_404,http://eclipseenigma.great-site.net/privacy-policy,2026-09-07 05:29:12
http://avanewton.wuaze.com,404,Error_404,http://avanewton.wuaze.com/contact-us,2026-09-07 05:29:12
http://willowwisp.is-great.net,404,Error_404,http://willowwisp.is-great.net/privacy-policy,2026-09-07 05:29:12
http://bakersparks.is-best.net,404,Error_404,http://bakersparks.is-best.net/contact-us,2026-09-07 05:29:12
http://jondough.is-great.net,404,Error_404,http://jondough.is-great.net/about-us,2026-09-07 05:29:12
http://azraelmonroe.is-great.net,404,Error_404,http://azraelmonroe.is-great.net/about-us,2026-09-07 05:29:12
http://josiahortiz.is-great.net,404,Error_404,http://josiahortiz.is-great.net/about-us,2026-09-07 05:29:12
http://theatlantamirror.mydiscussion.net,404,Error_404,http://theatlantamirror.mydiscussion.net/,2026-09-07 05:29:12
http://catherinesanti.great-site.net,404,Error_404,http://catherinesanti.great-site.net/about-us,2026-09-07 05:29:12
http://brightblaze.iblogger.org,404,Error_404,http://brightblaze.iblogger.org/contact-us,2026-09-07 05:29:12
http://daythecolorado.talk4fun.net,404,Error_404,http://daythecolorado.talk4fun.net/,2026-09-07 05:29:12
http://robertavargas.iblogger.org,404,Error_404,http://robertavargas.iblogger.org/about-us,2026-09-07 05:29:12
http://mariucciabarbato.kesug.com,404,Error_404,http://mariucciabarbato.kesug.com/about-us,2026-09-07 05:29:12
http://mohammadcollier.iblogger.org,404,Error_404,http://mohammadcollier.iblogger.org/privacy-policy,2026-09-07 05:29:12
http://louisehall.wuaze.com,404,Error_404,http://louisehall.wuaze.com/about-us,2026-09-07 05:29:12
http://robertocleary.kesug.com,404,Error_404,http://robertocleary.kesug.com/privacy-policy,2026-09-07 05:29:12
http://monicadavid.is-best.net,404,Error_404,http://monicadavid.is-best.net/privacy-policy,2026-09-07 05:29:12
http://charlesburnett.is-best.net,404,Error_404,http://charlesburnett.is-best.net/privacy-policy,2026-09-07 05:29:12
http://alenaheinz.great-site.net,404,Error_404,http://alenaheinz.great-site.net/contact-us,2026-09-07 05:29:12
http://anyaavalos.great-site.net,404,Error_404,http://anyaavalos.great-site.net/contact-us,2026-09-07 05:29:12
http://dreamdynamo.is-great.net,404,Error_404,http://dreamdynamo.is-great.net/privacy-policy,2026-09-07 05:29:12
http://alexanderpeel.great-site.net,404,Error_404,http://alexanderpeel.great-site.net/contact-us,2026-09-07 05:29:12
http://dennisschweizer.great-site.net,404,Error_404,http://dennisschweizer.great-site.net/privacy-policy,2026-09-07 05:29:12
http://calebgresham.is-great.org,404,Error_404,http://calebgresham.is-great.org/privacy-policy,2026-09-07 05:29:12
http://dianahanna.lovestoblog.com,404,Error_404,http://dianahanna.lovestoblog.com/about-us,2026-09-07 05:29:12
http://deancolebatch.kesug.com,404,Error_404,http://deancolebatch.kesug.com/privacy-policy,2026-09-07 05:29:12
http://shantidibra.is-great.net,404,Error_404,http://shantidibra.is-great.net/contact-us,2026-09-07 05:29:12
http://islachaffey.is-great.org,404,Error_404,http://islachaffey.is-great.org/privacy-policy,2026-09-07 05:29:12
http://nedramsey.is-best.net,404,Error_404,http://nedramsey.is-best.net/privacy-policy,2026-09-07 05:29:12
http://stephaniebell.is-great.net,404,Error_404,http://stephaniebell.is-great.net/privacy-policy,2026-09-07 05:29:12
http://blissblaze.is-best.net,404,Error_404,http://blissblaze.is-best.net/privacy-policy,2026-09-07 05:29:12
http://maxjacobs.is-great.net,404,Error_404,http://maxjacobs.is-great.net/about-us,2026-09-07 05:29:12
http://blazebright.kesug.com,404,Error_404,http://blazebright.kesug.com/contact-us,2026-09-07 05:29:12
http://rasheedgraf.is-best.net,404,Error_404,http://rasheedgraf.is-best.net/privacy-policy,2026-09-07 05:29:12
http://backstreams.lovestoblog.com,404,Error_404,http://backstreams.lovestoblog.com/contact-us,2026-09-07 05:29:12
http://teagooden.kesug.com,404,Error_404,http://teagooden.kesug.com/privacy-policy,2026-09-07 05:29:12
http://christinschreiner.lovestoblog.com,404,Error_404,http://christinschreiner.lovestoblog.com/contact-us,2026-09-07 05:29:12
http://quincywither.kesug.com,404,Error_404,http://quincywither.kesug.com/about-us,2026-09-07 05:29:12
http://zhurimoon.kesug.com,0,Invalid/Down,N/A,2026-09-07 05:29:12
http://myranixon.great-site.net,404,Error_404,http://myranixon.great-site.net/privacy-policy,2026-09-07 05:29:12
http://lorisgiorgio.kesug.com,404,Error_404,http://lorisgiorgio.kesug.com/contact-us,2026-09-07 05:29:12
http://utabaier.wuaze.com,404,Error_404,http://utabaier.wuaze.com/about-us,2026-09-07 05:29:12
http://mathildalarsen.great-site.net,404,Error_404,http://mathildalarsen.great-site.net/contact-us,2026-09-07 05:29:12
http://isabellebullock.kesug.com,404,Error_404,http://isabellebullock.kesug.com/about-us,2026-09-07 05:29:12
http://blissblaze.nichesite.org,404,Error_404,http://blissblaze.nichesite.org/contact-us,2026-09-07 05:29:12
http://astridosorio.lovestoblog.com,404,Error_404,http://astridosorio.lovestoblog.com/privacy-policy,2026-09-07 05:29:12
http://loonmystical.loveslife.biz,404,Error_404,http://loonmystical.loveslife.biz/about-us,2026-09-07 05:29:12
http://wyattbennett.kesug.com,404,Error_404,http://wyattbennett.kesug.com/privacy-policy,2026-09-07 05:29:12
http://wardvelaz.is-great.net,404,Error_404,http://wardvelaz.is-great.net/privacy-policy,2026-09-07 05:29:12
http://oceanodyssey.is-best.net,404,Error_404,http://oceanodyssey.is-best.net/contact-us,2026-09-07 05:29:12
http://dorothyfrancis.kesug.com,404,Error_404,http://dorothyfrancis.kesug.com/privacy-policy,2026-09-07 05:29:12
http://serenestorm.is-best.net,404,Error_404,http://serenestorm.is-best.net/about-us,2026-09-07 05:29:12
http://bpicenternews.wuaze.com/wp-admin,404,Error_404,http://bpicenternews.wuaze.com/wp-admin/contact-us,2026-09-07 05:29:12
http://janinalowe.great-site.net,404,Error_404,http://janinalowe.great-site.net/privacy-policy,2026-09-07 05:29:12
http://furbercoperle.is-best.net,404,Error_404,http://furbercoperle.is-best.net/about-us,2026-09-07 05:29:12
http://adrianbock.is-great.org,404,Error_404,http://adrianbock.is-great.org/privacy-policy,2026-09-07 05:29:12
http://adriennecain.is-great.net,404,Error_404,http://adriennecain.is-great.net/about-us,2026-09-07 05:29:12
http://weslowery.iblogger.org,404,Error_404,http://weslowery.iblogger.org/contact-us,2026-09-07 05:29:12
http://marencaldwell.kesug.com,404,Error_404,http://marencaldwell.kesug.com/privacy-policy,2026-09-07 05:29:12
http://madeleinepotter.great-site.net,404,Error_404,http://madeleinepotter.great-site.net/about-us,2026-09-07 05:29:12
http://arcticartisan.is-great.net,404,Error_404,http://arcticartisan.is-great.net/privacy-policy,2026-09-07 05:29:12
http://morningthetider.great-site.net,404,Error_404,http://morningthetider.great-site.net/about-us,2026-09-07 05:29:12
http://mariaanna.is-best.net,404,Error_404,http://mariaanna.is-best.net/about-us,2026-09-07 05:29:12
http://newsthevision.lovestoblog.com/wp-admin,404,Suspended,https://suspended-domain.net/index.php?host=newsthevision.lovestoblog.com,2026-09-07 05:29:12
http://gianniho.is-best.net,404,Error_404,http://gianniho.is-best.net/contact-us,2026-09-07 05:29:12
http://zakchavez.iblogger.org,404,Error_404,http://zakchavez.iblogger.org/privacy-policy,2026-09-07 05:29:12
http://dejoncowan.lovestoblog.com,404,Error_404,http://dejoncowan.lovestoblog.com/about-us,2026-09-07 05:29:12
http://drakeowens.is-best.net,404,Error_404,http://drakeowens.is-best.net/privacy-policy,2026-09-07 05:29:12
http://sartorialsplendor.nichesite.org/wp-admin,404,Error_404,http://sartorialsplendor.nichesite.org/wp-admin/privacy-policy,2026-09-07 05:29:12
http://harrisdouglas.lovestoblog.com,404,Error_404,http://harrisdouglas.lovestoblog.com/privacy-policy,2026-09-07 05:29:12
http://lexiknox.kesug.com,404,Error_404,http://lexiknox.kesug.com/privacy-policy,2026-09-07 05:29:12
http://donavanembry.is-best.net,404,Error_404,http://donavanembry.is-best.net/about-us,2026-09-07 05:29:12
http://ahmadweaver.is-great.net,404,Error_404,http://ahmadweaver.is-great.net/about-us,2026-09-07 05:29:12
http://oceanoracl.nichesite.org,404,Error_404,http://oceanoracl.nichesite.org/about-us,2026-09-07 05:29:12
http://carolemilner.wuaze.com,404,Error_404,http://carolemilner.wuaze.com/privacy-policy,2026-09-07 05:29:12
http://oakleynava.iblogger.org,404,Error_404,http://oakleynava.iblogger.org/contact-us,2026-09-07 05:29:12
http://teodoroserrano.wuaze.com,404,Error_404,http://teodoroserrano.wuaze.com/privacy-policy,2026-09-07 05:29:12
http://jeffreyes.great-site.net,404,Error_404,http://jeffreyes.great-site.net/about-us,2026-09-07 05:29:12
http://echoetherea.is-best.net,404,Error_404,http://echoetherea.is-best.net/privacy-policy,2026-09-07 05:29:12
http://jeanclaude.wuaze.com,404,Error_404,http://jeanclaude.wuaze.com/privacy-policy,2026-09-07 05:29:12
http://petergerber.great-site.net,404,Error_404,http://petergerber.great-site.net/about-us,2026-09-07 05:29:12
http://cassandpurdy.is-best.net,404,Error_404,http://cassandpurdy.is-best.net/contact-us,2026-09-07 05:29:12
http://barbarataylor.kesug.com,404,Error_404,http://barbarataylor.kesug.com/,2026-09-07 05:29:12
http://evanbelisle.is-great.net,404,Error_404,http://evanbelisle.is-great.net/contact-us,2026-09-07 05:29:12
http://connoravery.is-best.net,404,Error_404,http://connoravery.is-best.net/contact-us,2026-09-07 05:29:12
http://janekklinger.kesug.com,404,Error_404,http://janekklinger.kesug.com/about-us,2026-09-07 05:29:12
http://jesswilkinson.wuaze.com,404,Error_404,http://jesswilkinson.wuaze.com/privacy-policy,2026-09-07 05:29:12
http://annewagor.is-great.net,404,Error_404,http://annewagor.is-great.net/about-us,2026-09-07 05:29:12
http://brooksmullins.is-best.net,404,Error_404,http://brooksmullins.is-best.net/about-us,2026-09-07 05:29:12
http://johnbush.is-great.org,404,Error_404,http://johnbush.is-great.org/,2026-09-07 05:29:12
http://demicant.great-site.net,404,Error_404,http://demicant.great-site.net/privacy-policy,2026-09-07 05:29:12
http://harleyacosta.great-site.net,404,Error_404,http://harleyacosta.great-site.net/about-us,2026-09-07 05:29:12
http://gordnorman.iblogger.org,404,Error_404,http://gordnorman.iblogger.org/about-us,2026-09-07 05:29:12
http://glamourguide.mydiscussion.net,404,Error_404,http://glamourguide.mydiscussion.net/privacy-policy,2026-09-07 05:29:12
http://roryrumpf.great-site.net,404,Error_404,http://roryrumpf.great-site.net/about-us,2026-09-07 05:29:12
http://macksmith.is-best.net,404,Error_404,http://macksmith.is-best.net/contact-us,2026-09-07 05:29:12
http://blazebliss.talk4fun.net,404,Suspended,https://suspended-domain.net/index.php?host=blazebliss.talk4fun.net,2026-09-07 05:29:12
http://twilighttranquility.is-great.net,404,Error_404,http://twilighttranquility.is-great.net/privacy-policy,2026-09-07 05:29:12
http://bravewheelthe.kesug.com,404,Error_404,http://bravewheelthe.kesug.com/privacy-policy,2026-09-07 05:29:12
http://richardschiller.lovestoblog.com,404,Error_404,http://richardschiller.lovestoblog.com/privacy-policy,2026-09-07 05:29:12
http://isabellavarack.is-great.org,404,Error_404,http://isabellavarack.is-great.org/about-us,2026-09-07 05:29:12
http://susanneschaefer.is-best.net,404,Error_404,http://susanneschaefer.is-best.net/contact-us,2026-09-07 05:29:12
http://clemenschne.iblogger.org,404,Error_404,http://clemenschne.iblogger.org/privacy-policy,2026-09-07 05:29:12
http://terrisloan.is-great.org,404,Error_404,http://terrisloan.is-great.org/contact-us,2026-09-07 05:29:12
http://alishabrooks.lovestoblog.com,404,Error_404,http://alishabrooks.lovestoblog.com/privacy-policy,2026-09-07 05:29:12
http://kristiknox.wuaze.com,404,Error_404,http://kristiknox.wuaze.com/about-us,2026-09-07 05:29:12
http://kassidywade.kesug.com,404,Error_404,http://kassidywade.kesug.com/about-us,2026-09-07 05:29:12
http://theoglover.kesug.com,404,Error_404,http://theoglover.kesug.com/privacy-policy,2026-09-07 05:29:12
http://kearraschind.iblogger.org,404,Error_404,http://kearraschind.iblogger.org/contact-us,2026-09-07 05:29:12
http://angelaarnold.wuaze.com,404,Error_404,http://angelaarnold.wuaze.com/about-us,2026-09-07 05:29:12
http://brennangallo.iblogger.org,404,Error_404,http://brennangallo.iblogger.org/about-us,2026-09-07 05:29:12
http://silkebecker.is-best.net,404,Error_404,http://silkebecker.is-best.net/about-us,2026-09-07 05:29:12
http://beaudwight.lovestoblog.com,404,Error_404,http://beaudwight.lovestoblog.com/privacy-policy,2026-09-07 05:29:12
http://sienakirk.wuaze.com,404,Error_404,http://sienakirk.wuaze.com/about-us,2026-09-07 05:29:12
http://nellhaynes.kesug.com,404,Error_404,http://nellhaynes.kesug.com/privacy-policy,2026-09-07 05:29:12
http://briefingdaily.kesug.com,0,Invalid/Down,N/A,2026-09-07 05:29:12
http://cosmiccrafter.my-board.org,0,Invalid/Down,N/A,2026-09-07 05:29:12
http://ameliakerr.wuaze.com,404,Error_404,http://ameliakerr.wuaze.com/about-us,2026-09-07 05:29:12
http://treasurepera.is-great.org,404,Error_404,http://treasurepera.is-great.org/about-us,2026-09-07 05:29:12
http://malayaclay.lovestoblog.com,404,Error_404,http://malayaclay.lovestoblog.com/about-us,2026-09-07 05:29:12
http://shadyomar.is-great.org,404,Error_404,http://shadyomar.is-great.org/contact-us,2026-09-07 05:29:12
http://troyneil.lovestoblog.com,404,Error_404,http://troyneil.lovestoblog.com/privacy-policy,2026-09-07 05:29:12
http://kristiantraugott.lovestoblog.com,404,Error_404,http://kristiantraugott.lovestoblog.com/about-us,2026-09-07 05:29:12
http://sheapurcell.kesug.com,404,Error_404,http://sheapurcell.kesug.com/about-us,2026-09-07 05:29:12
http://pierinocasula.wuaze.com,404,Error_404,http://pierinocasula.wuaze.com/about-us,2026-09-07 05:29:12
http://koltontruong.is-best.net,404,Error_404,http://koltontruong.is-best.net/privacy-policy,2026-09-07 05:29:12
http://whisperingwind.is-great.net,404,Error_404,http://whisperingwind.is-great.net/privacy-policy,2026-09-07 05:29:12
http://armandbrisson.iblogger.org,404,Error_404,http://armandbrisson.iblogger.org/contact-us,2026-09-07 05:29:12
http://calebarmytage.great-site.net,404,Error_404,http://calebarmytage.great-site.net/,2026-09-07 05:29:12
http://mysticmingle.nichesite.org,404,Error_404,http://mysticmingle.nichesite.org/about-us,2026-09-07 05:29:12
http://amiyahlevy.wuaze.com,404,Error_404,http://amiyahlevy.wuaze.com/,2026-09-07 05:29:12
http://melcowley.great-site.net,404,Error_404,http://melcowley.great-site.net/privacy-policy,2026-09-07 05:29:12
http://fredabutler.lovestoblog.com,404,Error_404,http://fredabutler.lovestoblog.com/about-us,2026-09-07 05:29:12
http://annamurazi.kesug.com,404,Error_404,http://annamurazi.kesug.com/about-us,2026-09-07 05:29:12
http://ethanafford.is-great.net,404,Error_404,http://ethanafford.is-great.net/about-us,2026-09-07 05:29:12
http://lucyhammond.lovestoblog.com,404,Error_404,http://lucyhammond.lovestoblog.com/privacy-policy,2026-09-07 05:29:12
http://micahornelas.is-great.org,404,Error_404,http://micahornelas.is-great.org/privacy-policy,2026-09-07 05:29:12
http://adamvis.great-site.net,404,Error_404,http://adamvis.great-site.net/about-us,2026-09-07 05:29:12
http://boydcamilla.iblogger.org,404,Error_404,http://boydcamilla.iblogger.org/contact-us,2026-09-07 05:29:12
http://germainlaroch.lovestoblog.com,404,Error_404,http://germainlaroch.lovestoblog.com/contact-us,2026-09-07 05:29:12
http://antonelloangelo.wuaze.com,404,Error_404,http://antonelloangelo.wuaze.com/about-us,2026-09-07 05:29:12
http://maxhotham.is-great.net,404,Error_404,http://maxhotham.is-great.net/about-us,2026-09-07 05:29:12
http://zahirneal.kesug.com,404,Error_404,http://zahirneal.kesug.com/about-us,2026-09-07 05:29:12
http://franschroed.is-great.net,404,Error_404,http://franschroed.is-great.net/about-us,2026-09-07 05:29:12
http://havenklock.wuaze.com,404,Error_404,http://havenklock.wuaze.com/about-us,2026-09-07 05:29:12
http://newsfirstable.nichesite.org,404,Error_404,http://newsfirstable.nichesite.org/about-us,2026-09-07 05:29:12
http://betsymejia.iblogger.org,404,Error_404,http://betsymejia.iblogger.org/privacy-policy,2026-09-07 05:29:12
http://kathrinwerfel.is-best.net,404,Error_404,http://kathrinwerfel.is-best.net/contact-us,2026-09-07 05:29:12
http://alicedawson.is-best.net,404,Error_404,http://alicedawson.is-best.net/privacy-policy,2026-09-07 05:29:12
http://ignaciocor.iblogger.org,404,Error_404,http://ignaciocor.iblogger.org/privacy-policy,2026-09-07 05:29:12
http://juliettehancock.lovestoblog.com,404,Error_404,http://juliettehancock.lovestoblog.com/contact-us,2026-09-07 05:29:12
http://gabriellalucas.great-site.net,404,Error_404,http://gabriellalucas.great-site.net/about-us,2026-09-07 05:29:12
http://tylerpizzey.wuaze.com,404,Error_404,http://tylerpizzey.wuaze.com/contact-us,2026-09-07 05:29:12
http://josephhardacre.great-site.net,404,Error_404,http://josephhardacre.great-site.net/contact-us,2026-09-07 05:29:12
http://coenwilkinson.is-best.net,0,Invalid/Down,N/A,2026-09-07 05:29:12
http://newssoartruth.is-great.net,404,Error_404,http://newssoartruth.is-great.net/contact-us,2026-09-07 05:29:12
http://blainefischer.iblogger.org,404,Error_404,http://blainefischer.iblogger.org/contact-us,2026-09-07 05:29:12
http://markusmoench.wuaze.com,404,Error_404,http://markusmoench.wuaze.com/about-us,2026-09-07 05:29:12
http://hakeemmichael.is-great.org,404,Error_404,http://hakeemmichael.is-great.org/contact-us,2026-09-07 05:29:12
http://michellehughes.kesug.com,404,Error_404,http://michellehughes.kesug.com/contact-us,2026-09-07 05:29:12
http://stormsurg.kesug.com,404,Error_404,http://stormsurg.kesug.com/privacy-policy,2026-09-07 05:29:12
http://jacobcurmi.great-site.net,404,Error_404,http://jacobcurmi.great-site.net/about-us,2026-09-07 05:29:12
http://oceanoracle.totalh.net,404,Error_404,http://oceanoracle.totalh.net/about-us,2026-09-07 05:29:12
http://lindatessier.fast-page.org,404,Error_404,http://lindatessier.fast-page.org/contact-us,2026-09-07 05:29:12
http://reedchristian.great-site.net,404,Error_404,http://reedchristian.great-site.net/contact-us,2026-09-07 05:29:12
http://isaacrowcroft.great-site.net,404,Error_404,http://isaacrowcroft.great-site.net/about-us,2026-09-07 05:29:12
http://lunalullab.wuaze.com,404,Error_404,http://lunalullab.wuaze.com/contact-us,2026-09-07 05:29:12
http://josephwalton.iblogger.org,404,Error_404,http://josephwalton.iblogger.org/about-us,2026-09-07 05:29:12
http://etherealembrace.kesug.com,404,Error_404,http://etherealembrace.kesug.com/privacy-policy,2026-09-07 05:29:12
http://mineablom.is-great.net,404,Error_404,http://mineablom.is-great.net/privacy-policy,2026-09-07 05:29:12
http://lenardford.is-great.org,404,Error_404,http://lenardford.is-great.org/contact-us,2026-09-07 05:29:12
http://bretbutler.is-best.net,404,Error_404,http://bretbutler.is-best.net/about-us,2026-09-07 05:29:12
http://isabelfrench.iblogger.org,404,Error_404,http://isabelfrench.iblogger.org/about-us,2026-09-07 05:29:12
http://ceceliabarber.great-site.net,404,Error_404,http://ceceliabarber.great-site.net/about-us,2026-09-07 05:29:12
http://bostonknight.is-great.net,404,Error_404,http://bostonknight.is-great.net/about-us,2026-09-07 05:29:12
http://ritaduffy.is-best.net,404,Error_404,http://ritaduffy.is-best.net/about-us,2026-09-07 05:29:12
http://kadinshoema.iblogger.org,404,Error_404,http://kadinshoema.iblogger.org/about-us,2026-09-07 05:29:12
http://masonchur.lovestoblog.com,404,Error_404,http://masonchur.lovestoblog.com/contact-us,2026-09-07 05:29:12
http://tedcoffey.wuaze.com,404,Error_404,http://tedcoffey.wuaze.com/contact-us,2026-09-07 05:29:12
http://darnellgarre.iblogger.org,404,Error_404,http://darnellgarre.iblogger.org/contact-us,2026-09-07 05:29:12
http://cherrybates.is-best.net,404,Error_404,http://cherrybates.is-best.net/about-us,2026-09-07 05:29:12
http://jeniferrothtein.nichesite.org/wp-admin,404,Error_404,http://jeniferrothtein.nichesite.org/wp-admin/contact-us,2026-09-07 05:29:12
http://pearlmorris.iblogger.org,404,Error_404,http://pearlmorris.iblogger.org/contact-us,2026-09-07 05:29:12
http://lucasbrain.is-great.org,404,Error_404,http://lucasbrain.is-great.org/contact-us,2026-09-07 05:29:12
http://benjaminlambert.is-great.net,404,Error_404,http://benjaminlambert.is-great.net/about-us,2026-09-07 05:29:12
http://silasjungton.lovestoblog.com,404,Error_404,http://silasjungton.lovestoblog.com/privacy-policy,2026-09-07 05:29:12
http://tyshawncerda.is-great.net,404,Error_404,http://tyshawncerda.is-great.net/privacy-policy,2026-09-07 05:29:12
http://loganward.is-best.net,404,Error_404,http://loganward.is-best.net/about-us,2026-09-07 05:29:12
http://clintonmadden.lovestoblog.com,404,Error_404,http://clintonmadden.lovestoblog.com/about-us,2026-09-07 05:29:12
http://juliacampos.wuaze.com,404,Error_404,http://juliacampos.wuaze.com/privacy-policy,2026-09-07 05:29:12
http://franciscovang.is-great.net,404,Error_404,http://franciscovang.is-great.net/privacy-policy,2026-09-07 05:29:12
http://duanelandry.kesug.com,404,Error_404,http://duanelandry.kesug.com/about-us,2026-09-07 05:29:12
http://duskdelight.great-site.net,404,Error_404,http://duskdelight.great-site.net/about-us,2026-09-07 05:29:12
http://madelenbeatie.iblogger.org,404,Error_404,http://madelenbeatie.iblogger.org/privacy-policy,2026-09-07 05:29:12
http://lydiamorrison.iblogger.org,404,Error_404,http://lydiamorrison.iblogger.org/privacy-policy,2026-09-07 05:29:12
http://rebecmontgom.wuaze.com,404,Error_404,http://rebecmontgom.wuaze.com/contact-us,2026-09-07 05:29:12
http://uteschneider.lovestoblog.com,404,Error_404,http://uteschneider.lovestoblog.com/contact-us,2026-09-07 05:29:12
http://clarahill.lovestoblog.com,404,Error_404,http://clarahill.lovestoblog.com/about-us,2026-09-07 05:29:12
http://albertosaba.iblogger.org,404,Error_404,http://albertosaba.iblogger.org/privacy-policy,2026-09-07 05:29:12
http://abdulhouston.great-site.net,404,Error_404,http://abdulhouston.great-site.net/about-us,2026-09-07 05:29:12
http://magdalenavaladez.is-great.net,404,Error_404,http://magdalenavaladez.is-great.net/about-us,2026-09-07 05:29:12
http://dellaseracorriere.wuaze.com,404,Error_404,http://dellaseracorriere.wuaze.com/about-us,2026-09-07 05:29:12
http://lilianparker.kesug.com,404,Error_404,http://lilianparker.kesug.com/about-us,2026-09-07 05:29:12
http://legacylevy.wuaze.com,404,Error_404,http://legacylevy.wuaze.com/about-us,2026-09-07 05:29:12
http://shadowsculptor.lovestoblog.com,404,Error_404,http://shadowsculptor.lovestoblog.com/about-us,2026-09-07 05:29:12
http://bradenryan.is-great.net,404,Error_404,http://bradenryan.is-great.net/about-us,2026-09-07 05:29:12
http://leokaur.is-great.net,404,Error_404,http://leokaur.is-great.net/about-us,2026-09-07 05:29:12
http://traceyblake.wuaze.com,404,Error_404,http://traceyblake.wuaze.com/privacy-policy,2026-09-07 05:29:12
http://deniselang.is-best.net,404,Error_404,http://deniselang.is-best.net/contact-us,2026-09-07 05:29:12
http://jakobliu.is-best.net,404,Error_404,http://jakobliu.is-best.net/about-us,2026-09-07 05:29:12
http://lynneatwood.wuaze.com,404,Error_404,http://lynneatwood.wuaze.com/contact-us,2026-09-07 05:29:12
http://trudyellis.is-best.net,404,Error_404,http://trudyellis.is-best.net/contact-us,2026-09-07 05:29:12
http://mackeulrich.great-site.net,404,Error_404,http://mackeulrich.great-site.net/about-us,2026-09-07 05:29:12
http://petraabend.kesug.com,404,Error_404,http://petraabend.kesug.com/about-us,2026-09-07 05:29:12
http://darlakeith.wuaze.com,404,Error_404,http://darlakeith.wuaze.com/contact-us,2026-09-07 05:29:12
http://dalerichards.great-site.net,404,Error_404,http://dalerichards.great-site.net/privacy-policy,2026-09-07 05:29:12
http://sweaverglady.kesug.com,404,Error_404,http://sweaverglady.kesug.com/contact-us,2026-09-07 05:29:12
http://rowenaavila.iblogger.org,404,Error_404,http://rowenaavila.iblogger.org/about-us,2026-09-07 05:29:12
http://therubybulleti.lovestoblog.com,404,Error_404,http://therubybulleti.lovestoblog.com/privacy-policy,2026-09-07 05:29:12
http://imranreynolds.is-best.net,404,Error_404,http://imranreynolds.is-best.net/contact-us,2026-09-07 05:29:12
http://eusebiabecerra.kesug.com,404,Suspended,https://suspended-domain.net/index.php?host=eusebiabecerra.kesug.com,2026-09-07 05:29:12
http://rubycollins.wuaze.com,404,Error_404,http://rubycollins.wuaze.com/privacy-policy,2026-09-07 05:29:12
http://echoessence.nichesite.org,404,Suspended,https://suspended-domain.net/index.php?host=echoessence.nichesite.org,2026-09-07 05:29:12
http://apollomeza.is-best.net,404,Error_404,http://apollomeza.is-best.net/contact-us,2026-09-07 05:29:12
http://franceschaney.is-best.net,404,Error_404,http://franceschaney.is-best.net/about-us,2026-09-07 05:29:12
http://lincolnpeacock.synergize.co,404,Error_404,http://lincolnpeacock.synergize.co/privacy-policy,2026-09-07 05:29:12
http://mohamedharrell.iblogger.org,404,Error_404,http://mohamedharrell.iblogger.org/contact-us,2026-09-07 05:29:12
http://sebastianvernon.is-best.net,404,Error_404,http://sebastianvernon.is-best.net/contact-us,2026-09-07 05:29:12
http://zoeholman.great-site.net,404,Error_404,http://zoeholman.great-site.net/about-us,2026-09-07 05:29:12
http://alishamondrag.lovestoblog.com,404,Error_404,http://alishamondrag.lovestoblog.com/contact-us,2026-09-07 05:29:12
http://businessthereporter.synergize.co,404,Error_404,http://businessthereporter.synergize.co/about-us,2026-09-07 05:29:12
http://thebusdispatchcolom.lovestoblog.com,404,Error_404,http://thebusdispatchcolom.lovestoblog.com/contact-us,2026-09-07 05:29:12
http://mariamessier.is-great.net,404,Error_404,http://mariamessier.is-great.net/about-us,2026-09-07 05:29:12
http://annaburke.lovestoblog.com,404,Error_404,http://annaburke.lovestoblog.com/contact-us,2026-09-07 05:29:12
http://randellanthony.wuaze.com,404,Error_404,http://randellanthony.wuaze.com/contact-us,2026-09-07 05:29:12
http://sounderrogwarts.loveslife.biz,404,Error_404,http://sounderrogwarts.loveslife.biz/privacy-policy,2026-09-07 05:29:12
http://chrishaag.wuaze.com,404,Error_404,http://chrishaag.wuaze.com/contact-us,2026-09-07 05:29:12
http://tommieturner.is-great.net,404,Error_404,http://tommieturner.is-great.net/contact-us,2026-09-07 05:29:12
http://janiyahhanson.kesug.com,404,Error_404,http://janiyahhanson.kesug.com/,2026-09-07 05:29:12
http://oceanoverture.wuaze.com,404,Error_404,http://oceanoverture.wuaze.com/about-us,2026-09-07 05:29:12
http://mervindalton.wuaze.com,404,Error_404,http://mervindalton.wuaze.com/contact-us,2026-09-07 05:29:12
http://lottebeckel.is-best.net,404,Error_404,http://lottebeckel.is-best.net/privacy-policy,2026-09-07 05:29:12
http://toniaroberts.is-best.net,404,Error_404,http://toniaroberts.is-best.net/about-us,2026-09-07 05:29:12
http://omarlanglois.iblogger.org,404,Error_404,http://omarlanglois.iblogger.org/,2026-09-07 05:29:12
http://oliviabarranco.is-best.net,404,Error_404,http://oliviabarranco.is-best.net/contact-us,2026-09-07 05:29:12
http://valeriapozos.great-site.net,404,Error_404,http://valeriapozos.great-site.net/about-us,2026-09-07 05:29:12
http://dreamaustin.kesug.com,404,Error_404,http://dreamaustin.kesug.com/contact-us,2026-09-07 05:29:12
http://leodynon.lovestoblog.com,404,Error_404,http://leodynon.lovestoblog.com/privacy-policy,2026-09-07 05:29:12
http://sarkozifanni.kesug.com,404,Error_404,http://sarkozifanni.kesug.com/privacy-policy,2026-09-07 05:29:12
http://amarferell.iblogger.org,404,Error_404,http://amarferell.iblogger.org/privacy-policy,2026-09-07 05:29:12
http://byrongilmore.is-best.net,404,Error_404,http://byrongilmore.is-best.net/privacy-policy,2026-09-07 05:29:12
http://juliuskiss.lovestoblog.com,404,Error_404,http://juliuskiss.lovestoblog.com/about-us,2026-09-07 05:29:12
http://rainbowreverie.kesug.com,404,Error_404,http://rainbowreverie.kesug.com/contact-us,2026-09-07 05:29:12
http://lopestheaaron.wuaze.com,404,Error_404,http://lopestheaaron.wuaze.com/contact-us,2026-09-07 05:29:12
http://wilarkblanc.kesug.com,404,Error_404,http://wilarkblanc.kesug.com/about-us,2026-09-07 05:29:12
http://alwinhandl.is-great.net,404,Error_404,http://alwinhandl.is-great.net/privacy-policy,2026-09-07 05:29:12
http://beatricecardone.is-best.net,404,Error_404,http://beatricecardone.is-best.net/about-us,2026-09-07 05:29:12
http://remiboudreau.infinityfreeapp.com,404,Error_404,http://remiboudreau.infinityfreeapp.com/privacy-policy,2026-09-07 05:29:12
http://mayalaroquin.my-board.org/wp-admin,404,Error_404,http://mayalaroquin.my-board.org/wp-admin/about-us,2026-09-07 05:29:12
http://carolyncalderon.is-great.net,404,Error_404,http://carolyncalderon.is-great.net/contact-us,2026-09-07 05:29:12
http://lukeedwin.is-best.net,404,Error_404,http://lukeedwin.is-best.net/contact-us,2026-09-07 05:29:12
http://rosaliemcintosh.wuaze.com,404,Error_404,http://rosaliemcintosh.wuaze.com/privacy-policy,2026-09-07 05:29:12
http://santiagomora.kesug.com,404,Error_404,http://santiagomora.kesug.com/about-us,2026-09-07 05:29:12
http://armandlaporte.is-best.net,404,Error_404,http://armandlaporte.is-best.net/about-us,2026-09-07 05:29:12
http://mclellan.great-site.net,404,Error_404,http://mclellan.great-site.net/about-us,2026-09-07 05:29:12
http://fannyaburto.iblogger.org,404,Error_404,http://fannyaburto.iblogger.org/about-us,2026-09-07 05:29:12
http://roccacozzi.lovestoblog.com,404,Error_404,http://roccacozzi.lovestoblog.com/privacy-policy,2026-09-07 05:29:12
http://garetmann.wuaze.com,404,Error_404,http://garetmann.wuaze.com/contact-us,2026-09-07 05:29:12
http://strikerthunder.wuaze.com,404,Error_404,http://strikerthunder.wuaze.com/about-us,2026-09-07 05:29:12
http://clairecousins.lovestoblog.com,404,Error_404,http://clairecousins.lovestoblog.com/,2026-09-07 05:29:12
http://janeharrell.is-great.net,404,Error_404,http://janeharrell.is-great.net/contact-us,2026-09-07 05:29:12
http://shawnwatkins.iblogger.org,404,Error_404,http://shawnwatkins.iblogger.org/about-us,2026-09-07 05:29:12
http://faunathefriends.mydiscussion.net,404,Error_404,http://faunathefriends.mydiscussion.net/contact-us,2026-09-07 05:29:12
http://battibianchi.lovestoblog.com,404,Error_404,http://battibianchi.lovestoblog.com/about-us,2026-09-07 05:29:12
http://misaelenriq.is-best.net,404,Error_404,http://misaelenriq.is-best.net/about-us,2026-09-07 05:29:12
http://beckypaul.is-best.net,404,Error_404,http://beckypaul.is-best.net/privacy-policy,2026-09-07 05:29:12
http://discoverydailynews.lovestoblog.com,404,Error_404,http://discoverydailynews.lovestoblog.com/about-us,2026-09-07 05:29:12
http://jasminmacher.great-site.net,404,Error_404,http://jasminmacher.great-site.net/contact-us,2026-09-07 05:29:12
http://foremannewsstanley.wuaze.com,404,Error_404,http://foremannewsstanley.wuaze.com/contact-us,2026-09-07 05:29:12
http://bodedelacruz.is-great.net,404,Error_404,http://bodedelacruz.is-great.net/about-us,2026-09-07 05:29:12
http://joelcollicott.iblogger.org,404,Error_404,http://joelcollicott.iblogger.org/privacy-policy,2026-09-07 05:29:12
http://lukarose.is-best.net,404,Error_404,http://lukarose.is-best.net/about-us,2026-09-07 05:29:12
http://trenintosh.is-best.net,404,Error_404,http://trenintosh.is-best.net/contact-us,2026-09-07 05:29:12
http://swenvogel.fast-page.org,404,Error_404,http://swenvogel.fast-page.org/contact-us,2026-09-07 05:29:12
http://moscowthetimes.is-great.org,404,Error_404,http://moscowthetimes.is-great.org/about-us,2026-09-07 05:29:12
http://emmakemp.wuaze.com,404,Error_404,http://emmakemp.wuaze.com/privacy-policy,2026-09-07 05:29:12
http://theresebender.wuaze.com,404,Error_404,http://theresebender.wuaze.com/about-us,2026-09-07 05:29:12
http://louefrazier.is-great.org,404,Error_404,http://louefrazier.is-great.org/contact-us,2026-09-07 05:29:12
http://anikabrennan.great-site.net,404,Error_404,http://anikabrennan.great-site.net/privacy-policy,2026-09-07 05:29:12
http://abrahamvaldez.is-great.org,404,Error_404,http://abrahamvaldez.is-great.org/about-us,2026-09-07 05:29:12
http://finnburkegafney.lovestoblog.com,404,Error_404,http://finnburkegafney.lovestoblog.com/about-us,2026-09-07 05:29:12
http://cindymorrison.iblogger.org,404,Error_404,http://cindymorrison.iblogger.org/privacy-policy,2026-09-07 05:29:12
http://florapham.is-best.net,404,Error_404,http://florapham.is-best.net/about-us,2026-09-07 05:29:12
http://raylanmaxwell.is-best.net,404,Error_404,http://raylanmaxwell.is-best.net/contact-us,2026-09-07 05:29:12
http://chloebird.great-site.net,404,Error_404,http://chloebird.great-site.net/about-us,2026-09-07 05:29:12
http://dorabrandt.kesug.com,404,Error_404,http://dorabrandt.kesug.com/privacy-policy,2026-09-07 05:29:12
http://hayleyduval.lovestoblog.com,404,Error_404,http://hayleyduval.lovestoblog.com/about-us,2026-09-07 05:29:12
http://ajlachaudhary.great-site.net,404,Error_404,http://ajlachaudhary.great-site.net/about-us,2026-09-07 05:29:12
http://yahiaknot.iblogger.org,404,Error_404,http://yahiaknot.iblogger.org/,2026-09-07 05:29:12
http://ifanalva.kesug.com,404,Error_404,http://ifanalva.kesug.com/privacy-policy,2026-09-07 05:29:12
http://dailythenews.my-board.org,404,Error_404,http://dailythenews.my-board.org/privacy-policy,2026-09-07 05:29:12
http://ellsfrost.wuaze.com,404,Error_404,http://ellsfrost.wuaze.com/contact-us,2026-09-07 05:29:12
http://willowwatch.kesug.com,404,Error_404,http://willowwatch.kesug.com/contact-us,2026-09-07 05:29:12
http://christinadiedich.lovestoblog.com,404,Error_404,http://christinadiedich.lovestoblog.com/contact-us,2026-09-07 05:29:12
http://enigmasphinx.iblogger.org,404,Error_404,http://enigmasphinx.iblogger.org/contact-us,2026-09-07 05:29:12
http://robbiekirk.wuaze.com,404,Error_404,http://robbiekirk.wuaze.com/contact-us,2026-09-07 05:29:12
http://jaynacouture.iblogger.org,404,Error_404,http://jaynacouture.iblogger.org/contact-us,2026-09-07 05:29:12
http://patriciaracine.wuaze.com,404,Error_404,http://patriciaracine.wuaze.com/contact-us,2026-09-07 05:29:12
http://ceciliaduran.wuaze.com,404,Error_404,http://ceciliaduran.wuaze.com/contact-us,2026-09-07 05:29:12
http://kendallpeacock.is-great.org,404,Error_404,http://kendallpeacock.is-great.org/about-us,2026-09-07 05:29:12
http://beniciovargas.iblogger.org,404,Error_404,http://beniciovargas.iblogger.org/privacy-policy,2026-09-07 05:29:12
http://jacksonbaudin.is-great.org,404,Error_404,http://jacksonbaudin.is-great.org/contact-us,2026-09-07 05:29:12
http://renemaddox.iblogger.org,404,Error_404,http://renemaddox.iblogger.org/privacy-policy,2026-09-07 05:29:12
http://deirdrepullman.wuaze.com,404,Error_404,http://deirdrepullman.wuaze.com/about-us,2026-09-07 05:29:12
http://ronaldowesley.iblogger.org,404,Error_404,http://ronaldowesley.iblogger.org/privacy-policy,2026-09-07 05:29:12
http://raulvarela.lovestoblog.com,404,Error_404,http://raulvarela.lovestoblog.com/contact-us,2026-09-07 05:29:12
http://floramaynard.iblogger.org,404,Error_404,http://floramaynard.iblogger.org/privacy-policy,2026-09-07 05:29:12
http://thenewswogwarts.likesyou.org,404,Error_404,http://thenewswogwarts.likesyou.org/privacy-policy,2026-09-07 05:29:12
http://rogerholden.kesug.com,404,Error_404,http://rogerholden.kesug.com/privacy-policy,2026-09-07 05:29:12
http://johnhomburg.great-site.net,404,Error_404,http://johnhomburg.great-site.net/contact-us,2026-09-07 05:29:12
http://thadsbode.kesug.com,404,Error_404,http://thadsbode.kesug.com/privacy-policy,2026-09-07 05:29:12
http://journalcourier.iblogger.org,404,Error_404,http://journalcourier.iblogger.org/privacy-policy,2026-09-07 05:29:12
http://frostflare.iblogger.org,404,Error_404,http://frostflare.iblogger.org/privacy-policy,2026-09-07 05:29:12
http://baileybond.my-board.org,404,Error_404,http://baileybond.my-board.org/contact-us,2026-09-07 05:29:12
http://riverabbott.is-great.net,404,Error_404,http://riverabbott.is-great.net/about-us,2026-09-07 05:29:12
http://adelecooley.iblogger.org,404,Error_404,http://adelecooley.iblogger.org/about-us,2026-09-07 05:29:12
http://warrendavidson.is-best.net,404,Error_404,http://warrendavidson.is-best.net/about-us,2026-09-07 05:29:12
http://arcticartisan.great-site.net,404,Error_404,http://arcticartisan.great-site.net/contact-us,2026-09-07 05:29:12
http://emmycordova.kesug.com,404,Error_404,http://emmycordova.kesug.com/about-us,2026-09-07 05:29:12
http://duskdrifter.wuaze.com,404,Error_404,http://duskdrifter.wuaze.com/contact-us,2026-09-07 05:29:12
http://domingodwin.iblogger.org,404,Error_404,http://domingodwin.iblogger.org/privacy-policy,2026-09-07 05:29:12
http://michellebrett.great-site.net,404,Error_404,http://michellebrett.great-site.net/contact-us,2026-09-07 05:29:12
http://kevinvickers.iblogger.org,404,Error_404,http://kevinvickers.iblogger.org/privacy-policy,2026-09-07 05:29:12
http://knformerlnsight.great-site.net,404,Error_404,http://knformerlnsight.great-site.net/about-us,2026-09-07 05:29:12
http://zaydkelly.kesug.com,404,Error_404,http://zaydkelly.kesug.com/privacy-policy,2026-09-07 05:29:12
http://jasmineharmon.is-great.net,404,Error_404,http://jasmineharmon.is-great.net/contact-us,2026-09-07 05:29:12
http://shilohdonnell.is-great.net,404,Error_404,http://shilohdonnell.is-great.net/privacy-policy,2026-09-07 05:29:12
http://tysonhuff.iblogger.org,404,Error_404,http://tysonhuff.iblogger.org/contact-us,2026-09-07 05:29:12
http://claudiabaltus.wuaze.com,404,Error_404,http://claudiabaltus.wuaze.com/about-us,2026-09-07 05:29:12
http://milfordavery.kesug.com,404,Error_404,http://milfordavery.kesug.com/contact-us,2026-09-07 05:29:12
http://voicethefogwarts.likesyou.org,404,Error_404,http://voicethefogwarts.likesyou.org/privacy-policy,2026-09-07 05:29:12
http://ricardofranklin.is-great.net,404,Error_404,http://ricardofranklin.is-great.net/about-us,2026-09-07 05:29:12
http://pasedonlevariso.wuaze.com/wp-admin,404,Error_404,http://pasedonlevariso.wuaze.com/wp-admin,2026-09-07 05:29:12
http://lilianmackay.lovestoblog.com,404,Error_404,http://lilianmackay.lovestoblog.com/about-us,2026-09-07 05:29:12
http://lacygiles.is-great.org,404,Error_404,http://lacygiles.is-great.org/contact-us,2026-09-07 05:29:12
http://hongreid.lovestoblog.com,404,Error_404,http://hongreid.lovestoblog.com/contact-us,2026-09-07 05:29:12
http://kiaandickson.is-best.net,404,Error_404,http://kiaandickson.is-best.net/contact-us,2026-09-07 05:29:12
http://rosannanardi.is-great.net,404,Error_404,http://rosannanardi.is-great.net/about-us,2026-09-07 05:29:12
http://amaliaswisher.wuaze.com,404,Error_404,http://amaliaswisher.wuaze.com/contact-us,2026-09-07 05:29:12
http://rachelchurchill.iblogger.org,404,Error_404,http://rachelchurchill.iblogger.org/about-us,2026-09-07 05:29:12
http://lornamahoney.lovestoblog.com,404,Error_404,http://lornamahoney.lovestoblog.com/contact-us,2026-09-07 05:29:12
http://dispatchpost.nichesite.org,404,Error_404,http://dispatchpost.nichesite.org/,2026-09-07 05:29:12
http://zaingoodwin.lovestoblog.com,404,Error_404,http://zaingoodwin.lovestoblog.com/contact-us,2026-09-07 05:29:12
http://susannaodom.kesug.com,404,Error_404,http://susannaodom.kesug.com/contact-us,2026-09-07 05:29:12
http://heikebrauer.lovestoblog.com,404,Error_404,http://heikebrauer.lovestoblog.com/about-us,2026-09-07 05:29:12
http://donovanbutler.is-great.net,0,Invalid/Down,N/A,2026-09-07 05:29:12
http://hayliefindley.kesug.com,404,Error_404,http://hayliefindley.kesug.com/privacy-policy,2026-09-07 05:29:12
http://ashtonfox.wuaze.com,404,Error_404,http://ashtonfox.wuaze.com/privacy-policy,2026-09-07 05:29:12
http://carolinechan.is-best.net,404,Error_404,http://carolinechan.is-best.net/about-us,2026-09-07 05:29:12
http://melisahasin.lovestoblog.com,404,Error_404,http://melisahasin.lovestoblog.com/privacy-policy,2026-09-07 05:29:12
http://antonsteurer.lovestoblog.com,404,Error_404,http://antonsteurer.lovestoblog.com/privacy-policy,2026-09-07 05:29:12
http://karlishore.kesug.com,404,Error_404,http://karlishore.kesug.com/about-us,2026-09-07 05:29:12
http://ulyssesmejia.lovestoblog.com,404,Error_404,http://ulyssesmejia.lovestoblog.com/privacy-policy,2026-09-07 05:29:12
http://publicsouthre.great-site.net,404,Error_404,http://publicsouthre.great-site.net/about-us,2026-09-07 05:29:12
http://steviegordon.lovestoblog.com,404,Error_404,http://steviegordon.lovestoblog.com/contact-us,2026-09-07 05:29:12
http://loreleichris.great-site.net,404,Error_404,http://loreleichris.great-site.net/contact-us,2026-09-07 05:29:12
http://alicaraymond.great-site.net,404,Error_404,http://alicaraymond.great-site.net/about-us,2026-09-07 05:29:12
http://catherglenn.lovestoblog.com,404,Error_404,http://catherglenn.lovestoblog.com/contact-us,2026-09-07 05:29:12
http://novahorton.iblogger.org,404,Error_404,http://novahorton.iblogger.org/about-us,2026-09-07 05:29:12
http://andrecordell.lovestoblog.com,404,Error_404,http://andrecordell.lovestoblog.com/contact-us,2026-09-07 05:29:12
http://phoenixrider.iblogger.org,404,Error_404,http://phoenixrider.iblogger.org/contact-us,2026-09-07 05:29:12
http://yorkshitherepost.wuaze.com,404,Error_404,http://yorkshitherepost.wuaze.com/about-us,2026-09-07 05:29:12
http://roseharvey.iblogger.org,404,Error_404,http://roseharvey.iblogger.org/privacy-policy,2026-09-07 05:29:12
http://mireyamayer.lovestoblog.com,404,Error_404,http://mireyamayer.lovestoblog.com/privacy-policy,2026-09-07 05:29:12
http://jodicneil.kesug.com,404,Error_404,http://jodicneil.kesug.com/privacy-policy,2026-09-07 05:29:12
http://kerrymarshall.likesyou.org,404,Error_404,http://kerrymarshall.likesyou.org/contact-us,2026-09-07 05:29:12
http://arnaldoruocco.kesug.com,404,Error_404,http://arnaldoruocco.kesug.com/contact-us,2026-09-07 05:29:12
http://maniamedia.great-site.net,404,Error_404,http://maniamedia.great-site.net/privacy-policy,2026-09-07 05:29:12
http://rufushorn.is-great.net,404,Error_404,http://rufushorn.is-great.net/contact-us,2026-09-07 05:29:12
http://curtisbates.lovestoblog.com,404,Error_404,http://curtisbates.lovestoblog.com/privacy-policy,2026-09-07 05:29:12
http://voguevibenews.my-board.org,404,Error_404,http://voguevibenews.my-board.org/contact-us,2026-09-07 05:29:12
http://atlantamercury.synergize.co,404,Error_404,http://atlantamercury.synergize.co/privacy-policy,2026-09-07 05:29:12
http://murphywilkerson.is-best.net,404,Error_404,http://murphywilkerson.is-best.net/privacy-policy,2026-09-07 05:29:12
http://buffalonews.lovestoblog.com,404,Error_404,http://buffalonews.lovestoblog.com/contact-us,2026-09-07 05:29:12
http://csordasnora.lovestoblog.com,404,Error_404,http://csordasnora.lovestoblog.com/privacy-policy,2026-09-07 05:29:12
http://harlapierce.iblogger.org,404,Error_404,http://harlapierce.iblogger.org/about-us,2026-09-07 05:29:12
http://burstbusiness.fast-page.org,404,Error_404,http://burstbusiness.fast-page.org/privacy-policy,2026-09-07 05:29:12
http://valeryquintana.great-site.net,404,Error_404,http://valeryquintana.great-site.net/about-us,2026-09-07 05:29:12
http://brunocrawford.is-best.net,404,Error_404,http://brunocrawford.is-best.net/privacy-policy,2026-09-07 05:29:12
http://romanwoods.great-site.net,404,Error_404,http://romanwoods.great-site.net/contact-us,2026-09-07 05:29:12
http://eleanorrobitaille.iblogger.org,404,Error_404,http://eleanorrobitaille.iblogger.org/privacy-policy,2026-09-07 05:29:12
http://stoneredmond.iblogger.org,404,Error_404,http://stoneredmond.iblogger.org/about-us,2026-09-07 05:29:12
http://rickybeard.is-great.net,404,Error_404,http://rickybeard.is-great.net/about-us,2026-09-07 05:29:12
http://antoniohunter.lovestoblog.com,404,Error_404,http://antoniohunter.lovestoblog.com/contact-us,2026-09-07 05:29:12
http://leahmanning.is-great.net,0,Invalid/Down,N/A,2026-09-07 05:29:12
http://elliottpaul.wuaze.com,404,Error_404,http://elliottpaul.wuaze.com/contact-us,2026-09-07 05:29:12
http://lewislindsey.is-great.org,404,Error_404,http://lewislindsey.is-great.org/about-us,2026-09-07 05:29:12
http://miiaranta.wuaze.com,404,Error_404,http://miiaranta.wuaze.com/privacy-policy,2026-09-07 05:29:12
http://finnsturt.is-best.net,404,Error_404,http://finnsturt.is-best.net/contact-us,2026-09-07 05:29:12
http://maddisonrimmer.lovestoblog.com,404,Error_404,http://maddisonrimmer.lovestoblog.com/privacy-policy,2026-09-07 05:29:12
http://annieallen.great-site.net,404,Error_404,http://annieallen.great-site.net/privacy-policy,2026-09-07 05:29:12
http://milanacardenas.great-site.net,404,Error_404,http://milanacardenas.great-site.net/privacy-policy,2026-09-07 05:29:12
http://teinmetzjanes.lovestoblog.com,404,Error_404,http://teinmetzjanes.lovestoblog.com/about-us,2026-09-07 05:29:12
http://jonakastner.great-site.net,404,Error_404,http://jonakastner.great-site.net/privacy-policy,2026-09-07 05:29:12
http://nathanlevesque.iblogger.org,404,Error_404,http://nathanlevesque.iblogger.org/about-us,2026-09-07 05:29:12
http://marshahopkins.is-best.net,404,Error_404,http://marshahopkins.is-best.net/about-us,2026-09-07 05:29:12
http://fashionfocus.likesyou.org,404,Error_404,http://fashionfocus.likesyou.org/about-us,2026-09-07 05:29:12
http://matthewlombard.kesug.com,404,Error_404,http://matthewlombard.kesug.com/contact-us,2026-09-07 05:29:12
http://belfastthenegraph.great-site.net,404,Error_404,http://belfastthenegraph.great-site.net/about-us,2026-09-07 05:29:12
http://arielleherman.iblogger.org,404,Error_404,http://arielleherman.iblogger.org/about-us,2026-09-07 05:29:12
http://thehogwartsleader.my-board.org,404,Error_404,http://thehogwartsleader.my-board.org/privacy-policy,2026-09-07 05:29:12
http://marycallinan.lovestoblog.com,404,Error_404,http://marycallinan.lovestoblog.com/about-us,2026-09-07 05:29:12
http://novamontes.iblogger.org,404,Error_404,http://novamontes.iblogger.org/about-us,2026-09-07 05:29:12
http://jaimesharpe.lovestoblog.com,404,Error_404,http://jaimesharpe.lovestoblog.com/privacy-policy,2026-09-07 05:29:12
http://sophiegottschalk.lovestoblog.com,404,Error_404,http://sophiegottschalk.lovestoblog.com/about-us,2026-09-07 05:29:12
http://auroraallo.totalh.net,404,Error_404,http://auroraallo.totalh.net/about-us,2026-09-07 05:29:12
http://albertofigu.lovestoblog.com,404,Error_404,http://albertofigu.lovestoblog.com/about-us,2026-09-07 05:29:12
http://lukethornton.is-great.org,404,Error_404,http://lukethornton.is-great.org/privacy-policy,2026-09-07 05:29:12
http://larssylvester.lovestoblog.com,404,Error_404,http://larssylvester.lovestoblog.com/contact-us,2026-09-07 05:29:12
http://pulliamthepaul.mydiscussion.net,404,Error_404,http://pulliamthepaul.mydiscussion.net/privacy-policy,2026-09-07 05:29:12
http://gerhartbrandl.wuaze.com,404,Error_404,http://gerhartbrandl.wuaze.com/privacy-policy,2026-09-07 05:29:12
http://vladimreddi.iblogger.org,404,Error_404,http://vladimreddi.iblogger.org/contact-us,2026-09-07 05:29:12
http://aliaharrington.iblogger.org,404,Error_404,http://aliaharrington.iblogger.org/privacy-policy,2026-09-07 05:29:12
http://pierrefuller.lovestoblog.com,404,Error_404,http://pierrefuller.lovestoblog.com/privacy-policy,2026-09-07 05:29:12
http://nasreeneaton.lovestoblog.com,404,Error_404,http://nasreeneaton.lovestoblog.com/privacy-policy,2026-09-07 05:29:12
http://louisfreeman.is-best.net,404,Error_404,http://louisfreeman.is-best.net/about-us,2026-09-07 05:29:12
http://sallymyer.wuaze.com,404,Error_404,http://sallymyer.wuaze.com/privacy-policy,2026-09-07 05:29:12
http://timaszimmer.fanclub.rocks,404,Error_404,http://timaszimmer.fanclub.rocks/,2026-09-07 05:29:12
http://gloriahaberl.lovestoblog.com,404,Error_404,http://gloriahaberl.lovestoblog.com/contact-us,2026-09-07 05:29:12
http://joshuarumpf.lovestoblog.com,404,Error_404,http://joshuarumpf.lovestoblog.com/contact-us,2026-09-07 05:29:12
http://cillanijsse.lovestoblog.com,404,Error_404,http://cillanijsse.lovestoblog.com/about-us,2026-09-07 05:29:12
http://sunlitspecter.my-style.in,404,Error_404,http://sunlitspecter.my-style.in/privacy-policy,2026-09-07 05:29:12
http://benjaminmurray.great-site.net,404,Error_404,http://benjaminmurray.great-site.net/contact-us,2026-09-07 05:29:12
http://tamikahenderson.kesug.com,404,Error_404,http://tamikahenderson.kesug.com/contact-us,2026-09-07 05:29:12
http://viewmoniternew.nichesite.org,404,Error_404,http://viewmoniternew.nichesite.org/privacy-policy,2026-09-07 05:29:12
http://thomasmarr.is-great.net,404,Error_404,http://thomasmarr.is-great.net/about-us,2026-09-07 05:29:12
http://angelamartin.wuaze.com,404,Suspended,https://suspended-domain.net/index.php?host=angelamartin.wuaze.com,2026-09-07 05:29:12
http://armaniwise.great-site.net,404,Error_404,http://armaniwise.great-site.net/contact-us,2026-09-07 05:29:12
http://aliraymond.is-great.net,404,Error_404,http://aliraymond.is-great.net/privacy-policy,2026-09-07 05:29:12
http://sienaflowers.great-site.net,404,Error_404,http://sienaflowers.great-site.net/privacy-policy,2026-09-07 05:29:12
http://stephjeffer.lovestoblog.com,404,Error_404,http://stephjeffer.lovestoblog.com/contact-us,2026-09-07 05:29:12
http://axelhayes.lovestoblog.com,404,Error_404,http://axelhayes.lovestoblog.com/privacy-policy,2026-09-07 05:29:12
http://edenwaters.is-great.org,404,Error_404,http://edenwaters.is-great.org/contact-us,2026-09-07 05:29:12
http://joeldumares.great-site.net,404,Error_404,http://joeldumares.great-site.net/about-us,2026-09-07 05:29:12
http://journaljunkie.iblogger.org,404,Error_404,http://journaljunkie.iblogger.org/about-us,2026-09-07 05:29:12
http://charlieashton.great-site.net,404,Suspended,https://suspended-domain.net/index.php?host=charlieashton.great-site.net,2026-09-07 05:29:12
http://paigefrazier.is-great.org,404,Error_404,http://paigefrazier.is-great.org/privacy-policy,2026-09-07 05:29:12
http://larryharper.great-site.net,404,Error_404,http://larryharper.great-site.net/privacy-policy,2026-09-07 05:29:12
http://koltonoliver.is-great.org,404,Error_404,http://koltonoliver.is-great.org/about-us,2026-09-07 05:29:12
http://mbeltranwillia.wuaze.com,404,Error_404,http://mbeltranwillia.wuaze.com/about-us,2026-09-07 05:29:12
http://citymexicotimes.is-great.net,404,Suspended,https://suspended-domain.net/index.php?host=citymexicotimes.is-great.net,2026-09-07 05:29:12
http://raynemyers.kesug.com,404,Error_404,http://raynemyers.kesug.com/,2026-09-07 05:29:12
http://brayanscully.kesug.com,404,Error_404,http://brayanscully.kesug.com/contact-us,2026-09-07 05:29:12
http://emilyreed.lovestoblog.com,404,Error_404,http://emilyreed.lovestoblog.com/about-us,2026-09-07 05:29:12
http://lukaszatkins.iblogger.org,404,Error_404,http://lukaszatkins.iblogger.org/contact-us,2026-09-07 05:29:12
http://mariafaulkner.infinityfreeapp.com,404,Error_404,http://mariafaulkner.infinityfreeapp.com/about-us,2026-09-07 05:29:12
http://tammyvaughan.is-great.net,404,Error_404,http://tammyvaughan.is-great.net/about-us,2026-09-07 05:29:12
http://blazebreeze.lovestoblog.com,404,Error_404,http://blazebreeze.lovestoblog.com/privacy-policy,2026-09-07 05:29:12
http://savaingram.kesug.com,404,Error_404,http://savaingram.kesug.com/about-us,2026-09-07 05:29:12
http://whisperingwave.kesug.com,404,Error_404,http://whisperingwave.kesug.com/,2026-09-07 05:29:12
http://kyralawson.kesug.com,404,Error_404,http://kyralawson.kesug.com/about-us,2026-09-07 05:29:12
http://embereverlast.great-site.net,404,Error_404,http://embereverlast.great-site.net/contact-us,2026-09-07 05:29:12
http://cratchronicledemo.my-board.org,404,Error_404,http://cratchronicledemo.my-board.org/contact-us,2026-09-07 05:29:12
http://kendrikkesler.kesug.com,404,Error_404,http://kendrikkesler.kesug.com/privacy-policy,2026-09-07 05:29:12
http://oceanicoracle.great-site.net,404,Error_404,http://oceanicoracle.great-site.net/privacy-policy,2026-09-07 05:29:12
http://sunionjacksonville.kesug.com,404,Error_404,http://sunionjacksonville.kesug.com/about-us,2026-09-07 05:29:12
http://timesthenewsle.fanclub.rocks,404,Error_404,http://timesthenewsle.fanclub.rocks/about-us,2026-09-07 05:29:12
http://crunchcorporate.wuaze.com,404,Error_404,http://crunchcorporate.wuaze.com/contact-us,2026-09-07 05:29:12
http://timothyschmidt.iblogger.org,404,Error_404,http://timothyschmidt.iblogger.org/about-us,2026-09-07 05:29:12
http://rileyduras.great-site.net,404,Error_404,http://rileyduras.great-site.net/,2026-09-07 05:29:12
http://bridgetheath.kesug.com,404,Error_404,http://bridgetheath.kesug.com/contact-us,2026-09-07 05:29:12
http://keiraoliver.lovestoblog.com,404,Error_404,http://keiraoliver.lovestoblog.com/about-us,2026-09-07 05:29:12
http://harmonenrique.is-great.org,404,Error_404,http://harmonenrique.is-great.org/contact-us,2026-09-07 05:29:12
http://trentcompton.is-great.org,404,Error_404,http://trentcompton.is-great.org/about-us,2026-09-07 05:29:12
http://bristolcochran.wuaze.com,404,Error_404,http://bristolcochran.wuaze.com/contact-us,2026-09-07 05:29:12
http://willowwhisper.lovestoblog.com,404,Error_404,http://willowwhisper.lovestoblog.com/contact-us,2026-09-07 05:29:12
http://fabianroa.iblogger.org,404,Error_404,http://fabianroa.iblogger.org/privacy-policy,2026-09-07 05:29:12
http://estebanvaldez.iblogger.org,404,Error_404,http://estebanvaldez.iblogger.org/contact-us,2026-09-07 05:29:12
http://expresscategory.wuaze.com,404,Error_404,http://expresscategory.wuaze.com/contact-us,2026-09-07 05:29:12
http://rainbowrider.iblogger.org,404,Error_404,http://rainbowrider.iblogger.org/about-us,2026-09-07 05:29:12
http://gerfriedlukas.is-great.net,404,Error_404,http://gerfriedlukas.is-great.net/contact-us,2026-09-07 05:29:12
http://moonlitmarvel.is-great.net,404,Suspended,https://suspended-domain.net/index.php?host=moonlitmarvel.is-great.net,2026-09-07 05:29:12
http://youngjones.iblogger.org,404,Error_404,http://youngjones.iblogger.org/contact-us,2026-09-07 05:29:12
http://millennsource.wuaze.com,404,Error_404,http://millennsource.wuaze.com/about-us,2026-09-07 05:29:12
http://jeanrivas.iblogger.org,404,Error_404,http://jeanrivas.iblogger.org/privacy-policy,2026-09-07 05:29:12
http://hogwartsthepress.loveslife.biz,404,Error_404,http://hogwartsthepress.loveslife.biz/contact-us,2026-09-07 05:29:12
http://triptreknews.kesug.com,404,Error_404,http://triptreknews.kesug.com/contact-us,2026-09-07 05:29:12
http://ronjonanews.fast-page.org,404,Error_404,http://ronjonanews.fast-page.org/about-us,2026-09-07 05:29:12
http://auroraaether.my-board.org,404,Error_404,http://auroraaether.my-board.org/privacy-policy,2026-09-07 05:29:12
http://chloewintle.wuaze.com,404,Error_404,http://chloewintle.wuaze.com/contact-us,2026-09-07 05:29:12
http://thenewslapresse.fast-page.org,404,Error_404,http://thenewslapresse.fast-page.org/contact-us,2026-09-07 05:29:12
http://angusspargo.is-great.net,404,Error_404,http://angusspargo.is-great.net/privacy-policy,2026-09-07 05:29:12
http://alaminzaman.great-site.net,404,Error_404,http://alaminzaman.great-site.net/privacy-policy,2026-09-07 05:29:12
http://juliewentz.kesug.com,404,Error_404,http://juliewentz.kesug.com/privacy-policy,2026-09-07 05:29:12
http://nikkispencer.is-great.org,404,Error_404,http://nikkispencer.is-great.org/privacy-policy,2026-09-07 05:29:12
http://dailytheexpress.great-site.net,404,Error_404,http://dailytheexpress.great-site.net/privacy-policy,2026-09-07 05:29:12
http://makaylafarber.loveslife.biz,404,Error_404,http://makaylafarber.loveslife.biz/about-us,2026-09-07 05:29:12
http://brentnair.lovestoblog.com,404,Error_404,http://brentnair.lovestoblog.com/privacy-policy,2026-09-07 05:29:12
http://tonsunedmon.kesug.com,404,Error_404,http://tonsunedmon.kesug.com/about-us,2026-09-07 05:29:12
http://harlanaguilar.iblogger.org,404,Error_404,http://harlanaguilar.iblogger.org/privacy-policy,2026-09-07 05:29:12
http://novanaviga.kesug.com,404,Error_404,http://novanaviga.kesug.com/about-us,2026-09-07 05:29:12
http://mountainledgerwide.iblogger.org,404,Error_404,http://mountainledgerwide.iblogger.org/contact-us,2026-09-07 05:29:12
http://amaralaughlin.kesug.com,404,Error_404,http://amaralaughlin.kesug.com/contact-us,2026-09-07 05:29:12
http://patrickmonnier.is-great.org,404,Error_404,http://patrickmonnier.is-great.org/privacy-policy,2026-09-07 05:29:12
http://modernthefount.lovestoblog.com,404,Error_404,http://modernthefount.lovestoblog.com/contact-us,2026-09-07 05:29:12
http://philford.kesug.com,404,Error_404,http://philford.kesug.com/about-us,2026-09-07 05:29:12
http://lachlanyuranigh.is-best.net,404,Error_404,http://lachlanyuranigh.is-best.net/,2026-09-07 05:29:12
http://deeelliott.wuaze.com,404,Error_404,http://deeelliott.wuaze.com/privacy-policy,2026-09-07 05:29:12
http://danbogan.is-best.net,404,Error_404,http://danbogan.is-best.net/contact-us,2026-09-07 05:29:12
http://jarrodbarry.kesug.com,404,Error_404,http://jarrodbarry.kesug.com/privacy-policy,2026-09-07 05:29:12
http://minchoi.great-site.net,404,Error_404,http://minchoi.great-site.net/about-us,2026-09-07 05:29:12
http://loriharrison.iblogger.org,404,Error_404,http://loriharrison.iblogger.org/privacy-policy,2026-09-07 05:29:12
http://isabelmargarot.lovestoblog.com,404,Error_404,http://isabelmargarot.lovestoblog.com/contact-us,2026-09-07 05:29:12
http://emmittmurillo.is-great.org,404,Error_404,http://emmittmurillo.is-great.org/privacy-policy,2026-09-07 05:29:12
http://emberglow.wuaze.com,404,Error_404,http://emberglow.wuaze.com/about-us,2026-09-07 05:29:12
http://oceanodyssey.lovestoblog.com,404,Error_404,http://oceanodyssey.lovestoblog.com/privacy-policy,2026-09-07 05:29:12
http://amossherman.is-great.net,404,Error_404,http://amossherman.is-great.net/privacy-policy,2026-09-07 05:29:12
http://brodiemenhok.is-great.net,404,Error_404,http://brodiemenhok.is-great.net/privacy-policy,2026-09-07 05:29:12
http://thundertorrent.kesug.com,404,Error_404,http://thundertorrent.kesug.com/about-us,2026-09-07 05:29:12
http://christianfischer.wuaze.com,404,Error_404,http://christianfischer.wuaze.com/,2026-09-07 05:29:12
http://earleneevans.great-site.net,404,Error_404,http://earleneevans.great-site.net/about-us,2026-09-07 05:29:12
http://blebur.great-site.net,404,Error_404,http://blebur.great-site.net/contact-us,2026-09-07 05:29:12
http://cedrickbates.is-best.net,404,Error_404,http://cedrickbates.is-best.net/privacy-policy,2026-09-07 05:29:12
http://jarvisveum.is-best.net,404,Error_404,http://jarvisveum.is-best.net/privacy-policy,2026-09-07 05:29:12
http://sunnyschimmel.wuaze.com,404,Error_404,http://sunnyschimmel.wuaze.com/about-us,2026-09-07 05:29:12
http://jadendaughe.kesug.com,404,Error_404,http://jadendaughe.kesug.com/contact-us,2026-09-07 05:29:12
http://hermiacantr.is-best.net,404,Error_404,http://hermiacantr.is-best.net/,2026-09-07 05:29:12
http://levibruche.wuaze.com,404,Error_404,http://levibruche.wuaze.com/privacy-policy,2026-09-07 05:29:12
http://xavierauld.lovestoblog.com,404,Error_404,http://xavierauld.lovestoblog.com/privacy-policy,2026-09-07 05:29:12
http://shadowwalker.iblogger.org,404,Error_404,http://shadowwalker.iblogger.org/contact-us,2026-09-07 05:29:12
http://opulenttbserver.totalh.net,404,Error_404,http://opulenttbserver.totalh.net/contact-us,2026-09-07 05:29:12
http://francescaward.is-best.net,404,Error_404,http://francescaward.is-best.net/privacy-policy,2026-09-07 05:29:12
http://chungharrin.lovestoblog.com,404,Error_404,http://chungharrin.lovestoblog.com/contact-us,2026-09-07 05:29:12
http://andrewsherwin.is-great.org,404,Error_404,http://andrewsherwin.is-great.org/privacy-policy,2026-09-07 05:29:12
http://sebastianroxon.likesyou.org,404,Error_404,http://sebastianroxon.likesyou.org/contact-us,2026-09-07 05:29:12
http://rykerspence.lovestoblog.com,404,Error_404,http://rykerspence.lovestoblog.com/contact-us,2026-09-07 05:29:12
http://nataliepoynton.great-site.net,404,Error_404,http://nataliepoynton.great-site.net/contact-us,2026-09-07 05:29:12
http://sunshinestories.lovestoblog.com,404,Suspended,https://suspended-domain.net/index.php?host=sunshinestories.lovestoblog.com,2026-09-07 05:29:12
http://crescenciainzunza.lovestoblog.com,404,Error_404,http://crescenciainzunza.lovestoblog.com/about-us,2026-09-07 05:29:12
http://darrianelliot.likesyou.org,404,Error_404,http://darrianelliot.likesyou.org/about-us,2026-09-07 05:29:12
http://margaretthiessen.wuaze.com,404,Error_404,http://margaretthiessen.wuaze.com/contact-us,2026-09-07 05:29:12
http://enchantedexplorer.my-board.org,404,Error_404,http://enchantedexplorer.my-board.org/privacy-policy,2026-09-07 05:29:12
http://gwenarnold.wuaze.com,404,Error_404,http://gwenarnold.wuaze.com/about-us,2026-09-07 05:29:12
http://mckingalle.lovestoblog.com,404,Error_404,http://mckingalle.lovestoblog.com/privacy-policy,2026-09-07 05:29:12
http://newsflasher.wuaze.com,404,Error_404,http://newsflasher.wuaze.com/contact-us,2026-09-07 05:29:12
http://shadowshad.my-style.in,404,Suspended,https://suspended-domain.net/index.php?host=shadowshad.my-style.in,2026-09-07 05:29:12
http://clintrollins.is-great.net,404,Error_404,http://clintrollins.is-great.net/contact-us,2026-09-07 05:29:12
http://xanderblanken.great-site.net,404,Error_404,http://xanderblanken.great-site.net/about-us,2026-09-07 05:29:12
http://cosmiccrest.iblogger.org,404,Error_404,http://cosmiccrest.iblogger.org/contact-us,2026-09-07 05:29:12
http://duskdreamer.great-site.net,404,Error_404,http://duskdreamer.great-site.net/privacy-policy,2026-09-07 05:29:12
http://vanessagerber.nichesite.org,404,Error_404,http://vanessagerber.nichesite.org/about-us,2026-09-07 05:29:12
http://terigomez.kesug.com,404,Error_404,http://terigomez.kesug.com/,2026-09-07 05:29:12
http://karlashley.is-best.net,404,Error_404,http://karlashley.is-best.net/privacy-policy,2026-09-07 05:29:12
http://jerejames.lovestoblog.com,404,Error_404,http://jerejames.lovestoblog.com/privacy-policy,2026-09-07 05:29:12
http://logandavies.lovestoblog.com,404,Error_404,http://logandavies.lovestoblog.com/privacy-policy,2026-09-07 05:29:12
http://miriamfavela.is-great.net,404,Error_404,http://miriamfavela.is-great.net/privacy-policy,2026-09-07 05:29:12
http://bernardrichar.iblogger.org,404,Error_404,http://bernardrichar.iblogger.org/about-us,2026-09-07 05:29:12
http://vanessalambert.is-best.net,404,Error_404,http://vanessalambert.is-best.net/privacy-policy,2026-09-07 05:29:12
http://iansexton.lovestoblog.com,404,Error_404,http://iansexton.lovestoblog.com/about-us,2026-09-07 05:29:12
http://bernamarshall.iblogger.org,404,Error_404,http://bernamarshall.iblogger.org/about-us,2026-09-07 05:29:12
http://zevkennedy.is-great.org,404,Error_404,http://zevkennedy.is-great.org/privacy-policy,2026-09-07 05:29:12
http://johannaarredo.my-style.in,404,Error_404,http://johannaarredo.my-style.in/contact-us,2026-09-07 05:29:12
http://sherylgiles.wuaze.com,404,Error_404,http://sherylgiles.wuaze.com/about-us,2026-09-07 05:29:12
http://liamguthrie.great-site.net,404,Error_404,http://liamguthrie.great-site.net/contact-us,2026-09-07 05:29:12
http://vladimirnelson.is-best.net,404,Error_404,http://vladimirnelson.is-best.net/about-us,2026-09-07 05:29:12
http://anelhino.is-best.net,404,Error_404,http://anelhino.is-best.net/about-us,2026-09-07 05:29:12
http://matthewashin.kesug.com,404,Error_404,http://matthewashin.kesug.com/privacy-policy,2026-09-07 05:29:12
http://fernandoschn.great-site.net,404,Error_404,http://fernandoschn.great-site.net/contact-us,2026-09-07 05:29:12
http://ezramueller.is-great.net,404,Error_404,http://ezramueller.is-great.net/privacy-policy,2026-09-07 05:29:12
http://covingtonthemark.likesyou.org,404,Error_404,http://covingtonthemark.likesyou.org/contact-us,2026-09-07 05:29:12
http://russoveronese.is-great.net,404,Error_404,http://russoveronese.is-great.net/contact-us,2026-09-07 05:29:12
http://laurakumar.wuaze.com,404,Error_404,http://laurakumar.wuaze.com/privacy-policy,2026-09-07 05:29:12
http://blakemathy.great-site.net,404,Error_404,http://blakemathy.great-site.net/privacy-policy,2026-09-07 05:29:12
http://tommiefowler.great-site.net,404,Error_404,http://tommiefowler.great-site.net/privacy-policy,2026-09-07 05:29:12
http://iramcmillan.kesug.com,404,Error_404,http://iramcmillan.kesug.com/about-us,2026-09-07 05:29:12
http://barthoward.lovestoblog.com,404,Error_404,http://barthoward.lovestoblog.com/privacy-policy,2026-09-07 05:29:12
http://carlykeith.kesug.com,404,Error_404,http://carlykeith.kesug.com/contact-us,2026-09-07 05:29:12
http://milenaandrade.great-site.net,404,Error_404,http://milenaandrade.great-site.net/privacy-policy,2026-09-07 05:29:12
http://ernieshah.lovestoblog.com,404,Error_404,http://ernieshah.lovestoblog.com/contact-us,2026-09-07 05:29:12
http://ericlong.is-best.net,404,Error_404,http://ericlong.is-best.net/contact-us,2026-09-07 05:29:12
http://trusolomon.is-great.net,404,Error_404,http://trusolomon.is-great.net/contact-us,2026-09-07 05:29:12
http://warrensanderson.is-great.net,404,Error_404,http://warrensanderson.is-great.net/privacy-policy,2026-09-07 05:29:12
http://laramathews.great-site.net,404,Error_404,http://laramathews.great-site.net/privacy-policy,2026-09-07 05:29:12
http://dailythehogwarts.is-best.net,404,Error_404,http://dailythehogwarts.is-best.net/contact-us,2026-09-07 05:29:12
http://crimsoncro.kesug.com,404,Error_404,http://crimsoncro.kesug.com/about-us,2026-09-07 05:29:12
http://bonniesherman.is-great.org,404,Error_404,http://bonniesherman.is-great.org/contact-us,2026-09-07 05:29:12
http://stefanpfeiffer.loveslife.biz,404,Error_404,http://stefanpfeiffer.loveslife.biz/privacy-policy,2026-09-07 05:29:12
http://rowenberg.is-great.org,404,Error_404,http://rowenberg.is-great.org/about-us,2026-09-07 05:29:12
http://deborahcosentino.wuaze.com,404,Error_404,http://deborahcosentino.wuaze.com/privacy-policy,2026-09-07 05:29:12
http://sarahwhite.iblogger.org,404,Error_404,http://sarahwhite.iblogger.org/privacy-policy,2026-09-07 05:29:12
http://nidiaguadar.is-best.net,404,Error_404,http://nidiaguadar.is-best.net/contact-us,2026-09-07 05:29:12
http://whisperingwind.is-best.net,404,Error_404,http://whisperingwind.is-best.net/privacy-policy,2026-09-07 05:29:12
http://ottawacitizen.lovestoblog.com,404,Error_404,http://ottawacitizen.lovestoblog.com/,2026-09-07 05:29:12
http://salomesanti.is-great.net,404,Error_404,http://salomesanti.is-great.net/about-us,2026-09-07 05:29:12
http://wandaeberl.wuaze.com,404,Error_404,http://wandaeberl.wuaze.com/privacy-policy,2026-09-07 05:29:12
http://robertmcclure.lovestoblog.com,404,Error_404,http://robertmcclure.lovestoblog.com/about-us,2026-09-07 05:29:12
http://calgarysunnews.great-site.net,404,Error_404,http://calgarysunnews.great-site.net/contact-us,2026-09-07 05:29:12
http://klaudijahrvatin.lovestoblog.com,404,Error_404,http://klaudijahrvatin.lovestoblog.com/about-us,2026-09-07 05:29:12
http://andrewvalenz.iblogger.org,404,Error_404,http://andrewvalenz.iblogger.org/about-us,2026-09-07 05:29:12
http://rogervilleneuve.iblogger.org,404,Error_404,http://rogervilleneuve.iblogger.org/,2026-09-07 05:29:12
http://culturopedlanews.synergize.co,404,Error_404,http://culturopedlanews.synergize.co/about-us,2026-09-07 05:29:12
http://danicadrake.wuaze.com,404,Error_404,http://danicadrake.wuaze.com/about-us,2026-09-07 05:29:12
http://manamericanstates.my-board.org,404,Error_404,http://manamericanstates.my-board.org/about-us,2026-09-07 05:29:12
http://edsonesquivel.iblogger.org,404,Error_404,http://edsonesquivel.iblogger.org/about-us,2026-09-07 05:29:12
http://southafricatimes.social-networking.me,404,Error_404,http://southafricatimes.social-networking.me/about-us,2026-09-07 05:29:12
http://oliverolson.kesug.com,404,Error_404,http://oliverolson.kesug.com/contact-us,2026-09-07 05:29:12
http://liverthepoolecho.my-style.in,404,Error_404,http://liverthepoolecho.my-style.in/about-us,2026-09-07 05:29:12
http://nebulanomad.is-great.net,404,Error_404,http://nebulanomad.is-great.net/privacy-policy,2026-09-07 05:29:12
http://angelospencer.lovestoblog.com,404,Error_404,http://angelospencer.lovestoblog.com/contact-us,2026-09-07 05:29:12
http://ronaldconley.is-great.net,404,Error_404,http://ronaldconley.is-great.net/contact-us,2026-09-07 05:29:12
http://alfonsinamari.wuaze.com,404,Error_404,http://alfonsinamari.wuaze.com/about-us,2026-09-07 05:29:12
http://shvilleteneseanna.great-site.net,404,Error_404,http://shvilleteneseanna.great-site.net/privacy-policy,2026-09-07 05:29:12
http://etherealecho.mydiscussion.net,404,Error_404,http://etherealecho.mydiscussion.net/about-us,2026-09-07 05:29:12
http://mysterymoonlit.iblogger.org,404,Error_404,http://mysterymoonlit.iblogger.org/privacy-policy,2026-09-07 05:29:12
http://mavisfarrell.is-great.net,404,Error_404,http://mavisfarrell.is-great.net/,2026-09-07 05:29:12
http://robertlemore.is-great.org,404,Error_404,http://robertlemore.is-great.org/about-us,2026-09-07 05:29:12
http://angusboehm.is-great.org,404,Suspended,https://suspended-domain.net/index.php?host=angusboehm.is-great.org,2026-09-07 05:29:12
http://mandailyoklaho.my-board.org,404,Error_404,http://mandailyoklaho.my-board.org/privacy-policy,2026-09-07 05:29:12
http://carlokemp.great-site.net,404,Error_404,http://carlokemp.great-site.net/contact-us,2026-09-07 05:29:12
http://hugohowell.lovestoblog.com,404,Suspended,https://suspended-domain.net/index.php?host=hugohowell.lovestoblog.com,2026-09-07 05:29:12
http://parkerharri.lovestoblog.com,404,Error_404,http://parkerharri.lovestoblog.com/contact-us,2026-09-07 05:29:12
http://panoramapost.lovestoblog.com,404,Error_404,http://panoramapost.lovestoblog.com/about-us,2026-09-07 05:29:12
http://bostonglobe.totalh.net,404,Error_404,http://bostonglobe.totalh.net/contact-us,2026-09-07 05:29:12
http://maggiebell.iblogger.org,404,Error_404,http://maggiebell.iblogger.org/contact-us,2026-09-07 05:29:12
http://santerisihvonen.is-great.net,404,Error_404,http://santerisihvonen.is-great.net/about-us,2026-09-07 05:29:12
http://arnoldbreaux.wuaze.com,404,Error_404,http://arnoldbreaux.wuaze.com/contact-us,2026-09-07 05:29:12
http://soulsunlit.totalh.net,404,Error_404,http://soulsunlit.totalh.net/about-us,2026-09-07 05:29:12
http://joandicki.is-best.net,404,Error_404,http://joandicki.is-best.net/privacy-policy,2026-09-07 05:29:12
http://jamieherman.wuaze.com,404,Error_404,http://jamieherman.wuaze.com/contact-us,2026-09-07 05:29:12
http://bentonbooker.great-site.net,404,Error_404,http://bentonbooker.great-site.net/privacy-policy,2026-09-07 05:29:12
http://surgestorm.great-site.net,404,Error_404,http://surgestorm.great-site.net/about-us,2026-09-07 05:29:12
http://kimberharding.wuaze.com,404,Error_404,http://kimberharding.wuaze.com/about-us,2026-09-07 05:29:12
http://shadowspirit.kesug.com,404,Error_404,http://shadowspirit.kesug.com/privacy-policy,2026-09-07 05:29:12
http://emersonsnow.wuaze.com,404,Error_404,http://emersonsnow.wuaze.com/privacy-policy,2026-09-07 05:29:12
http://kristenharder.lovestoblog.com,404,Error_404,http://kristenharder.lovestoblog.com/contact-us,2026-09-07 05:29:12
http://sofiaschmidt.lovestoblog.com,404,Error_404,http://sofiaschmidt.lovestoblog.com/contact-us,2026-09-07 05:29:12
http://mysticmariner.kesug.com,404,Error_404,http://mysticmariner.kesug.com/privacy-policy,2026-09-07 05:29:12
http://eliseocalder.is-great.net,404,Error_404,http://eliseocalder.is-great.net/about-us,2026-09-07 05:29:12
http://camilakrueger.wuaze.com,404,Error_404,http://camilakrueger.wuaze.com/privacy-policy,2026-09-07 05:29:12
http://gabriellethomas.is-great.net,404,Error_404,http://gabriellethomas.is-great.net/privacy-policy,2026-09-07 05:29:12
http://sissontammie.nichesite.org,404,Error_404,http://sissontammie.nichesite.org/privacy-policy,2026-09-07 05:29:12
http://washingtonthepost.is-best.net,404,Error_404,http://washingtonthepost.is-best.net/about-us,2026-09-07 05:29:12
http://solomonmartin.is-great.org,404,Error_404,http://solomonmartin.is-great.org/contact-us,2026-09-07 05:29:12
http://veronicaweaver.is-great.net,404,Error_404,http://veronicaweaver.is-great.net/privacy-policy,2026-09-07 05:29:12
http://claratyler.great-site.net,404,Error_404,http://claratyler.great-site.net/about-us,2026-09-07 05:29:12
http://wiktormaddox.iblogger.org,404,Error_404,http://wiktormaddox.iblogger.org/privacy-policy,2026-09-07 05:29:12
http://duskdancer.great-site.net,404,Error_404,http://duskdancer.great-site.net/,2026-09-07 05:29:12
http://genevtrevino.kesug.com,404,Error_404,http://genevtrevino.kesug.com/contact-us,2026-09-07 05:29:12
http://megkasper.kesug.com,404,Error_404,http://megkasper.kesug.com/contact-us,2026-09-07 05:29:12
http://alexhahn.wuaze.com,404,Error_404,http://alexhahn.wuaze.com/contact-us,2026-09-07 05:29:12
http://emmettfrazier.is-great.org,404,Error_404,http://emmettfrazier.is-great.org/privacy-policy,2026-09-07 05:29:12
http://lucastrickland.iblogger.org,404,Error_404,http://lucastrickland.iblogger.org/contact-us,2026-09-07 05:29:12
http://willowwhisperer.iblogger.org,404,Error_404,http://willowwhisperer.iblogger.org/privacy-policy,2026-09-07 05:29:12
http://reginalija.kesug.com,404,Error_404,http://reginalija.kesug.com/about-us,2026-09-07 05:29:12
http://lukefloyd.is-great.net,404,Error_404,http://lukefloyd.is-great.net/contact-us,2026-09-07 05:29:12
http://paulbrown.is-great.net,404,Error_404,http://paulbrown.is-great.net/privacy-policy,2026-09-07 05:29:12
http://echoessence.iblogger.org,404,Error_404,http://echoessence.iblogger.org/contact-us,2026-09-07 05:29:12
http://braydenslatery.lovestoblog.com,404,Suspended,https://suspended-domain.net/index.php?host=braydenslatery.lovestoblog.com,2026-09-07 05:29:12
http://aaronrentoul.great-site.net,404,Error_404,http://aaronrentoul.great-site.net/privacy-policy,2026-09-07 05:29:12
http://prestonsadler.is-great.net,404,Error_404,http://prestonsadler.is-great.net/about-us,2026-09-07 05:29:12
http://gonxhesharma.iblogger.org,404,Error_404,http://gonxhesharma.iblogger.org/contact-us,2026-09-07 05:29:12
http://mireyawalsh.lovestoblog.com,404,Error_404,http://mireyawalsh.lovestoblog.com/about-us,2026-09-07 05:29:12
http://oliverleslie.great-site.net,404,Error_404,http://oliverleslie.great-site.net/contact-us,2026-09-07 05:29:12
http://dailyhub.wuaze.com,404,Error_404,http://dailyhub.wuaze.com/about-us,2026-09-07 05:29:12
http://sophierobles.lovestoblog.com,404,Error_404,http://sophierobles.lovestoblog.com/contact-us,2026-09-07 05:29:12
http://andresfowler.is-great.net,404,Error_404,http://andresfowler.is-great.net/contact-us,2026-09-07 05:29:12
http://zettehoosega.wuaze.com,404,Error_404,http://zettehoosega.wuaze.com/contact-us,2026-09-07 05:29:12
http://alianacalabrese.my-board.org,404,Error_404,http://alianacalabrese.my-board.org/,2026-09-07 05:29:12
http://laceyhowell.great-site.net,404,Error_404,http://laceyhowell.great-site.net/contact-us,2026-09-07 05:29:12
http://dominichuber.great-site.net,404,Error_404,http://dominichuber.great-site.net/about-us,2026-09-07 05:29:12
http://scurrentevent.is-great.net,404,Error_404,http://scurrentevent.is-great.net/contact-us,2026-09-07 05:29:12
http://kaymclaughlin.is-best.net,404,Error_404,http://kaymclaughlin.is-best.net/about-us,2026-09-07 05:29:12
http://anthonydumais.lovestoblog.com,404,Error_404,http://anthonydumais.lovestoblog.com/about-us,2026-09-07 05:29:12
http://genevieve.iblogger.org,404,Error_404,http://genevieve.iblogger.org/,2026-09-07 05:29:12
http://souththechina.lovestoblog.com,404,Error_404,http://souththechina.lovestoblog.com/contact-us,2026-09-07 05:29:12
http://justinseccombe.is-best.net,404,Error_404,http://justinseccombe.is-best.net/contact-us,2026-09-07 05:29:12
http://devinlarouche.is-best.net,404,Error_404,http://devinlarouche.is-best.net/privacy-policy,2026-09-07 05:29:12
http://gulfnewsthetwinmos.mydiscussion.net,404,Error_404,http://gulfnewsthetwinmos.mydiscussion.net/about-us,2026-09-07 05:29:12
http://jeanlynn.great-site.net,404,Error_404,http://jeanlynn.great-site.net/,2026-09-07 05:29:12
http://jerrymurphy.wuaze.com,404,Error_404,http://jerrymurphy.wuaze.com/privacy-policy,2026-09-07 05:29:12
http://berthatorre.is-great.net,404,Error_404,http://berthatorre.is-great.net/about-us,2026-09-07 05:29:12
http://marionachleitner.is-best.net,404,Error_404,http://marionachleitner.is-best.net/privacy-policy,2026-09-07 05:29:12
http://newsnetnews.my-board.org,404,Suspended,https://suspended-domain.net/index.php?host=newsnetnews.my-board.org,2026-09-07 05:29:12
http://beardickerson.iblogger.org,404,Error_404,http://beardickerson.iblogger.org/about-us,2026-09-07 05:29:12
http://nathasampson.lovestoblog.com,404,Error_404,http://nathasampson.lovestoblog.com/contact-us,2026-09-07 05:29:12
http://elinorrobbins.is-best.net,404,Error_404,http://elinorrobbins.is-best.net/contact-us,2026-09-07 05:29:12
http://christiangutierrez.iblogger.org,404,Error_404,http://christiangutierrez.iblogger.org/,2026-09-07 05:29:12
http://thiagolu.iblogger.org,404,Error_404,http://thiagolu.iblogger.org/,2026-09-07 05:29:12
http://irelandkerns.kesug.com,404,Error_404,http://irelandkerns.kesug.com/about-us,2026-09-07 05:29:12
http://stanwilcox.is-great.net,404,Error_404,http://stanwilcox.is-great.net/privacy-policy,2026-09-07 05:29:12
http://bradymaldon.is-best.net,404,Error_404,http://bradymaldon.is-best.net/contact-us,2026-09-07 05:29:12
http://wyattnichols.iblogger.org,404,Error_404,http://wyattnichols.iblogger.org/contact-us,2026-09-07 05:29:12
http://travionkinnon.lovestoblog.com,404,Error_404,http://travionkinnon.lovestoblog.com/contact-us,2026-09-07 05:29:12
http://mariannecampbell.kesug.com,404,Error_404,http://mariannecampbell.kesug.com/about-us,2026-09-07 05:29:12
http://veronicapad.is-best.net,404,Error_404,http://veronicapad.is-best.net/about-us,2026-09-07 05:29:12
http://elenaortiz.great-site.net,404,Error_404,http://elenaortiz.great-site.net/privacy-policy,2026-09-07 05:29:12
http://dreamdiver.kesug.com,404,Error_404,http://dreamdiver.kesug.com/about-us,2026-09-07 05:29:12
http://natashamarsh.is-great.org,404,Error_404,http://natashamarsh.is-great.org/privacy-policy,2026-09-07 05:29:12
http://martabenton.great-site.net,404,Error_404,http://martabenton.great-site.net/about-us,2026-09-07 05:29:12
http://jazielnguyen.kesug.com,404,Error_404,http://jazielnguyen.kesug.com/contact-us,2026-09-07 05:29:12
http://embereclipse.totalh.net,404,Error_404,http://embereclipse.totalh.net/privacy-policy,2026-09-07 05:29:12
http://archiemonds.lovestoblog.com,404,Error_404,http://archiemonds.lovestoblog.com/privacy-policy,2026-09-07 05:29:12
http://meghastanton.kesug.com,404,Error_404,http://meghastanton.kesug.com/contact-us,2026-09-07 05:29:12
http://nicholasclayton.great-site.net,404,Error_404,http://nicholasclayton.great-site.net/contact-us,2026-09-07 05:29:12
http://winstonmarshall.great-site.net,404,Error_404,http://winstonmarshall.great-site.net/contact-us,2026-09-07 05:29:12
http://chadwickbanks.great-site.net,404,Error_404,http://chadwickbanks.great-site.net/contact-us,2026-09-07 05:29:12
http://dorinahoeben.lovestoblog.com,404,Error_404,http://dorinahoeben.lovestoblog.com/about-us,2026-09-07 05:29:12
http://punditpapernews.likesyou.org,404,Error_404,http://punditpapernews.likesyou.org/,2026-09-07 05:29:12
http://sallyatkins.lovestoblog.com,404,Error_404,http://sallyatkins.lovestoblog.com/about-us,2026-09-07 05:29:12
http://crimsoncro.wuaze.com,404,Error_404,http://crimsoncro.wuaze.com/privacy-policy,2026-09-07 05:29:12
http://acilialackner.lovestoblog.com,404,Error_404,http://acilialackner.lovestoblog.com/privacy-policy,2026-09-07 05:29:12
http://dsigmantheronal.my-board.org,404,Error_404,http://dsigmantheronal.my-board.org/privacy-policy,2026-09-07 05:29:12
http://generalthetrust.kesug.com,404,Error_404,http://generalthetrust.kesug.com/contact-us,2026-09-07 05:29:12
http://trevorlutz.wuaze.com,404,Error_404,http://trevorlutz.wuaze.com/about-us,2026-09-07 05:29:12
http://sophiabruntnell.great-site.net,404,Error_404,http://sophiabruntnell.great-site.net/about-us,2026-09-07 05:29:12
http://camdenkramer.iblogger.org,404,Error_404,http://camdenkramer.iblogger.org/about-us,2026-09-07 05:29:12
http://rubyduterrau.is-great.net,404,Error_404,http://rubyduterrau.is-great.net/contact-us,2026-09-07 05:29:12
http://sonnywarren.lovestoblog.com,404,Error_404,http://sonnywarren.lovestoblog.com/about-us,2026-09-07 05:29:12
http://flynnkeartland.is-best.net,404,Error_404,http://flynnkeartland.is-best.net/about-us,2026-09-07 05:29:12
http://cramentobesa.kesug.com,404,Error_404,http://cramentobesa.kesug.com/about-us,2026-09-07 05:29:12
http://leonardomelton.iblogger.org,404,Error_404,http://leonardomelton.iblogger.org/about-us,2026-09-07 05:29:12
http://stellamurillo.lovestoblog.com,404,Error_404,http://stellamurillo.lovestoblog.com/privacy-policy,2026-09-07 05:29:12
http://sanjaziegler.great-site.net,404,Error_404,http://sanjaziegler.great-site.net/contact-us,2026-09-07 05:29:12
http://emmiecraig.lovestoblog.com,404,Error_404,http://emmiecraig.lovestoblog.com/about-us,2026-09-07 05:29:12
http://reubendorsey.kesug.com,404,Error_404,http://reubendorsey.kesug.com/about-us,2026-09-07 05:29:12
http://jonfuentes.kesug.com,404,Error_404,http://jonfuentes.kesug.com/privacy-policy,2026-09-07 05:29:12
http://sidhale.iblogger.org,404,Error_404,http://sidhale.iblogger.org/about-us,2026-09-07 05:29:12
http://lianamcmahon.kesug.com,404,Error_404,http://lianamcmahon.kesug.com/contact-us,2026-09-07 05:29:12
http://connorfarmer.is-best.net,404,Error_404,http://connorfarmer.is-best.net/contact-us,2026-09-07 05:29:12
http://jacobbirtwistle.lovestoblog.com,404,Error_404,http://jacobbirtwistle.lovestoblog.com/privacy-policy,2026-09-07 05:29:12
http://duskdefender.lovestoblog.com,404,Error_404,http://duskdefender.lovestoblog.com/privacy-policy,2026-09-07 05:29:12
http://hannaflanders.is-best.net,404,Error_404,http://hannaflanders.is-best.net/privacy-policy,2026-09-07 05:29:12
http://evanrees.great-site.net,404,Error_404,http://evanrees.great-site.net/contact-us,2026-09-07 05:29:12
http://ramonacavalieri.great-site.net,404,Error_404,http://ramonacavalieri.great-site.net/about-us,2026-09-07 05:29:12
http://reignkirk.iblogger.org,404,Error_404,http://reignkirk.iblogger.org/privacy-policy,2026-09-07 05:29:12
http://veraboyle.iblogger.org,404,Error_404,http://veraboyle.iblogger.org/privacy-policy,2026-09-07 05:29:12
http://reginalefebvre.is-great.net,404,Error_404,http://reginalefebvre.is-great.net/about-us,2026-09-07 05:29:12
http://evedixson.great-site.net,404,Error_404,http://evedixson.great-site.net/,2026-09-07 05:29:12
http://serenacampbell.kesug.com,404,Error_404,http://serenacampbell.kesug.com/,2026-09-07 05:29:12
http://reeceslater.great-site.net,404,Error_404,http://reeceslater.great-site.net/about-us,2026-09-07 05:29:12
http://claytonvincent.is-great.net,404,Error_404,http://claytonvincent.is-great.net/privacy-policy,2026-09-07 05:29:12
http://donnstone.iblogger.org,404,Error_404,http://donnstone.iblogger.org/contact-us,2026-09-07 05:29:12
http://brycereich.iblogger.org,404,Error_404,http://brycereich.iblogger.org/privacy-policy,2026-09-07 05:29:12
http://leighjacob.kesug.com,404,Error_404,http://leighjacob.kesug.com/about-us,2026-09-07 05:29:12
http://josephport.is-great.org,404,Suspended,https://suspended-domain.net/index.php?host=josephport.is-great.org,2026-09-07 05:29:12
http://scottyang.wuaze.com,404,Error_404,http://scottyang.wuaze.com/about-us,2026-09-07 05:29:12
http://auroraalloy.great-site.net,404,Error_404,http://auroraalloy.great-site.net/,2026-09-07 05:29:12
http://newyorkthetimes.fast-page.org,404,Error_404,http://newyorkthetimes.fast-page.org/privacy-policy,2026-09-07 05:29:12
http://sapphiresong.great-site.net,404,Error_404,http://sapphiresong.great-site.net/about-us,2026-09-07 05:29:12
http://orestepapini.lovestoblog.com,404,Error_404,http://orestepapini.lovestoblog.com/contact-us,2026-09-07 05:29:12
http://davidsteinfeld.is-best.net,404,Error_404,http://davidsteinfeld.is-best.net/privacy-policy,2026-09-07 05:29:12
http://hunterconley.wuaze.com,404,Error_404,http://hunterconley.wuaze.com/privacy-policy,2026-09-07 05:29:12
http://felvynevereten.is-best.net,404,Error_404,http://felvynevereten.is-best.net/about-us,2026-09-07 05:29:12
http://diannemacdougall.wuaze.com,404,Error_404,http://diannemacdougall.wuaze.com/about-us,2026-09-07 05:29:12
http://simonbutler.iblogger.org,404,Error_404,http://simonbutler.iblogger.org/about-us,2026-09-07 05:29:12
http://everlastingember.iblogger.org,404,Error_404,http://everlastingember.iblogger.org/privacy-policy,2026-09-07 05:29:12
http://jasmineblacket.wuaze.com,404,Error_404,http://jasmineblacket.wuaze.com/about-us,2026-09-07 05:29:12
http://ajijowens.is-best.net,404,Error_404,http://ajijowens.is-best.net/about-us,2026-09-07 05:29:12
http://tadeobean.is-great.net,404,Error_404,http://tadeobean.is-great.net/privacy-policy,2026-09-07 05:29:12
http://raydencorrea.iblogger.org,404,Error_404,http://raydencorrea.iblogger.org/about-us,2026-09-07 05:29:12
http://observertime.iblogger.org,404,Error_404,http://observertime.iblogger.org/privacy-policy,2026-09-07 05:29:12
http://alfiabarra.great-site.net,404,Error_404,http://alfiabarra.great-site.net/contact-us,2026-09-07 05:29:12
http://zoiemarshall.my-board.org,404,Error_404,http://zoiemarshall.my-board.org/privacy-policy,2026-09-07 05:29:12
http://maxwellhuber.iblogger.org,404,Error_404,http://maxwellhuber.iblogger.org/contact-us,2026-09-07 05:29:12
http://luisdumas.lovestoblog.com,404,Error_404,http://luisdumas.lovestoblog.com/about-us,2026-09-07 05:29:12
http://archielatrobe.is-great.org/wp-admin,404,Error_404,http://archielatrobe.is-great.org/wp-admin/privacy-policy,2026-09-07 05:29:12
http://isabelbradley.great-site.net,404,Error_404,http://isabelbradley.great-site.net/contact-us,2026-09-07 05:29:12
http://syedfrank.is-great.net,404,Error_404,http://syedfrank.is-great.net/about-us,2026-09-07 05:29:12
http://stewartsingh.is-great.net,404,Error_404,http://stewartsingh.is-great.net/privacy-policy,2026-09-07 05:29:12
http://noahbuck.is-best.net,404,Error_404,http://noahbuck.is-best.net/about-us,2026-09-07 05:29:12
http://imogenbogle.great-site.net,404,Error_404,http://imogenbogle.great-site.net/contact-us,2026-09-07 05:29:12
http://drifterdus.great-site.net,404,Error_404,http://drifterdus.great-site.net/about-us,2026-09-07 05:29:12
http://pinnaclepress.kesug.com,404,Error_404,http://pinnaclepress.kesug.com/privacy-policy,2026-09-07 05:29:12
http://daymelvillenews.is-great.net,404,Error_404,http://daymelvillenews.is-great.net/contact-us,2026-09-07 05:29:12
http://cascadecrimson.kesug.com,404,Error_404,http://cascadecrimson.kesug.com/contact-us,2026-09-07 05:29:12
http://harmoniduffy.great-site.net,404,Error_404,http://harmoniduffy.great-site.net/privacy-policy,2026-09-07 05:29:12
http://ladelphiainquirerphi.kesug.com,404,Error_404,http://ladelphiainquirerphi.kesug.com/about-us,2026-09-07 05:29:12
http://alvarochase.is-best.net,404,Error_404,http://alvarochase.is-best.net/contact-us,2026-09-07 05:29:12
http://margarcormie.iblogger.org,404,Error_404,http://margarcormie.iblogger.org/about-us,2026-09-07 05:29:12
http://mabelmahon.wuaze.com,404,Error_404,http://mabelmahon.wuaze.com/contact-us,2026-09-07 05:29:12
http://adamjeffer.wuaze.com,404,Error_404,http://adamjeffer.wuaze.com/contact-us,2026-09-07 05:29:12
http://martishaf.wuaze.com,404,Error_404,http://martishaf.wuaze.com/privacy-policy,2026-09-07 05:29:12
http://desmoinesregister.my-board.org,404,Error_404,http://desmoinesregister.my-board.org/contact-us,2026-09-07 05:29:12
http://veronicasando.lovestoblog.com,404,Error_404,http://veronicasando.lovestoblog.com/about-us,2026-09-07 05:29:12
http://jenniefry.kesug.com,404,Error_404,http://jenniefry.kesug.com/contact-us,2026-09-07 05:29:12
http://javiersantos.is-great.net,404,Error_404,http://javiersantos.is-great.net/privacy-policy,2026-09-07 05:29:12
http://spiritspectacle.great-site.net,404,Error_404,http://spiritspectacle.great-site.net/about-us,2026-09-07 05:29:12
http://andersonwilliam.is-great.org,404,Error_404,http://andersonwilliam.is-great.org/about-us,2026-09-07 05:29:12
http://kilgoredesiree.iblogger.org,404,Error_404,http://kilgoredesiree.iblogger.org/privacy-policy,2026-09-07 05:29:12
http://jeffreyhorne.is-best.net,404,Error_404,http://jeffreyhorne.is-best.net/privacy-policy,2026-09-07 05:29:12
http://corybeebe.kesug.com,404,Error_404,http://corybeebe.kesug.com/contact-us,2026-09-07 05:29:12
http://amberabbott.is-best.net,404,Error_404,http://amberabbott.is-best.net/about-us,2026-09-07 05:29:12
http://leighhuter.great-site.net,404,Error_404,http://leighhuter.great-site.net/about-us,2026-09-07 05:29:12
http://jackmontes.wuaze.com,404,Error_404,http://jackmontes.wuaze.com/privacy-policy,2026-09-07 05:29:12
http://dreamdefender.lovestoblog.com,404,Error_404,http://dreamdefender.lovestoblog.com/contact-us,2026-09-07 05:29:12
http://nicolaray.kesug.com,404,Error_404,http://nicolaray.kesug.com/about-us,2026-09-07 05:29:12
http://dtormyberenade.my-style.in,404,Error_404,http://dtormyberenade.my-style.in/privacy-policy,2026-09-07 05:29:12
http://myleshills.iblogger.org,404,Error_404,http://myleshills.iblogger.org/contact-us,2026-09-07 05:29:12
http://gabriekrause.iblogger.org,0,Invalid/Down,N/A,2026-09-07 05:29:12
http://lennysmall.is-great.org,404,Error_404,http://lennysmall.is-great.org/privacy-policy,2026-09-07 05:29:12
http://keiranrhodes.great-site.net,404,Error_404,http://keiranrhodes.great-site.net/about-us,2026-09-07 05:29:12
http://elanadowdy.iblogger.org,404,Error_404,http://elanadowdy.iblogger.org/,2026-09-07 05:29:12
http://marioabt.is-great.net,404,Error_404,http://marioabt.is-great.net/contact-us,2026-09-07 05:29:12
http://lunaluminary.great-site.net,404,Suspended,https://suspended-domain.net/index.php?host=lunaluminary.great-site.net,2026-09-07 05:29:12
http://xiaocarrier.great-site.net,404,Error_404,http://xiaocarrier.great-site.net/contact-us,2026-09-07 05:29:12
http://berndmaier.is-great.org,404,Error_404,http://berndmaier.is-great.org/about-us,2026-09-07 05:29:12
http://blanchcastro.wuaze.com,404,Error_404,http://blanchcastro.wuaze.com/contact-us,2026-09-07 05:29:12
http://windwhisper.likesyou.org,404,Error_404,http://windwhisper.likesyou.org/about-us,2026-09-07 05:29:12
http://jarrodcox.is-great.net,404,Error_404,http://jarrodcox.is-great.net/contact-us,2026-09-07 05:29:12
http://arianicholson.great-site.net,404,Error_404,http://arianicholson.great-site.net/about-us,2026-09-07 05:29:12
http://renaldocasti.kesug.com,404,Error_404,http://renaldocasti.kesug.com/,2026-09-07 05:29:12
http://elliothartman.iblogger.org,404,Error_404,http://elliothartman.iblogger.org/contact-us,2026-09-07 05:29:12
http://echoessence.talk4fun.net,404,Error_404,http://echoessence.talk4fun.net/about-us,2026-09-07 05:29:12
http://aminaball.wuaze.com,404,Error_404,http://aminaball.wuaze.com/contact-us,2026-09-07 05:29:12
http://athenamerritt.kesug.com,404,Error_404,http://athenamerritt.kesug.com/about-us,2026-09-07 05:29:12
http://josephtorres.is-best.net,404,Error_404,http://josephtorres.is-best.net/privacy-policy,2026-09-07 05:29:12
http://andersonmann.kesug.com,404,Error_404,http://andersonmann.kesug.com/contact-us,2026-09-07 05:29:12
http://rossnewsthomas.fast-page.org,404,Error_404,http://rossnewsthomas.fast-page.org/contact-us,2026-09-07 05:29:12
http://patricsutton.is-great.org,404,Error_404,http://patricsutton.is-great.org/about-us,2026-09-07 05:29:12
http://avianapruitt.kesug.com,404,Error_404,http://avianapruitt.kesug.com/privacy-policy,2026-09-07 05:29:12
http://heikekohl.is-great.net,404,Error_404,http://heikekohl.is-great.net/about-us,2026-09-07 05:29:12
http://jodiebethe.my-board.org,404,Error_404,http://jodiebethe.my-board.org/,2026-09-07 05:29:12
http://milowilliam.kesug.com,404,Error_404,http://milowilliam.kesug.com/privacy-policy,2026-09-07 05:29:12
http://erickaguillory.loveslife.biz,404,Error_404,http://erickaguillory.loveslife.biz/about-us,2026-09-07 05:29:12
http://strikerthunder.is-best.net,404,Error_404,http://strikerthunder.is-best.net/about-us,2026-09-07 05:29:12
http://genesislambert.wuaze.com,404,Error_404,http://genesislambert.wuaze.com/about-us,2026-09-07 05:29:12
http://saintbarber.is-best.net,404,Error_404,http://saintbarber.is-best.net/contact-us,2026-09-07 05:29:12
http://benvondoussa.great-site.net,404,Error_404,http://benvondoussa.great-site.net/privacy-policy,2026-09-07 05:29:12
http://orianabaraldi.is-great.net,404,Error_404,http://orianabaraldi.is-great.net/about-us,2026-09-07 05:29:12
http://jonasramsey.is-great.org,404,Error_404,http://jonasramsey.is-great.org/privacy-policy,2026-09-07 05:29:12
http://hildawiggins.lovestoblog.com,404,Error_404,http://hildawiggins.lovestoblog.com/contact-us,2026-09-07 05:29:12
http://marybarker.kesug.com,404,Error_404,http://marybarker.kesug.com/about-us,2026-09-07 05:29:12
http://thehogwartspost.my-board.org,404,Error_404,http://thehogwartspost.my-board.org/about-us,2026-09-07 05:29:12
http://leonelelliott.iblogger.org,404,Error_404,http://leonelelliott.iblogger.org/contact-us,2026-09-07 05:29:12
http://brunobates.great-site.net,404,Error_404,http://brunobates.great-site.net/about-us,2026-09-07 05:29:12
http://shadowseeker.great-site.net,404,Error_404,http://shadowseeker.great-site.net/contact-us,2026-09-07 05:29:12
http://thundertempest.wuaze.com,404,Error_404,http://thundertempest.wuaze.com/about-us,2026-09-07 05:29:12
http://harveyramon.my-style.in,404,Error_404,http://harveyramon.my-style.in/contact-us,2026-09-07 05:29:12
http://flameflicker.totalh.net,404,Error_404,http://flameflicker.totalh.net/contact-us,2026-09-07 05:29:12
http://mitchelcune.wuaze.com,404,Error_404,http://mitchelcune.wuaze.com/contact-us,2026-09-07 05:29:12
http://kelvinstafford.is-great.net,0,Invalid/Down,N/A,2026-09-07 05:29:12
http://johanneroberts.iblogger.org,404,Error_404,http://johanneroberts.iblogger.org/about-us,2026-09-07 05:29:12
http://bishal.com,0,Invalid/Down,N/A,2026-09-07 05:29:12
http://whitneycall.great-site.net,404,Error_404,http://whitneycall.great-site.net/about-us,2026-09-07 05:29:12
http://elainahuang.lovestoblog.com,404,Error_404,http://elainahuang.lovestoblog.com/privacy-policy,2026-09-07 05:29:12
http://memphissherman.iblogger.org,404,Error_404,http://memphissherman.iblogger.org/about-us,2026-09-07 05:29:12
http://kristgorc.is-great.org,404,Error_404,http://kristgorc.is-great.org/privacy-policy,2026-09-07 05:29:12
http://finleyweber.lovestoblog.com,404,Error_404,http://finleyweber.lovestoblog.com/contact-us,2026-09-07 05:29:12
http://oakleymyers.kesug.com,404,Error_404,http://oakleymyers.kesug.com/privacy-policy,2026-09-07 05:29:12
http://alendersaenger.lovestoblog.com,404,Error_404,http://alendersaenger.lovestoblog.com/privacy-policy,2026-09-07 05:29:12
http://lenahodge.iblogger.org,404,Error_404,http://lenahodge.iblogger.org/privacy-policy,2026-09-07 05:29:12
http://andremahler.iblogger.org,404,Error_404,http://andremahler.iblogger.org/privacy-policy,2026-09-07 05:29:12
http://rosawood.is-great.net,404,Error_404,http://rosawood.is-great.net/about-us,2026-09-07 05:29:12
http://jakemorant.is-great.org,404,Error_404,http://jakemorant.is-great.org/,2026-09-07 05:29:12
http://nataschawurzinger.great-site.net,404,Error_404,http://nataschawurzinger.great-site.net/contact-us,2026-09-07 05:29:12
http://careyknox.iblogger.org,404,Error_404,http://careyknox.iblogger.org/privacy-policy,2026-09-07 05:29:12
http://karineberhardt.wuaze.com,404,Error_404,http://karineberhardt.wuaze.com/privacy-policy,2026-09-07 05:29:12
http://novanomad.wuaze.com,404,Error_404,http://novanomad.wuaze.com/privacy-policy,2026-09-07 05:29:12
http://garrettkoch.is-great.net,404,Error_404,http://garrettkoch.is-great.net/about-us,2026-09-07 05:29:12
http://sabastnsannon.nichesite.org,404,Error_404,http://sabastnsannon.nichesite.org/contact-us,2026-09-07 05:29:12
http://journalhogwarts.lovestoblog.com,404,Error_404,http://journalhogwarts.lovestoblog.com/privacy-policy,2026-09-07 05:29:12
http://sammiegarcia.iblogger.org,404,Error_404,http://sammiegarcia.iblogger.org/privacy-policy,2026-09-07 05:29:12
http://michaelcox.kesug.com,404,Error_404,http://michaelcox.kesug.com/,2026-09-07 05:29:12
http://reporterthe.kesug.com,404,Error_404,http://reporterthe.kesug.com/privacy-policy,2026-09-07 05:29:12
http://sebastiancabena.wuaze.com,404,Error_404,http://sebastiancabena.wuaze.com/about-us,2026-09-07 05:29:12
http://newseveryday.rf.gd,404,Error_404,http://newseveryday.rf.gd/contact-us,2026-09-07 05:29:12
http://judejohn.lovestoblog.com,404,Error_404,http://judejohn.lovestoblog.com/contact-us,2026-09-07 05:29:12
http://dailythetelegraph.loveslife.biz,404,Error_404,http://dailythetelegraph.loveslife.biz/about-us,2026-09-07 05:29:12
http://samuelcoles.great-site.net,404,Error_404,http://samuelcoles.great-site.net/privacy-policy,2026-09-07 05:29:12
http://thunderstriker.kesug.com,404,Error_404,http://thunderstriker.kesug.com/about-us,2026-09-07 05:29:12
http://yeungthedwight.lovestoblog.com,404,Error_404,http://yeungthedwight.lovestoblog.com/privacy-policy,2026-09-07 05:29:12
http://tanyajohnson.great-site.net,404,Error_404,http://tanyajohnson.great-site.net/contact-us,2026-09-07 05:29:12
http://doncowan.wuaze.com,404,Error_404,http://doncowan.wuaze.com/contact-us,2026-09-07 05:29:12
http://jemmablake.wuaze.com,404,Error_404,http://jemmablake.wuaze.com/about-us,2026-09-07 05:29:12
http://sebastiangottlieb.lovestoblog.com,404,Error_404,http://sebastiangottlieb.lovestoblog.com/about-us,2026-09-07 05:29:12
http://unionstories.totalh.net,404,Error_404,http://unionstories.totalh.net/contact-us,2026-09-07 05:29:12
http://dariaholmes.is-great.org,404,Error_404,http://dariaholmes.is-great.org/about-us,2026-09-07 05:29:12
http://kieranwilson.is-best.net,404,Error_404,http://kieranwilson.is-best.net/privacy-policy,2026-09-07 05:29:12
http://massygreene.lovestoblog.com,404,Error_404,http://massygreene.lovestoblog.com/privacy-policy,2026-09-07 05:29:12
http://rylannewton.is-great.net,404,Error_404,http://rylannewton.is-great.net/privacy-policy,2026-09-07 05:29:12
http://babygirlclark.kesug.com,0,Invalid/Down,N/A,2026-09-07 05:29:12
http://gazettealive.totalh.net,404,Error_404,http://gazettealive.totalh.net/contact-us,2026-09-07 05:29:12
http://wilbertraymond.is-best.net,404,Error_404,http://wilbertraymond.is-best.net/about-us,2026-09-07 05:29:12
http://jamiehogan.wuaze.com,404,Error_404,http://jamiehogan.wuaze.com/about-us,2026-09-07 05:29:12
http://asavang.is-great.org,404,Error_404,http://asavang.is-great.org/,2026-09-07 05:29:12
http://lucashaynes.lovestoblog.com,404,Error_404,http://lucashaynes.lovestoblog.com/privacy-policy,2026-09-07 05:29:12
http://sofiapiscopo.is-best.net,404,Error_404,http://sofiapiscopo.is-best.net/about-us,2026-09-07 05:29:12
http://madelphil.lovestoblog.com,404,Error_404,http://madelphil.lovestoblog.com/contact-us,2026-09-07 05:29:12
http://addiemcpherson.lovestoblog.com,404,Error_404,http://addiemcpherson.lovestoblog.com/privacy-policy,2026-09-07 05:29:12
http://albinegrill.iblogger.org,404,Error_404,http://albinegrill.iblogger.org/contact-us,2026-09-07 05:29:12
http://morningbriefmiss.totalh.net,404,Error_404,http://morningbriefmiss.totalh.net/contact-us,2026-09-07 05:29:12
http://franciscochroniclesan.great-site.net,404,Error_404,http://franciscochroniclesan.great-site.net/contact-us,2026-09-07 05:29:12
http://shadowspirit.lovestoblog.com,404,Error_404,http://shadowspirit.lovestoblog.com/privacy-policy,2026-09-07 05:29:12
http://tommarila.is-great.net,404,Error_404,http://tommarila.is-great.net/contact-us,2026-09-07 05:29:12
http://telegraphthenews.great-site.net,404,Error_404,http://telegraphthenews.great-site.net/contact-us,2026-09-07 05:29:12
http://anastasia.is-best.net,404,Error_404,http://anastasia.is-best.net/about-us,2026-09-07 05:29:12
http://toriroby.iblogger.org,404,Error_404,http://toriroby.iblogger.org/,2026-09-07 05:29:12
http://macyintyre.kesug.com,404,Error_404,http://macyintyre.kesug.com/privacy-policy,2026-09-07 05:29:12
http://aydinbeck.iblogger.org,404,Error_404,http://aydinbeck.iblogger.org/privacy-policy,2026-09-07 05:29:12
http://eveningsthetandard.totalh.net,404,Error_404,http://eveningsthetandard.totalh.net/privacy-policy,2026-09-07 05:29:12
http://globalchronicle.wuaze.com,404,Error_404,http://globalchronicle.wuaze.com/,2026-09-07 05:29:12
http://nansenpoulsen.wuaze.com,404,Error_404,http://nansenpoulsen.wuaze.com/contact-us,2026-09-07 05:29:12
http://levinpaget.is-best.net,404,Error_404,http://levinpaget.is-best.net/,2026-09-07 05:29:12
http://dreamweaver.great-site.net,404,Error_404,http://dreamweaver.great-site.net/contact-us,2026-09-07 05:29:12
http://vickihoover.is-best.net,404,Error_404,http://vickihoover.is-best.net/privacy-policy,2026-09-07 05:29:12
http://antoncoy.lovestoblog.com,404,Error_404,http://antoncoy.lovestoblog.com/contact-us,2026-09-07 05:29:12
http://valenmoguel.wuaze.com,404,Error_404,http://valenmoguel.wuaze.com/about-us,2026-09-07 05:29:12
http://sylviaivey.lovestoblog.com,404,Error_404,http://sylviaivey.lovestoblog.com/about-us,2026-09-07 05:29:12
http://dreamdefender.iblogger.org,404,Error_404,http://dreamdefender.iblogger.org/contact-us,2026-09-07 05:29:12
http://tabathamelton.is-best.net,404,Error_404,http://tabathamelton.is-best.net/about-us,2026-09-07 05:29:12
http://jaydencorrea.nichesite.org,404,Error_404,http://jaydencorrea.nichesite.org/privacy-policy,2026-09-07 05:29:12
http://lesoleilthenews.is-best.net,404,Error_404,http://lesoleilthenews.is-best.net/contact-us,2026-09-07 05:29:12
http://emoryruiz.is-great.net,404,Error_404,http://emoryruiz.is-great.net/contact-us,2026-09-07 05:29:12
http://postthephnom.nichesite.org,404,Error_404,http://postthephnom.nichesite.org/about-us,2026-09-07 05:29:12
http://josephzimme.is-best.net,404,Error_404,http://josephzimme.is-best.net/privacy-policy,2026-09-07 05:29:12
http://noahbates.likesyou.org,404,Error_404,http://noahbates.likesyou.org/about-us,2026-09-07 05:29:12
http://maximinovalles.great-site.net,404,Error_404,http://maximinovalles.great-site.net/privacy-policy,2026-09-07 05:29:12
http://davehardin.kesug.com,404,Error_404,http://davehardin.kesug.com/about-us,2026-09-07 05:29:12
http://eleangutie.great-site.net,404,Error_404,http://eleangutie.great-site.net/contact-us,2026-09-07 05:29:12
http://stewarthoward.is-great.net,404,Error_404,http://stewarthoward.is-great.net/contact-us,2026-09-07 05:29:12
http://jerrylowe.is-best.net,404,Error_404,http://jerrylowe.is-best.net/privacy-policy,2026-09-07 05:29:12
http://standardprestige.is-best.net,404,Error_404,http://standardprestige.is-best.net/contact-us,2026-09-07 05:29:12
http://usatoday.lovestoblog.com,404,Error_404,http://usatoday.lovestoblog.com/about-us,2026-09-07 05:29:12
http://snuggetthefogwart.wuaze.com,404,Error_404,http://snuggetthefogwart.wuaze.com/privacy-policy,2026-09-07 05:29:12
http://dariangentry.is-best.net,404,Error_404,http://dariangentry.is-best.net/contact-us,2026-09-07 05:29:12
http://alisamorrison.is-great.net,404,Error_404,http://alisamorrison.is-great.net/about-us,2026-09-07 05:29:12
http://paolinorepett.iblogger.org,404,Error_404,http://paolinorepett.iblogger.org/about-us,2026-09-07 05:29:12
http://keandrecheek.wuaze.com,404,Error_404,http://keandrecheek.wuaze.com/privacy-policy,2026-09-07 05:29:12
http://sonjadrouin.wuaze.com,404,Error_404,http://sonjadrouin.wuaze.com/about-us,2026-09-07 05:29:12
http://lnsightknformer.is-great.net,404,Error_404,http://lnsightknformer.is-great.net/about-us,2026-09-07 05:29:12
http://javontedelval.lovestoblog.com,404,Error_404,http://javontedelval.lovestoblog.com/privacy-policy,2026-09-07 05:29:12
http://jeffrybowman.is-best.net,404,Error_404,http://jeffrybowman.is-best.net/privacy-policy,2026-09-07 05:29:12
http://kohenwilliam.is-great.net,404,Error_404,http://kohenwilliam.is-great.net/about-us,2026-09-07 05:29:12
http://robertgreer.iblogger.org,404,Error_404,http://robertgreer.iblogger.org/privacy-policy,2026-09-07 05:29:12
http://weekenderreview.epizy.com,404,Error_404,http://weekenderreview.epizy.com/,2026-09-07 05:29:12
http://leighasomers.lovestoblog.com,404,Error_404,http://leighasomers.lovestoblog.com/about-us,2026-09-07 05:29:12
http://emmahynes.iblogger.org,404,Error_404,http://emmahynes.iblogger.org/privacy-policy,2026-09-07 05:29:12
http://micahbeverly.my-board.org,404,Error_404,http://micahbeverly.my-board.org/about-us,2026-09-07 05:29:12
http://ensleybryan.kesug.com,404,Error_404,http://ensleybryan.kesug.com/about-us,2026-09-07 05:29:12
http://austingarland.my-style.in,404,Error_404,http://austingarland.my-style.in/contact-us,2026-09-07 05:29:12
http://mccordrichard.totalh.net,404,Error_404,http://mccordrichard.totalh.net/privacy-policy,2026-09-07 05:29:12
http://jarodjacobs.is-best.net,404,Error_404,http://jarodjacobs.is-best.net/privacy-policy,2026-09-07 05:29:12
http://celestialspecter.is-best.net,404,Error_404,http://celestialspecter.is-best.net/contact-us,2026-09-07 05:29:12
http://josephinedawson.great-site.net,404,Error_404,http://josephinedawson.great-site.net/privacy-policy,2026-09-07 05:29:12
http://tomislavbrenner.kesug.com,404,Error_404,http://tomislavbrenner.kesug.com/privacy-policy,2026-09-07 05:29:12
http://victorialodge.wuaze.com,404,Error_404,http://victorialodge.wuaze.com/contact-us,2026-09-07 05:29:12
http://deirdrepowell.great-site.net,404,Error_404,http://deirdrepowell.great-site.net/privacy-policy,2026-09-07 05:29:12
http://newyorktimes.wuaze.com,404,Error_404,http://newyorktimes.wuaze.com/contact-us,2026-09-07 05:29:12
http://timbrown.is-great.org,404,Error_404,http://timbrown.is-great.org/about-us,2026-09-07 05:29:12
http://fabianprice.is-great.net,404,Error_404,http://fabianprice.is-great.net/privacy-policy,2026-09-07 05:29:12
http://adelynmaddox.wuaze.com,404,Error_404,http://adelynmaddox.wuaze.com/privacy-policy,2026-09-07 05:29:12
http://hogwartstheglobe.kesug.com,404,Error_404,http://hogwartstheglobe.kesug.com/contact-us,2026-09-07 05:29:12
http://kelleywalls.kesug.com,404,Error_404,http://kelleywalls.kesug.com/contact-us,2026-09-07 05:29:12
http://jazminowen.is-great.org,404,Error_404,http://jazminowen.is-great.org/about-us,2026-09-07 05:29:12
http://sarahbledsoe.lovestoblog.com,404,Error_404,http://sarahbledsoe.lovestoblog.com/about-us,2026-09-07 05:29:12
http://mysticmystique.wuaze.com,404,Error_404,http://mysticmystique.wuaze.com/contact-us,2026-09-07 05:29:12
http://ultimatethe.great-site.net,404,Error_404,http://ultimatethe.great-site.net/privacy-policy,2026-09-07 05:29:12
http://journalreview.likesyou.org,404,Error_404,http://journalreview.likesyou.org/about-us,2026-09-07 05:29:12
http://trinapark.iblogger.org,404,Error_404,http://trinapark.iblogger.org/contact-us,2026-09-07 05:29:12
http://jeroncamar.iblogger.org,404,Error_404,http://jeroncamar.iblogger.org/about-us,2026-09-07 05:29:12
http://mesteralexandra.lovestoblog.com,404,Error_404,http://mesteralexandra.lovestoblog.com/about-us,2026-09-07 05:29:12
http://josephgoward.is-great.org,404,Error_404,http://josephgoward.is-great.org/privacy-policy,2026-09-07 05:29:12
http://arcadiobucio.is-great.org,404,Error_404,http://arcadiobucio.is-great.org/about-us,2026-09-07 05:29:12
http://rosaguerra.is-great.org,404,Error_404,http://rosaguerra.is-great.org/contact-us,2026-09-07 05:29:12
http://dustyeverett.lovestoblog.com,404,Error_404,http://dustyeverett.lovestoblog.com/,2026-09-07 05:29:12
http://erickvalenz.great-site.net,404,Error_404,http://erickvalenz.great-site.net/about-us,2026-09-07 05:29:12
http://pryadonselaar.is-great.org,404,Error_404,http://pryadonselaar.is-great.org/about-us,2026-09-07 05:29:12
http://bentebertie.great-site.net,404,Error_404,http://bentebertie.great-site.net/contact-us,2026-09-07 05:29:12
http://luminouslynx.wuaze.com,404,Error_404,http://luminouslynx.wuaze.com/about-us,2026-09-07 05:29:12
http://gazetralspost.totalh.net,404,Error_404,http://gazetralspost.totalh.net/privacy-policy,2026-09-07 05:29:12
http://kristinwannemaker.lovestoblog.com,404,Error_404,http://kristinwannemaker.lovestoblog.com/privacy-policy,2026-09-07 05:29:12
http://kerrychabot.wuaze.com,404,Error_404,http://kerrychabot.wuaze.com/contact-us,2026-09-07 05:29:12
http://aidannemarluk.is-best.net,404,Error_404,http://aidannemarluk.is-best.net/privacy-policy,2026-09-07 05:29:12
http://geneconway.iblogger.org,404,Error_404,http://geneconway.iblogger.org/about-us,2026-09-07 05:29:12
http://gabrielseager.is-great.org,404,Error_404,http://gabrielseager.is-great.org/contact-us,2026-09-07 05:29:12
http://florianschenk.iblogger.org,404,Error_404,http://florianschenk.iblogger.org/about-us,2026-09-07 05:29:12
http://alejasteele.iblogger.org,404,Error_404,http://alejasteele.iblogger.org/about-us,2026-09-07 05:29:12
http://johannabarrett.kesug.com,404,Error_404,http://johannabarrett.kesug.com/privacy-policy,2026-09-07 05:29:12
http://derekroberson.is-great.org,404,Error_404,http://derekroberson.is-great.org/contact-us,2026-09-07 05:29:12
http://yaretkenn.great-site.net,404,Error_404,http://yaretkenn.great-site.net/about-us,2026-09-07 05:29:12
http://sofiajacobsen.is-great.net,404,Error_404,http://sofiajacobsen.is-great.net/privacy-policy,2026-09-07 05:29:12
http://triciavillegas.wuaze.com,404,Error_404,http://triciavillegas.wuaze.com/privacy-policy,2026-09-07 05:29:12
http://sebastistokes.iblogger.org,404,Error_404,http://sebastistokes.iblogger.org/about-us,2026-09-07 05:29:12
http://douglaspence.wuaze.com,404,Error_404,http://douglaspence.wuaze.com/privacy-policy,2026-09-07 05:29:12
http://kristenbrad.is-great.net,404,Error_404,http://kristenbrad.is-great.net/about-us,2026-09-07 05:29:12
http://johnrobert.lovestoblog.com,404,Error_404,http://johnrobert.lovestoblog.com/privacy-policy,2026-09-07 05:29:12
http://zaararivers.lovestoblog.com,404,Error_404,http://zaararivers.lovestoblog.com/contact-us,2026-09-07 05:29:12
http://jaydenchair.kesug.com,404,Error_404,http://jaydenchair.kesug.com/contact-us,2026-09-07 05:29:12
http://tatianacostan.lovestoblog.com,404,Error_404,http://tatianacostan.lovestoblog.com/about-us,2026-09-07 05:29:12
http://ruthradford.iblogger.org,404,Error_404,http://ruthradford.iblogger.org/privacy-policy,2026-09-07 05:29:12
http://alishajackson.lovestoblog.com,404,Error_404,http://alishajackson.lovestoblog.com/about-us,2026-09-07 05:29:12
http://dirvaiabirchu.my-board.org,404,Error_404,http://dirvaiabirchu.my-board.org/privacy-policy,2026-09-07 05:29:12
http://janemorgan.lovestoblog.com,404,Error_404,http://janemorgan.lovestoblog.com/about-us,2026-09-07 05:29:12
http://dilanashley.iblogger.org,404,Error_404,http://dilanashley.iblogger.org/contact-us,2026-09-07 05:29:12
http://rodrigohernan.is-best.net,404,Error_404,http://rodrigohernan.is-best.net/about-us,2026-09-07 05:29:12
http://florencebaker.lovestoblog.com,404,Error_404,http://florencebaker.lovestoblog.com/privacy-policy,2026-09-07 05:29:12
http://jessicahofmann.wuaze.com,404,Error_404,http://jessicahofmann.wuaze.com/privacy-policy,2026-09-07 05:29:12
http://kendylstclair.is-best.net,404,Error_404,http://kendylstclair.is-best.net/privacy-policy,2026-09-07 05:29:12
http://dorisdodd.is-best.net,404,Error_404,http://dorisdodd.is-best.net/contact-us,2026-09-07 05:29:12
http://craigandrews.is-great.net,404,Error_404,http://craigandrews.is-great.net/privacy-policy,2026-09-07 05:29:12
http://beaupearse.is-best.net,0,Invalid/Down,N/A,2026-09-07 05:29:12
http://lillycampos.lovestoblog.com,404,Error_404,http://lillycampos.lovestoblog.com/privacy-policy,2026-09-07 05:29:12
http://graciewu.iblogger.org,404,Error_404,http://graciewu.iblogger.org/about-us,2026-09-07 05:29:12
http://austinarnold.is-best.net,404,Error_404,http://austinarnold.is-best.net/,2026-09-07 05:29:12
http://seekerstorynews.wuaze.com,404,Error_404,http://seekerstorynews.wuaze.com/about-us,2026-09-07 05:29:12
http://bradyhinton.iblogger.org,404,Error_404,http://bradyhinton.iblogger.org/contact-us,2026-09-07 05:29:12
http://maximilianoliu.is-best.net,404,Error_404,http://maximilianoliu.is-best.net/privacy-policy,2026-09-07 05:29:12
http://enrichettamaestri.is-great.org,404,Error_404,http://enrichettamaestri.is-great.org/about-us,2026-09-07 05:29:12
http://peytonreyes.iblogger.org,404,Error_404,http://peytonreyes.iblogger.org/about-us,2026-09-07 05:29:12
http://mirandarichmond.is-great.net,404,Error_404,http://mirandarichmond.is-great.net/privacy-policy,2026-09-07 05:29:12
http://anthonyoddie.lovestoblog.com,404,Error_404,http://anthonyoddie.lovestoblog.com/privacy-policy,2026-09-07 05:29:12
http://rebekahlamb.lovestoblog.com,404,Error_404,http://rebekahlamb.lovestoblog.com/privacy-policy,2026-09-07 05:29:12
http://traverscurtis.kesug.com,404,Error_404,http://traverscurtis.kesug.com/about-us,2026-09-07 05:29:12
http://jessikacanan.is-great.org,404,Error_404,http://jessikacanan.is-great.org/contact-us,2026-09-07 05:29:12
http://emelyreeves.is-best.net,404,Error_404,http://emelyreeves.is-best.net/privacy-policy,2026-09-07 05:29:12
http://pedromarks.iblogger.org,404,Error_404,http://pedromarks.iblogger.org/about-us,2026-09-07 05:29:12
http://troymunoz.iblogger.org,404,Error_404,http://troymunoz.iblogger.org/about-us,2026-09-07 05:29:12
http://dorothymccoy.is-great.net,404,Error_404,http://dorothymccoy.is-great.net/privacy-policy,2026-09-07 05:29:12
http://neilmarks.great-site.net,404,Error_404,http://neilmarks.great-site.net/about-us,2026-09-07 05:29:12
http://ezekielbender.wuaze.com,404,Error_404,http://ezekielbender.wuaze.com/privacy-policy,2026-09-07 05:29:12
http://dawnmooney.is-best.net,404,Error_404,http://dawnmooney.is-best.net/,2026-09-07 05:29:12
http://lukadiaz.iblogger.org,404,Error_404,http://lukadiaz.iblogger.org/contact-us,2026-09-07 05:29:12
http://ayleenhartman.kesug.com,404,Error_404,http://ayleenhartman.kesug.com/contact-us,2026-09-07 05:29:12
http://gabrielcleburne.great-site.net,404,Error_404,http://gabrielcleburne.great-site.net/about-us,2026-09-07 05:29:12
http://graciebride.iblogger.org,404,Error_404,http://graciebride.iblogger.org/about-us,2026-09-07 05:29:12
http://daledodds.wuaze.com,404,Error_404,http://daledodds.wuaze.com/contact-us,2026-09-07 05:29:12
http://hoenixvulses.synergize.co,404,Error_404,http://hoenixvulses.synergize.co/privacy-policy,2026-09-07 05:29:12
http://leondalton.iblogger.org,404,Error_404,http://leondalton.iblogger.org/privacy-policy,2026-09-07 05:29:12
http://thejournaldaylight.kesug.com,404,Error_404,http://thejournaldaylight.kesug.com/contact-us,2026-09-07 05:29:12
http://maisiewong.lovestoblog.com,404,Error_404,http://maisiewong.lovestoblog.com/contact-us,2026-09-07 05:29:12
http://melodicmoon.lovestoblog.com,404,Error_404,http://melodicmoon.lovestoblog.com/privacy-policy,2026-09-07 05:29:12
http://zaidpatton.my-style.in,404,Error_404,http://zaidpatton.my-style.in/,2026-09-07 05:29:12
http://newsgeraldkey.totalh.net,404,Error_404,http://newsgeraldkey.totalh.net/contact-us,2026-09-07 05:29:12
http://willowhoover.is-great.org,404,Error_404,http://willowhoover.is-great.org/privacy-policy,2026-09-07 05:29:12
http://enigmaticecho.nichesite.org,404,Error_404,http://enigmaticecho.nichesite.org/contact-us,2026-09-07 05:29:12
http://lindsayelliott.is-great.net,404,Error_404,http://lindsayelliott.is-great.net/privacy-policy,2026-09-07 05:29:12
http://barbaraallen.iblogger.org,404,Error_404,http://barbaraallen.iblogger.org/about-us,2026-09-07 05:29:12
http://darcychampion.wuaze.com,404,Error_404,http://darcychampion.wuaze.com/contact-us,2026-09-07 05:29:12
http://bernardchase.lovestoblog.com,404,Error_404,http://bernardchase.lovestoblog.com/contact-us,2026-09-07 05:29:12
http://mollybraun.is-great.org,404,Error_404,http://mollybraun.is-great.org/contact-us,2026-09-07 05:29:12
http://guillergarza.is-great.net,404,Error_404,http://guillergarza.is-great.net/contact-us,2026-09-07 05:29:12
http://damionkiser.my-style.in,404,Error_404,http://damionkiser.my-style.in/privacy-policy,2026-09-07 05:29:12
http://chroniclescurrent.great-site.net,404,Error_404,http://chroniclescurrent.great-site.net/privacy-policy,2026-09-07 05:29:12
http://zaneseitz.iblogger.org,404,Error_404,http://zaneseitz.iblogger.org/about-us,2026-09-07 05:29:12
http://edogozzi.wuaze.com,404,Error_404,http://edogozzi.wuaze.com/about-us,2026-09-07 05:29:12
http://deannaserrano.lovestoblog.com,404,Error_404,http://deannaserrano.lovestoblog.com/privacy-policy,2026-09-07 05:29:12
http://jeandesbiens.great-site.net,404,Error_404,http://jeandesbiens.great-site.net/contact-us,2026-09-07 05:29:12
http://kathrinmayer.is-best.net,404,Error_404,http://kathrinmayer.is-best.net/privacy-policy,2026-09-07 05:29:12
http://jefffried.is-best.net,404,Error_404,http://jefffried.is-best.net/about-us,2026-09-07 05:29:12
http://fermincatalan.iblogger.org,404,Error_404,http://fermincatalan.iblogger.org/privacy-policy,2026-09-07 05:29:12
http://romanharrell.iblogger.org,404,Error_404,http://romanharrell.iblogger.org/contact-us,2026-09-07 05:29:12
http://winstonhewitt.great-site.net,404,Error_404,http://winstonhewitt.great-site.net/privacy-policy,2026-09-07 05:29:12
http://kobystopford.is-great.net,404,Error_404,http://kobystopford.is-great.net/contact-us,2026-09-07 05:29:12
http://rowanskinner.is-best.net,404,Error_404,http://rowanskinner.is-best.net/about-us,2026-09-07 05:29:12
http://andrealamb.wuaze.com,404,Error_404,http://andrealamb.wuaze.com/contact-us,2026-09-07 05:29:12
http://omarisimon.wuaze.com,404,Error_404,http://omarisimon.wuaze.com/contact-us,2026-09-07 05:29:12
http://devindalton.wuaze.com,404,Error_404,http://devindalton.wuaze.com/privacy-policy,2026-09-07 05:29:12
http://alainrowe.great-site.net,404,Error_404,http://alainrowe.great-site.net/contact-us,2026-09-07 05:29:12
http://sharichung.lovestoblog.com,404,Error_404,http://sharichung.lovestoblog.com/about-us,2026-09-07 05:29:12
http://susanalarkin.is-best.net,404,Error_404,http://susanalarkin.is-best.net/privacy-policy,2026-09-07 05:29:12
http://torbenjepsen.great-site.net,404,Error_404,http://torbenjepsen.great-site.net/about-us,2026-09-07 05:29:12
http://hayleylaseron.lovestoblog.com,404,Error_404,http://hayleylaseron.lovestoblog.com/privacy-policy,2026-09-07 05:29:12
http://mysticmarauder.nichesite.org,404,Error_404,http://mysticmarauder.nichesite.org/,2026-09-07 05:29:12
http://kallieballard.wuaze.com,404,Error_404,http://kallieballard.wuaze.com/privacy-policy,2026-09-07 05:29:12
http://mauriceelkins.is-great.net,404,Error_404,http://mauriceelkins.is-great.net/privacy-policy,2026-09-07 05:29:12
http://melisaandersen.lovestoblog.com,404,Error_404,http://melisaandersen.lovestoblog.com/about-us,2026-09-07 05:29:12
http://meaganryan.lovestoblog.com,404,Error_404,http://meaganryan.lovestoblog.com/about-us,2026-09-07 05:29:12
http://karinmckay.is-best.net,404,Error_404,http://karinmckay.is-best.net/privacy-policy,2026-09-07 05:29:12
http://theronceja.iblogger.org,404,Error_404,http://theronceja.iblogger.org/about-us,2026-09-07 05:29:12
http://echoethereal.totalh.net,404,Error_404,http://echoethereal.totalh.net/privacy-policy,2026-09-07 05:29:12
http://cornellgarrett.is-best.net,404,Error_404,http://cornellgarrett.is-best.net/about-us,2026-09-07 05:29:12
http://alessialittle.is-great.net,404,Error_404,http://alessialittle.is-great.net/privacy-policy,2026-09-07 05:29:12
http://jeffereyvill.wuaze.com,404,Error_404,http://jeffereyvill.wuaze.com/contact-us,2026-09-07 05:29:12
http://karinmuench.wuaze.com,404,Error_404,http://karinmuench.wuaze.com/about-us,2026-09-07 05:29:12
http://marcbuchanan.iblogger.org,404,Error_404,http://marcbuchanan.iblogger.org/contact-us,2026-09-07 05:29:12
http://willhernan.is-great.net,404,Error_404,http://willhernan.is-great.net/contact-us,2026-09-07 05:29:12
http://mysticmist.nichesite.org,404,Error_404,http://mysticmist.nichesite.org/privacy-policy,2026-09-07 05:29:12
http://newstogo.lovestoblog.com,404,Error_404,http://newstogo.lovestoblog.com/about-us,2026-09-07 05:29:12
http://nationthedaily.mydiscussion.net,404,Error_404,http://nationthedaily.mydiscussion.net/privacy-policy,2026-09-07 05:29:12
http://stefantate.is-great.org,404,Error_404,http://stefantate.is-great.org/privacy-policy,2026-09-07 05:29:12
http://ivoryyu.lovestoblog.com,404,Error_404,http://ivoryyu.lovestoblog.com/privacy-policy,2026-09-07 05:29:12
http://kaysenschwartz.is-great.org,404,Error_404,http://kaysenschwartz.is-great.org/privacy-policy,2026-09-07 05:29:12
http://mistmystic.nichesite.org,404,Error_404,http://mistmystic.nichesite.org/privacy-policy,2026-09-07 05:29:12
http://maximokemp.wuaze.com,404,Error_404,http://maximokemp.wuaze.com/privacy-policy,2026-09-07 05:29:12
http://freepresswinnipeg.kesug.com,404,Error_404,http://freepresswinnipeg.kesug.com/about-us,2026-09-07 05:29:12
http://brennanharmon.is-best.net,404,Error_404,http://brennanharmon.is-best.net/privacy-policy,2026-09-07 05:29:12
http://vivianacoco.kesug.com,404,Error_404,http://vivianacoco.kesug.com/contact-us,2026-09-07 05:29:12
http://charlespatel.is-great.net,404,Error_404,http://charlespatel.is-great.net/privacy-policy,2026-09-07 05:29:12
http://dariusalun.kesug.com,404,Error_404,http://dariusalun.kesug.com/contact-us,2026-09-07 05:29:12
http://dorothywright.iblogger.org,404,Error_404,http://dorothywright.iblogger.org/about-us,2026-09-07 05:29:12
http://olivierlap.great-site.net,404,Error_404,http://olivierlap.great-site.net/about-us,2026-09-07 05:29:12
http://alfredhogan.lovestoblog.com,404,Error_404,http://alfredhogan.lovestoblog.com/about-us,2026-09-07 05:29:12
http://rogerchartrand.is-great.org,404,Error_404,http://rogerchartrand.is-great.org/contact-us,2026-09-07 05:29:12
http://kaunafriends.synergize.co,404,Error_404,http://kaunafriends.synergize.co/privacy-policy,2026-09-07 05:29:12
http://jacklyndodson.wuaze.com,404,Error_404,http://jacklyndodson.wuaze.com/about-us,2026-09-07 05:29:12
http://destanyschaffer.is-great.net,404,Error_404,http://destanyschaffer.is-great.net/contact-us,2026-09-07 05:29:12
http://elorafernandez.is-great.org,404,Error_404,http://elorafernandez.is-great.org/privacy-policy,2026-09-07 05:29:12
http://elainecurtis.is-great.net,404,Error_404,http://elainecurtis.is-great.net/contact-us,2026-09-07 05:29:12
http://johnmcnab.great-site.net,404,Error_404,http://johnmcnab.great-site.net/privacy-policy,2026-09-07 05:29:12
http://arcadioleija.is-great.net,404,Error_404,http://arcadioleija.is-great.net/contact-us,2026-09-07 05:29:12
http://reviewtheboston.kesug.com,404,Error_404,http://reviewtheboston.kesug.com/contact-us,2026-09-07 05:29:12
http://astraladventurer.great-site.net,404,Error_404,http://astraladventurer.great-site.net/contact-us,2026-09-07 05:29:12
http://louisfawcett.is-great.net,404,Error_404,http://louisfawcett.is-great.net/contact-us,2026-09-07 05:29:12
http://techsboy.great-site.net,404,Error_404,http://techsboy.great-site.net/contact-us,2026-09-07 05:29:12
http://tarialexandra.wuaze.com,404,Error_404,http://tarialexandra.wuaze.com/contact-us,2026-09-07 05:29:12
http://clemenwalters.wuaze.com,404,Error_404,http://clemenwalters.wuaze.com/privacy-policy,2026-09-07 05:29:12
http://ashlynconrad.great-site.net,404,Error_404,http://ashlynconrad.great-site.net/about-us,2026-09-07 05:29:12
http://brillianceblaze.kesug.com,404,Error_404,http://brillianceblaze.kesug.com/privacy-policy,2026-09-07 05:29:12
http://jaydenrebell.is-great.net,404,Error_404,http://jaydenrebell.is-great.net/contact-us,2026-09-07 05:29:12
http://annesosa.is-best.net,404,Error_404,http://annesosa.is-best.net/about-us,2026-09-07 05:29:12
http://emanuelrodarte.iblogger.org,404,Error_404,http://emanuelrodarte.iblogger.org/about-us,2026-09-07 05:29:12
http://filiphhermansson.wuaze.com,404,Error_404,http://filiphhermansson.wuaze.com/contact-us,2026-09-07 05:29:12
http://thunderthrone.kesug.com,404,Error_404,http://thunderthrone.kesug.com/privacy-policy,2026-09-07 05:29:12
http://saderollins.iblogger.org,404,Error_404,http://saderollins.iblogger.org/,2026-09-07 05:29:12
http://heraldworld.great-site.net,404,Error_404,http://heraldworld.great-site.net/about-us,2026-09-07 05:29:12
http://bellahernsheim.wuaze.com,404,Error_404,http://bellahernsheim.wuaze.com/privacy-policy,2026-09-07 05:29:12
http://newsgaylewashing.is-best.net,404,Error_404,http://newsgaylewashing.is-best.net/contact-us,2026-09-07 05:29:12
http://sheldonsellers.lovestoblog.com,404,Error_404,http://sheldonsellers.lovestoblog.com/privacy-policy,2026-09-07 05:29:12
http://rebeccaterry.is-great.net,404,Error_404,http://rebeccaterry.is-great.net/about-us,2026-09-07 05:29:12
http://haleyalexander.is-great.org,404,Error_404,http://haleyalexander.is-great.org/privacy-policy,2026-09-07 05:29:12
http://jakebenjamin.lovestoblog.com,404,Error_404,http://jakebenjamin.lovestoblog.com/contact-us,2026-09-07 05:29:12
http://justinwalker.kesug.com,404,Error_404,http://justinwalker.kesug.com/,2026-09-07 05:29:12
http://fatimahunter.is-best.net,404,Error_404,http://fatimahunter.is-best.net/about-us,2026-09-07 05:29:12
http://losangelestimes.totalh.net,404,Error_404,http://losangelestimes.totalh.net/contact-us,2026-09-07 05:29:12
http://sybilchowdhury.is-great.net,404,Error_404,http://sybilchowdhury.is-great.net/contact-us,2026-09-07 05:29:12
http://spencerbear.is-great.net,404,Error_404,http://spencerbear.is-great.net/contact-us,2026-09-07 05:29:12
http://stevendonovan.is-great.net,404,Error_404,http://stevendonovan.is-great.net/contact-us,2026-09-07 05:29:12
http://calvinsaldana.my-board.org,404,Error_404,http://calvinsaldana.my-board.org/contact-us,2026-09-07 05:29:12
http://timesmontgomerry.wuaze.com,404,Error_404,http://timesmontgomerry.wuaze.com/privacy-policy,2026-09-07 05:29:12
http://carolzhang.is-best.net,404,Error_404,http://carolzhang.is-best.net/,2026-09-07 05:29:12
http://zakaihunt.iblogger.org,404,Error_404,http://zakaihunt.iblogger.org/,2026-09-07 05:29:12
http://creationschic.loveslife.biz,404,Error_404,http://creationschic.loveslife.biz/privacy-policy,2026-09-07 05:29:12
http://gyorffiszilvia.likesyou.org,404,Error_404,http://gyorffiszilvia.likesyou.org/,2026-09-07 05:29:12
http://magdalenadunlap.kesug.com,404,Error_404,http://magdalenadunlap.kesug.com/contact-us,2026-09-07 05:29:12
http://thenewsporning.my-style.in,404,Error_404,http://thenewsporning.my-style.in/about-us,2026-09-07 05:29:12
http://cathryneccles.is-best.net,404,Error_404,http://cathryneccles.is-best.net/about-us,2026-09-07 05:29:12
http://hazelwall.is-great.net,404,Error_404,http://hazelwall.is-great.net/privacy-policy,2026-09-07 05:29:12
http://evafranzoni.lovestoblog.com,404,Error_404,http://evafranzoni.lovestoblog.com/privacy-policy,2026-09-07 05:29:12
http://brianbeaudoin.is-great.org,404,Error_404,http://brianbeaudoin.is-great.org/contact-us,2026-09-07 05:29:12
http://eliasgoodwin.is-great.org,404,Error_404,http://eliasgoodwin.is-great.org/,2026-09-07 05:29:12
http://marcelinebeil.lovestoblog.com,404,Error_404,http://marcelinebeil.lovestoblog.com/privacy-policy,2026-09-07 05:29:12
http://lyndonlopez.great-site.net,404,Error_404,http://lyndonlopez.great-site.net/contact-us,2026-09-07 05:29:12
http://boosterjogwarts.is-great.org,404,Error_404,http://boosterjogwarts.is-great.org/privacy-policy,2026-09-07 05:29:12
http://jinggodbout.iblogger.org,404,Error_404,http://jinggodbout.iblogger.org/about-us,2026-09-07 05:29:12
http://gaylordsantana.iblogger.org,404,Error_404,http://gaylordsantana.iblogger.org/privacy-policy,2026-09-07 05:29:12
http://woodrowcooper.lovestoblog.com,404,Error_404,http://woodrowcooper.lovestoblog.com/privacy-policy,2026-09-07 05:29:12
http://timesbuzzstreet.talk4fun.net,404,Error_404,http://timesbuzzstreet.talk4fun.net/contact-us,2026-09-07 05:29:12
http://sitemaga.wuaze.com,404,Error_404,http://sitemaga.wuaze.com/contact-us,2026-09-07 05:29:12
http://ainhoarobles.kesug.com,404,Error_404,http://ainhoarobles.kesug.com/privacy-policy,2026-09-07 05:29:12
http://tobylanigan.is-best.net,404,Error_404,http://tobylanigan.is-best.net/about-us,2026-09-07 05:29:12
http://hershelson.great-site.net,404,Error_404,http://hershelson.great-site.net/about-us,2026-09-07 05:29:12
http://domenicramirez.is-great.net,404,Error_404,http://domenicramirez.is-great.net/about-us,2026-09-07 05:29:12
http://cliftonmaldon.kesug.com,404,Error_404,http://cliftonmaldon.kesug.com/contact-us,2026-09-07 05:29:12
http://tonyxiong.is-great.org,404,Error_404,http://tonyxiong.is-great.org/contact-us,2026-09-07 05:29:12
http://dianakruger.is-great.net,404,Error_404,http://dianakruger.is-great.net/privacy-policy,2026-09-07 05:29:12
http://danielmillan.lovestoblog.com,404,Error_404,http://danielmillan.lovestoblog.com/contact-us,2026-09-07 05:29:12
http://calliecurley.wuaze.com,404,Error_404,http://calliecurley.wuaze.com/contact-us,2026-09-07 05:29:12
http://carlabresciani.is-great.net,404,Error_404,http://carlabresciani.is-great.net/contact-us,2026-09-07 05:29:12
http://seekershadow.talk4fun.net,404,Error_404,http://seekershadow.talk4fun.net/privacy-policy,2026-09-07 05:29:12
http://brentonulrich.lovestoblog.com,404,Error_404,http://brentonulrich.lovestoblog.com/about-us,2026-09-07 05:29:12
http://caseyschott.lovestoblog.com,404,Error_404,http://caseyschott.lovestoblog.com/about-us,2026-09-07 05:29:12
http://newsexpress.lovestoblog.com,404,Error_404,http://newsexpress.lovestoblog.com/contact-us,2026-09-07 05:29:12
http://novanavigato.kesug.com,404,Error_404,http://novanavigato.kesug.com/contact-us,2026-09-07 05:29:12
http://celinaknight.great-site.net,404,Error_404,http://celinaknight.great-site.net/privacy-policy,2026-09-07 05:29:12
http://benthring.great-site.net,404,Suspended,https://suspended-domain.net/index.php?host=benthring.great-site.net,2026-09-07 05:29:12
http://adamhammond.iblogger.org,404,Error_404,http://adamhammond.iblogger.org/about-us,2026-09-07 05:29:12
http://tribunemadatere.is-best.net,404,Error_404,http://tribunemadatere.is-best.net/about-us,2026-09-07 05:29:12
http://lossantosvelmade.is-great.net,404,Error_404,http://lossantosvelmade.is-great.net/about-us,2026-09-07 05:29:12
http://sonjabooth.great-site.net,404,Error_404,http://sonjabooth.great-site.net/,2026-09-07 05:29:12
http://irawolf.great-site.net,404,Error_404,http://irawolf.great-site.net/about-us,2026-09-07 05:29:12
http://jantheissen.is-great.net,404,Error_404,http://jantheissen.is-great.net/contact-us,2026-09-07 05:29:12
http://marvinkane.iblogger.org,404,Error_404,http://marvinkane.iblogger.org/about-us,2026-09-07 05:29:12
http://zacharystewart.is-great.org,404,Error_404,http://zacharystewart.is-great.org/privacy-policy,2026-09-07 05:29:12
http://ryanfitzgerald.iblogger.org,404,Error_404,http://ryanfitzgerald.iblogger.org/contact-us,2026-09-07 05:29:12
http://leyladouglas.wuaze.com,404,Error_404,http://leyladouglas.wuaze.com/privacy-policy,2026-09-07 05:29:12
http://jessicamills.page.gd,0,Invalid/Down,N/A,2026-09-07 05:29:12
http://sacpiscitelli.great-site.net,404,Error_404,http://sacpiscitelli.great-site.net/privacy-policy,2026-09-07 05:29:12
http://lochlansuarez.kesug.com,404,Error_404,http://lochlansuarez.kesug.com/contact-us,2026-09-07 05:29:12
http://averigreene.lovestoblog.com,404,Error_404,http://averigreene.lovestoblog.com/contact-us,2026-09-07 05:29:12
http://haleyhenriq.iblogger.org,404,Error_404,http://haleyhenriq.iblogger.org/contact-us,2026-09-07 05:29:12
http://kyledodd.lovestoblog.com,404,Error_404,http://kyledodd.lovestoblog.com/privacy-policy,2026-09-07 05:29:12
http://walterkraus.lovestoblog.com,404,Error_404,http://walterkraus.lovestoblog.com/about-us,2026-09-07 05:29:12
http://tysonfelan.great-site.net,404,Suspended,https://suspended-domain.net/index.php?host=tysonfelan.great-site.net,2026-09-07 05:29:12
http://danyalboyd.lovestoblog.com,404,Error_404,http://danyalboyd.lovestoblog.com/privacy-policy,2026-09-07 05:29:12
http://elliehalliday.kesug.com,404,Error_404,http://elliehalliday.kesug.com/privacy-policy,2026-09-07 05:29:12
http://lavernehudson.iblogger.org,404,Error_404,http://lavernehudson.iblogger.org/about-us,2026-09-07 05:29:12
http://robinjakobsson.iblogger.org,404,Error_404,http://robinjakobsson.iblogger.org/privacy-policy,2026-09-07 05:29:12
http://dreamdiver.iblogger.org,404,Error_404,http://dreamdiver.iblogger.org/contact-us,2026-09-07 05:29:12
http://anikainfante.is-best.net,404,Error_404,http://anikainfante.is-best.net/privacy-policy,2026-09-07 05:29:12
http://gerardooconn.iblogger.org,404,Error_404,http://gerardooconn.iblogger.org/privacy-policy,2026-09-07 05:29:12
http://cameronpostle.is-great.org,404,Error_404,http://cameronpostle.is-great.org/about-us,2026-09-07 05:29:12
http://crimsoncascade.kesug.com,404,Error_404,http://crimsoncascade.kesug.com/privacy-policy,2026-09-07 05:29:12
http://glicecayley.is-best.net,404,Error_404,http://glicecayley.is-best.net/contact-us,2026-09-07 05:29:12
http://annoneill.wuaze.com,404,Error_404,http://annoneill.wuaze.com/privacy-policy,2026-09-07 05:29:12
http://bentuspark.synergize.co,404,Error_404,http://bentuspark.synergize.co/contact-us,2026-09-07 05:29:12
http://isaiasfox.iblogger.org,404,Error_404,http://isaiasfox.iblogger.org/about-us,2026-09-07 05:29:12
http://aidenharms.is-best.net,404,Error_404,http://aidenharms.is-best.net/about-us,2026-09-07 05:29:12
http://pasqualecallahan.is-best.net,404,Error_404,http://pasqualecallahan.is-best.net/privacy-policy,2026-09-07 05:29:12
http://townsnewsmanhours.kesug.com,404,Error_404,http://townsnewsmanhours.kesug.com/contact-us,2026-09-07 05:29:12
http://trayvonlutz.nichesite.org,404,Error_404,http://trayvonlutz.nichesite.org/,2026-09-07 05:29:12
http://muratschlogl.iblogger.org,404,Error_404,http://muratschlogl.iblogger.org/privacy-policy,2026-09-07 05:29:12
http://andrewcani.great-site.net,404,Error_404,http://andrewcani.great-site.net/about-us,2026-09-07 05:29:12
http://fiorenzamontagna.lovestoblog.com,404,Error_404,http://fiorenzamontagna.lovestoblog.com/privacy-policy,2026-09-07 05:29:12
http://anthonynorris.is-great.net,404,Error_404,http://anthonynorris.is-great.net/about-us,2026-09-07 05:29:12
http://rosegraves.great-site.net,404,Error_404,http://rosegraves.great-site.net/about-us,2026-09-07 05:29:12
http://clintbarrette.nichesite.org,404,Error_404,http://clintbarrette.nichesite.org/privacy-policy,2026-09-07 05:29:12
http://colbyhunt.is-great.org,404,Error_404,http://colbyhunt.is-great.org/contact-us,2026-09-07 05:29:12
http://katherineherman.kesug.com,404,Error_404,http://katherineherman.kesug.com/privacy-policy,2026-09-07 05:29:12
http://juliannablair.wuaze.com,404,Error_404,http://juliannablair.wuaze.com/,2026-09-07 05:29:12
http://cassidyrosario.kesug.com,404,Error_404,http://cassidyrosario.kesug.com/privacy-policy,2026-09-07 05:29:12
http://christinawise.kesug.com,404,Error_404,http://christinawise.kesug.com/about-us,2026-09-07 05:29:12
http://santosmahon.iblogger.org,404,Error_404,http://santosmahon.iblogger.org/privacy-policy,2026-09-07 05:29:12
http://bennyburnett.kesug.com,404,Error_404,http://bennyburnett.kesug.com/,2026-09-07 05:29:12
http://hugokaberry.fanclub.rocks,404,Error_404,http://hugokaberry.fanclub.rocks/,2026-09-07 05:29:12
http://manilathetimes.kesug.com,404,Error_404,http://manilathetimes.kesug.com/contact-us,2026-09-07 05:29:12
http://voicenewscommunity.kesug.com,404,Error_404,http://voicenewscommunity.kesug.com/privacy-policy,2026-09-07 05:29:12
http://delfinoaceves.lovestoblog.com,404,Error_404,http://delfinoaceves.lovestoblog.com/contact-us,2026-09-07 05:29:12
http://graemefrench.infinityfree.me,0,Invalid/Down,N/A,2026-09-07 05:29:12
http://cadechambers.is-best.net,404,Error_404,http://cadechambers.is-best.net/about-us,2026-09-07 05:29:12
http://juliasimpson.iblogger.org,404,Suspended,https://suspended-domain.net/index.php?host=juliasimpson.iblogger.org,2026-09-07 05:29:12
http://lesfletcher.nichesite.org,404,Error_404,http://lesfletcher.nichesite.org/privacy-policy,2026-09-07 05:29:12
http://mysticmingle.talk4fun.net,404,Suspended,https://suspended-domain.net/index.php?host=mysticmingle.talk4fun.net,2026-09-07 05:29:12
http://colenbeasle.great-site.net,404,Error_404,http://colenbeasle.great-site.net/contact-us,2026-09-07 05:29:12
http://aayanmyers.great-site.net,404,Error_404,http://aayanmyers.great-site.net/contact-us,2026-09-07 05:29:12
http://huwunder.is-best.net,404,Error_404,http://huwunder.is-best.net/contact-us,2026-09-07 05:29:12
http://henrymalone.kesug.com,404,Error_404,http://henrymalone.kesug.com/about-us,2026-09-07 05:29:12
http://dylansavage.is-great.net,404,Error_404,http://dylansavage.is-great.net/privacy-policy,2026-09-07 05:29:12
http://lulathompson.kesug.com,404,Error_404,http://lulathompson.kesug.com/privacy-policy,2026-09-07 05:29:12
http://sydneyander.lovestoblog.com,404,Error_404,http://sydneyander.lovestoblog.com/about-us,2026-09-07 05:29:12
http://johnsonsanford.is-great.org,404,Error_404,http://johnsonsanford.is-great.org/about-us,2026-09-07 05:29:12
http://diannkent.wuaze.com,404,Error_404,http://diannkent.wuaze.com/contact-us,2026-09-07 05:29:12
http://rocioarevalo.wuaze.com,404,Error_404,http://rocioarevalo.wuaze.com/contact-us,2026-09-07 05:29:12
http://jakebennett.lovestoblog.com,404,Error_404,http://jakebennett.lovestoblog.com/privacy-policy,2026-09-07 05:29:12
http://lynwoodkirby.is-best.net,404,Error_404,http://lynwoodkirby.is-best.net/about-us,2026-09-07 05:29:12
http://margashehu.great-site.net,404,Error_404,http://margashehu.great-site.net/contact-us,2026-09-07 05:29:12
http://warrenchambers.iblogger.org,404,Error_404,http://warrenchambers.iblogger.org/contact-us,2026-09-07 05:29:12
http://gladysriggs.wuaze.com,404,Error_404,http://gladysriggs.wuaze.com/about-us,2026-09-07 05:29:12
http://rosettalandry.wuaze.com,404,Error_404,http://rosettalandry.wuaze.com/contact-us,2026-09-07 05:29:12
http://rykerfitzgerald.is-best.net,404,Error_404,http://rykerfitzgerald.is-best.net/contact-us,2026-09-07 05:29:12
http://romandavenport.is-great.net,404,Error_404,http://romandavenport.is-great.net/contact-us,2026-09-07 05:29:12
http://alizacline.wuaze.com,404,Error_404,http://alizacline.wuaze.com/privacy-policy,2026-09-07 05:29:12
http://linewieser.is-great.org,404,Error_404,http://linewieser.is-great.org/contact-us,2026-09-07 05:29:12
http://samuelprentice.is-great.net,404,Error_404,http://samuelprentice.is-great.net/contact-us,2026-09-07 05:29:12
http://theoayala.is-great.net,404,Error_404,http://theoayala.is-great.net/about-us,2026-09-07 05:29:12
http://elijahdwyer.my-board.org,404,Error_404,http://elijahdwyer.my-board.org/privacy-policy,2026-09-07 05:29:12
http://eastonkerluke.kesug.com,404,Error_404,http://eastonkerluke.kesug.com/about-us,2026-09-07 05:29:12
http://beaucantor.loveslife.biz,404,Error_404,http://beaucantor.loveslife.biz/privacy-policy,2026-09-07 05:29:12
http://roseyoung.great-site.net,404,Error_404,http://roseyoung.great-site.net/privacy-policy,2026-09-07 05:29:12
http://riittatiisanoja.lovestoblog.com,404,Error_404,http://riittatiisanoja.lovestoblog.com/contact-us,2026-09-07 05:29:12
http://saigemagana.wuaze.com,404,Error_404,http://saigemagana.wuaze.com/about-us,2026-09-07 05:29:12
http://reedvieira.kesug.com,404,Error_404,http://reedvieira.kesug.com/contact-us,2026-09-07 05:29:12
http://matteagargi.is-best.net,404,Error_404,http://matteagargi.is-best.net/contact-us,2026-09-07 05:29:12
http://mysticmist.wuaze.com,404,Error_404,http://mysticmist.wuaze.com/about-us,2026-09-07 05:29:12
http://kobepatel.iblogger.org,404,Error_404,http://kobepatel.iblogger.org/about-us,2026-09-07 05:29:12
http://tejlezmontalvo.is-great.org,404,Error_404,http://tejlezmontalvo.is-great.org/about-us,2026-09-07 05:29:12
http://jimmycontreras.iblogger.org,404,Error_404,http://jimmycontreras.iblogger.org/contact-us,2026-09-07 05:29:12
http://jettpollard.is-best.net,404,Suspended,https://suspended-domain.net/index.php?host=jettpollard.is-best.net,2026-09-07 05:29:12
http://gabrimorai.lovestoblog.com,404,Error_404,http://gabrimorai.lovestoblog.com/privacy-policy,2026-09-07 05:29:12
http://maryamsquires.lovestoblog.com,404,Error_404,http://maryamsquires.lovestoblog.com/privacy-policy,2026-09-07 05:29:12
http://alfonsogalvez.likesyou.org,404,Error_404,http://alfonsogalvez.likesyou.org/,2026-09-07 05:29:12
http://astralalchemist.likesyou.org,404,Error_404,http://astralalchemist.likesyou.org/privacy-policy,2026-09-07 05:29:12
http://nateaarons.is-great.net,404,Error_404,http://nateaarons.is-great.net/contact-us,2026-09-07 05:29:12
http://kerteszdalma.is-great.org,404,Error_404,http://kerteszdalma.is-great.org/contact-us,2026-09-07 05:29:12
http://benitamaxwell.is-great.net,404,Error_404,http://benitamaxwell.is-great.net/contact-us,2026-09-07 05:29:12
http://gretaberetta.kesug.com,404,Error_404,http://gretaberetta.kesug.com/,2026-09-07 05:29:12
http://utahartmann.great-site.net,404,Error_404,http://utahartmann.great-site.net/about-us,2026-09-07 05:29:12
http://shawnrobbins.is-best.net,404,Error_404,http://shawnrobbins.is-best.net/contact-us,2026-09-07 05:29:12
http://bentleysantana.wuaze.com,404,Error_404,http://bentleysantana.wuaze.com/privacy-policy,2026-09-07 05:29:12
http://dreamingdancer.totalh.net,404,Error_404,http://dreamingdancer.totalh.net/about-us,2026-09-07 05:29:12
http://jeniffclemons.kesug.com,404,Error_404,http://jeniffclemons.kesug.com/about-us,2026-09-07 05:29:12
http://mauricemolina.is-great.net,404,Error_404,http://mauricemolina.is-great.net/privacy-policy,2026-09-07 05:29:12
http://janeayers.kesug.com,0,Invalid/Down,N/A,2026-09-07 05:29:12
http://tiatodd.is-great.net,404,Error_404,http://tiatodd.is-great.net/contact-us,2026-09-07 05:29:12
http://gabrielforlong.kesug.com,404,Error_404,http://gabrielforlong.kesug.com/privacy-policy,2026-09-07 05:29:12
http://novanurturer.great-site.net,404,Error_404,http://novanurturer.great-site.net/contact-us,2026-09-07 05:29:12
http://leroykern.kesug.com,404,Error_404,http://leroykern.kesug.com/privacy-policy,2026-09-07 05:29:12
http://blazebol.lovestoblog.com,404,Error_404,http://blazebol.lovestoblog.com/contact-us,2026-09-07 05:29:12
http://glendaspears.wuaze.com,404,Error_404,http://glendaspears.wuaze.com/about-us,2026-09-07 05:29:12
http://zyairmckinney.is-great.org,404,Error_404,http://zyairmckinney.is-great.org/,2026-09-07 05:29:12
http://todayqogwarts.lovestoblog.com,404,Error_404,http://todayqogwarts.lovestoblog.com/about-us,2026-09-07 05:29:12
http://perrydavenport.wuaze.com,404,Error_404,http://perrydavenport.wuaze.com/about-us,2026-09-07 05:29:12
http://louellatrevino.is-great.net,404,Error_404,http://louellatrevino.is-great.net/about-us,2026-09-07 05:29:12
http://vincentchambe.lovestoblog.com,404,Error_404,http://vincentchambe.lovestoblog.com/contact-us,2026-09-07 05:29:12
http://abutohaeingram.lovestoblog.com,404,Error_404,http://abutohaeingram.lovestoblog.com/contact-us,2026-09-07 05:29:12
http://edgardotierney.wuaze.com,404,Error_404,http://edgardotierney.wuaze.com/privacy-policy,2026-09-07 05:29:12
http://elianatripp.iblogger.org,404,Error_404,http://elianatripp.iblogger.org/about-us,2026-09-07 05:29:12
http://alisullivan.is-best.net,404,Error_404,http://alisullivan.is-best.net/about-us,2026-09-07 05:29:12
http://ritalanglois.great-site.net,404,Error_404,http://ritalanglois.great-site.net/contact-us,2026-09-07 05:29:12
http://howardjaeger.kesug.com,404,Error_404,http://howardjaeger.kesug.com/,2026-09-07 05:29:12
http://ronnyspence.is-best.net,404,Error_404,http://ronnyspence.is-best.net/privacy-policy,2026-09-07 05:29:12
http://aryannafarlan.is-great.net,404,Error_404,http://aryannafarlan.is-great.net/privacy-policy,2026-09-07 05:29:12
http://leonglover.kesug.com,404,Error_404,http://leonglover.kesug.com/about-us,2026-09-07 05:29:12
http://harmonipotts.kesug.com,404,Error_404,http://harmonipotts.kesug.com/about-us,2026-09-07 05:29:12
http://elizawillis.is-best.net,404,Error_404,http://elizawillis.is-best.net/about-us,2026-09-07 05:29:12
http://jamieleane.is-great.org,404,Error_404,http://jamieleane.is-great.org/privacy-policy,2026-09-07 05:29:12
http://charlotteyang.iblogger.org,404,Error_404,http://charlotteyang.iblogger.org/about-us,2026-09-07 05:29:12
http://sunlitshadow.my-board.org,404,Error_404,http://sunlitshadow.my-board.org/privacy-policy,2026-09-07 05:29:12
http://dominiquelemay.iblogger.org,404,Error_404,http://dominiquelemay.iblogger.org/privacy-policy,2026-09-07 05:29:12
http://desileonard.wuaze.com,404,Error_404,http://desileonard.wuaze.com/about-us,2026-09-07 05:29:12
http://jamesmills.is-great.net,404,Error_404,http://jamesmills.is-great.net/contact-us,2026-09-07 05:29:12
http://sravellogynews.lovestoblog.com,404,Error_404,http://sravellogynews.lovestoblog.com/contact-us,2026-09-07 05:29:12
http://madilynnwhitten.is-best.net,404,Error_404,http://madilynnwhitten.is-best.net/privacy-policy,2026-09-07 05:29:12
http://adriannamartinez.lovestoblog.com,404,Error_404,http://adriannamartinez.lovestoblog.com/contact-us,2026-09-07 05:29:12
http://hiramgoodman.wuaze.com,404,Error_404,http://hiramgoodman.wuaze.com/about-us,2026-09-07 05:29:12
http://leilanycastan.is-great.net,404,Error_404,http://leilanycastan.is-great.net/privacy-policy,2026-09-07 05:29:12
http://daltonnorman.is-best.net,404,Error_404,http://daltonnorman.is-best.net/privacy-policy,2026-09-07 05:29:12
http://graceedwards.is-great.net,404,Error_404,http://graceedwards.is-great.net/about-us,2026-09-07 05:29:12
http://hackensackrecord.great-site.net,404,Error_404,http://hackensackrecord.great-site.net/,2026-09-07 05:29:12
http://belindamcphe.kesug.com,404,Error_404,http://belindamcphe.kesug.com/contact-us,2026-09-07 05:29:12
http://reportsnational.kesug.com,404,Error_404,http://reportsnational.kesug.com/contact-us,2026-09-07 05:29:12
http://artemisho.kesug.com,404,Error_404,http://artemisho.kesug.com/privacy-policy,2026-09-07 05:29:12
http://watchmanwillow.lovestoblog.com,404,Error_404,http://watchmanwillow.lovestoblog.com/contact-us,2026-09-07 05:29:12
http://everlymonroe.wuaze.com,404,Error_404,http://everlymonroe.wuaze.com/contact-us,2026-09-07 05:29:12
http://malachimosley.iblogger.org,404,Error_404,http://malachimosley.iblogger.org/,2026-09-07 05:29:12
http://rylandblan.nichesite.org,404,Error_404,http://rylandblan.nichesite.org/about-us,2026-09-07 05:29:12
http://michaelhalliga.iblogger.org,404,Suspended,https://suspended-domain.net/index.php?host=michaelhalliga.iblogger.org,2026-09-07 05:29:12
http://spiritspectacle.totalh.net,404,Error_404,http://spiritspectacle.totalh.net/contact-us,2026-09-07 05:29:12
http://harisonmotes.is-great.org,404,Error_404,http://harisonmotes.is-great.org/about-us,2026-09-07 05:29:12
http://zenithzodiac.my-board.org,404,Error_404,http://zenithzodiac.my-board.org/contact-us,2026-09-07 05:29:12
http://gloriareilly.kesug.com,404,Error_404,http://gloriareilly.kesug.com/,2026-09-07 05:29:12
http://monikalove.lovestoblog.com,404,Error_404,http://monikalove.lovestoblog.com/contact-us,2026-09-07 05:29:12
http://jimmyharrison.great-site.net,404,Error_404,http://jimmyharrison.great-site.net/contact-us,2026-09-07 05:29:12
http://benharber.wuaze.com,404,Error_404,http://benharber.wuaze.com/contact-us,2026-09-07 05:29:12
http://kenzorobertson.is-great.org,404,Error_404,http://kenzorobertson.is-great.org/,2026-09-07 05:29:12
http://brycenreed.iblogger.org,404,Error_404,http://brycenreed.iblogger.org/privacy-policy,2026-09-07 05:29:12
http://pietragiacomini.kesug.com,404,Error_404,http://pietragiacomini.kesug.com/contact-us,2026-09-07 05:29:12
http://aidanwiseman.wuaze.com,404,Error_404,http://aidanwiseman.wuaze.com/privacy-policy,2026-09-07 05:29:12
http://coltongrant.is-best.net,404,Error_404,http://coltongrant.is-best.net/about-us,2026-09-07 05:29:12
http://mysticmist.talk4fun.net,404,Error_404,http://mysticmist.talk4fun.net/privacy-policy,2026-09-07 05:29:12
http://bangkokthepost.is-great.org,404,Error_404,http://bangkokthepost.is-great.org/contact-us,2026-09-07 05:29:12
http://piperhorgan.is-great.org,404,Error_404,http://piperhorgan.is-great.org/privacy-policy,2026-09-07 05:29:12
http://beverlystanley.kesug.com,404,Error_404,http://beverlystanley.kesug.com/about-us,2026-09-07 05:29:12
http://rosalimcint.wuaze.com,404,Error_404,http://rosalimcint.wuaze.com/contact-us,2026-09-07 05:29:12
http://mariusthorsen.kesug.com,404,Error_404,http://mariusthorsen.kesug.com/about-us,2026-09-07 05:29:12
http://federicacosta.is-great.net,404,Error_404,http://federicacosta.is-great.net/contact-us,2026-09-07 05:29:12
http://estherrosenberg.lovestoblog.com,404,Error_404,http://estherrosenberg.lovestoblog.com/privacy-policy,2026-09-07 05:29:12
http://weeklyreports.nichesite.org,404,Error_404,http://weeklyreports.nichesite.org/about-us,2026-09-07 05:29:12
http://dreamdefender.is-best.net,404,Error_404,http://dreamdefender.is-best.net/about-us,2026-09-07 05:29:12
http://declansmeaton.is-great.net,404,Error_404,http://declansmeaton.is-great.net/contact-us,2026-09-07 05:29:12
http://margarethawiener.lovestoblog.com,404,Error_404,http://margarethawiener.lovestoblog.com/privacy-policy,2026-09-07 05:29:12
http://paolmoretto.wuaze.com,404,Error_404,http://paolmoretto.wuaze.com/about-us,2026-09-07 05:29:12
http://frankiemiles.kesug.com,404,Error_404,http://frankiemiles.kesug.com/about-us,2026-09-07 05:29:12
http://molinfederico.great-site.net,404,Error_404,http://molinfederico.great-site.net/about-us,2026-09-07 05:29:12
http://rajeshgreenhalgh.is-great.net,404,Error_404,http://rajeshgreenhalgh.is-great.net/contact-us,2026-09-07 05:29:12
http://emmalynstanley.lovestoblog.com,404,Error_404,http://emmalynstanley.lovestoblog.com/contact-us,2026-09-07 05:29:12
http://catrinasteph.likesyou.org,404,Error_404,http://catrinasteph.likesyou.org/privacy-policy,2026-09-07 05:29:12
http://cbowlingfrederi.my-style.in,404,Error_404,http://cbowlingfrederi.my-style.in/privacy-policy,2026-09-07 05:29:12
http://janayaqeen.lovestoblog.com,404,Error_404,http://janayaqeen.lovestoblog.com/contact-us,2026-09-07 05:29:12
http://calebsalinas.is-best.net,404,Error_404,http://calebsalinas.is-best.net/about-us,2026-09-07 05:29:12
http://lukeainsworth.is-great.net,404,Error_404,http://lukeainsworth.is-great.net/privacy-policy,2026-09-07 05:29:12
http://derrickcooke.wuaze.com,404,Error_404,http://derrickcooke.wuaze.com/privacy-policy,2026-09-07 05:29:12
http://rockymountthe.wuaze.com,404,Error_404,http://rockymountthe.wuaze.com/privacy-policy,2026-09-07 05:29:12
http://hugobrien.lovestoblog.com,404,Error_404,http://hugobrien.lovestoblog.com/privacy-policy,2026-09-07 05:29:12
http://shawnvalencia.is-best.net,404,Error_404,http://shawnvalencia.is-best.net/contact-us,2026-09-07 05:29:12
http://warkstarledgerne.wuaze.com,404,Error_404,http://warkstarledgerne.wuaze.com/,2026-09-07 05:29:12
http://ebonykeldie.lovestoblog.com,404,Error_404,http://ebonykeldie.lovestoblog.com/about-us,2026-09-07 05:29:12
http://petercosta.is-best.net,404,Error_404,http://petercosta.is-best.net/contact-us,2026-09-07 05:29:12
http://chinathepost.lovestoblog.com,404,Error_404,http://chinathepost.lovestoblog.com/contact-us,2026-09-07 05:29:12
http://tierabragg.iblogger.org,404,Error_404,http://tierabragg.iblogger.org/privacy-policy,2026-09-07 05:29:12
http://petersburgtimes.wuaze.com,404,Error_404,http://petersburgtimes.wuaze.com/privacy-policy,2026-09-07 05:29:12
http://arelycaputo.is-best.net,404,Error_404,http://arelycaputo.is-best.net/,2026-09-07 05:29:12
http://careyoliver.iblogger.org,404,Error_404,http://careyoliver.iblogger.org/privacy-policy,2026-09-07 05:29:12
http://loksenhsieh.kesug.com,404,Error_404,http://loksenhsieh.kesug.com/privacy-policy,2026-09-07 05:29:12
http://pashionfocusnews.iblogger.org/wp-admin,404,Error_404,http://pashionfocusnews.iblogger.org/wp-admin,2026-09-07 05:29:12
http://kyriefowler.is-great.org,404,Error_404,http://kyriefowler.is-great.org/about-us,2026-09-07 05:29:12
http://geoff.iblogger.org,404,Error_404,http://geoff.iblogger.org/about-us,2026-09-07 05:29:12
http://laurafoster.kesug.com,404,Error_404,http://laurafoster.kesug.com/about-us,2026-09-07 05:29:12
http://trishahaley.likesyou.org,404,Error_404,http://trishahaley.likesyou.org/about-us,2026-09-07 05:29:12
http://selenahaley.wuaze.com,404,Error_404,http://selenahaley.wuaze.com/about-us,2026-09-07 05:29:12
http://jaylamiles.wuaze.com,404,Error_404,http://jaylamiles.wuaze.com/privacy-policy,2026-09-07 05:29:12
http://andrewcleary.nichesite.org,404,Error_404,http://andrewcleary.nichesite.org/contact-us,2026-09-07 05:29:12
http://marissamendoza.is-great.net,404,Error_404,http://marissamendoza.is-great.net/contact-us,2026-09-07 05:29:12
http://thomasedmunds.is-great.net,404,Error_404,http://thomasedmunds.is-great.net/contact-us,2026-09-07 05:29:12
http://gazettemontreal.lovestoblog.com/wp-admin,404,Suspended,https://suspended-domain.net/index.php?host=gazettemontreal.lovestoblog.com,2026-09-07 05:29:12
http://adrianapennington.is-best.net,404,Error_404,http://adrianapennington.is-best.net/about-us,2026-09-07 05:29:12
http://elsahays.is-great.net,404,Error_404,http://elsahays.is-great.net/about-us,2026-09-07 05:29:12
http://rosasexton.lovestoblog.com,404,Error_404,http://rosasexton.lovestoblog.com/about-us,2026-09-07 05:29:12
http://mohamedmiranda.iblogger.org,404,Error_404,http://mohamedmiranda.iblogger.org/privacy-policy,2026-09-07 05:29:12
http://stormstrider.wuaze.com,404,Error_404,http://stormstrider.wuaze.com/about-us,2026-09-07 05:29:12
http://stellawilli.iblogger.org,404,Error_404,http://stellawilli.iblogger.org/,2026-09-07 05:29:12
http://sabrinasparks.wuaze.com,404,Error_404,http://sabrinasparks.wuaze.com/contact-us,2026-09-07 05:29:12
http://kimberlypellerin.lovestoblog.com,404,Error_404,http://kimberlypellerin.lovestoblog.com/contact-us,2026-09-07 05:29:12
http://lydiashah.is-great.net,404,Error_404,http://lydiashah.is-great.net/about-us,2026-09-07 05:29:12
http://nadiabates.gamer.gd,0,Invalid/Down,N/A,2026-09-07 05:29:12
http://allisonbarber.wuaze.com,404,Error_404,http://allisonbarber.wuaze.com/contact-us,2026-09-07 05:29:12
http://lucaspizzey.my-board.org,404,Error_404,http://lucaspizzey.my-board.org/privacy-policy,2026-09-07 05:29:12
http://melvahess.lovestoblog.com,404,Error_404,http://melvahess.lovestoblog.com/privacy-policy,2026-09-07 05:29:12
http://surgestorm.kesug.com,404,Error_404,http://surgestorm.kesug.com/contact-us,2026-09-07 05:29:12
http://scolonisttime.social-networking.me,404,Suspended,https://suspended-domain.net/index.php?host=scolonisttime.social-networking.me,2026-09-07 05:29:12
http://arcticalchemist.nichesite.org,404,Error_404,http://arcticalchemist.nichesite.org/about-us,2026-09-07 05:29:12
http://helenehodge.is-great.org,404,Error_404,http://helenehodge.is-great.org/privacy-policy,2026-09-07 05:29:12
http://jenswalter.is-best.net,404,Error_404,http://jenswalter.is-best.net/about-us,2026-09-07 05:29:12
http://haileybowen.kesug.com,404,Error_404,http://haileybowen.kesug.com/privacy-policy,2026-09-07 05:29:12
http://emberembrace.lovestoblog.com,404,Error_404,http://emberembrace.lovestoblog.com/contact-us,2026-09-07 05:29:12
http://tysonbaughan.lovestoblog.com,404,Suspended,https://suspended-domain.net/index.php?host=tysonbaughan.lovestoblog.com,2026-09-07 05:29:12
http://shanelowe.is-great.org,404,Error_404,http://shanelowe.is-great.org/privacy-policy,2026-09-07 05:29:12
http://olinfarrell.great-site.net,404,Error_404,http://olinfarrell.great-site.net/about-us,2026-09-07 05:29:12
http://simonebelanger.wuaze.com,404,Error_404,http://simonebelanger.wuaze.com/about-us,2026-09-07 05:29:12
http://glamnelamesa.lovestoblog.com,404,Error_404,http://glamnelamesa.lovestoblog.com/about-us,2026-09-07 05:29:12
http://camerondavey.wuaze.com,404,Error_404,http://camerondavey.wuaze.com/about-us,2026-09-07 05:29:12
http://danieldresner.great-site.net,404,Error_404,http://danieldresner.great-site.net/contact-us,2026-09-07 05:29:12
http://wendydowney.is-best.net,404,Error_404,http://wendydowney.is-best.net/privacy-policy,2026-09-07 05:29:12
http://telegraphedward.totalh.net,404,Error_404,http://telegraphedward.totalh.net/about-us,2026-09-07 05:29:12
http://scarletcerva.lovestoblog.com,404,Error_404,http://scarletcerva.lovestoblog.com/contact-us,2026-09-07 05:29:12
http://jaelynfrick.wuaze.com,404,Error_404,http://jaelynfrick.wuaze.com/contact-us,2026-09-07 05:29:12
http://jetawales.wuaze.com,404,Suspended,https://suspended-domain.net/index.php?host=jetawales.wuaze.com,2026-09-07 05:29:12
http://laurenmetcalfe.wuaze.com,404,Error_404,http://laurenmetcalfe.wuaze.com/contact-us,2026-09-07 05:29:12
http://herbertshort.is-great.net,404,Error_404,http://herbertshort.is-great.net/privacy-policy,2026-09-07 05:29:12
http://newsaljazeera.kesug.com,404,Error_404,http://newsaljazeera.kesug.com/contact-us,2026-09-07 05:29:12
http://evelynnvelez.kesug.com,404,Error_404,http://evelynnvelez.kesug.com/about-us,2026-09-07 05:29:12
http://kyrieschultz.is-great.org,404,Error_404,http://kyrieschultz.is-great.org/contact-us,2026-09-07 05:29:12
http://cherrybrooke.lovestoblog.com,404,Error_404,http://cherrybrooke.lovestoblog.com/about-us,2026-09-07 05:29:12
http://novanebula.great-site.net,404,Error_404,http://novanebula.great-site.net/about-us,2026-09-07 05:29:12
http://austinhowey.lovestoblog.com,404,Suspended,https://suspended-domain.net/index.php?host=austinhowey.lovestoblog.com,2026-09-07 05:29:12
http://ivylavoie.great-site.net,404,Error_404,http://ivylavoie.great-site.net/privacy-policy,2026-09-07 05:29:12
http://stallingandrea.wuaze.com,404,Error_404,http://stallingandrea.wuaze.com/about-us,2026-09-07 05:29:12
http://alanpiper.great-site.net,404,Error_404,http://alanpiper.great-site.net/privacy-policy,2026-09-07 05:29:12
http://wilmafitzgerald.kesug.com,404,Error_404,http://wilmafitzgerald.kesug.com/privacy-policy,2026-09-07 05:29:12
http://keylaburgess.kesug.com,404,Error_404,http://keylaburgess.kesug.com/privacy-policy,2026-09-07 05:29:12
http://aliciaparsons.wuaze.com,404,Error_404,http://aliciaparsons.wuaze.com/,2026-09-07 05:29:12
http://blazebloom.wuaze.com,404,Error_404,http://blazebloom.wuaze.com/privacy-policy,2026-09-07 05:29:12
http://johnathancalderon.iblogger.org,404,Error_404,http://johnathancalderon.iblogger.org/privacy-policy,2026-09-07 05:29:12
http://diegocruz.is-great.net,404,Error_404,http://diegocruz.is-great.net/about-us,2026-09-07 05:29:12
http://duskdancer.kesug.com,404,Error_404,http://duskdancer.kesug.com/about-us,2026-09-07 05:29:12
http://jansailer.is-best.net,404,Error_404,http://jansailer.is-best.net/about-us,2026-09-07 05:29:12
http://guycook.iblogger.org,404,Error_404,http://guycook.iblogger.org/contact-us,2026-09-07 05:29:12
http://gemmatildesley.is-great.org,404,Error_404,http://gemmatildesley.is-great.org/contact-us,2026-09-07 05:29:12
http://beaufenton.kesug.com,404,Error_404,http://beaufenton.kesug.com/privacy-policy,2026-09-07 05:29:12
http://immacolata.lovestoblog.com,404,Error_404,http://immacolata.lovestoblog.com/privacy-policy,2026-09-07 05:29:12
http://elroyreyes.lovestoblog.com,404,Error_404,http://elroyreyes.lovestoblog.com/contact-us,2026-09-07 05:29:12
http://congtsao.wuaze.com,404,Error_404,http://congtsao.wuaze.com/about-us,2026-09-07 05:29:12
http://francesglass.great-site.net,404,Error_404,http://francesglass.great-site.net/contact-us,2026-09-07 05:29:12
http://michelebaum.kesug.com,404,Error_404,http://michelebaum.kesug.com/privacy-policy,2026-09-07 05:29:12
http://danicarobert.is-great.org,404,Error_404,http://danicarobert.is-great.org/privacy-policy,2026-09-07 05:29:12
http://terrikooper.is-best.net,404,Error_404,http://terrikooper.is-best.net/privacy-policy,2026-09-07 05:29:12
http://sunlitspecter.nichesite.org,404,Error_404,http://sunlitspecter.nichesite.org/privacy-policy,2026-09-07 05:29:12
http://shadowsculptor.wuaze.com,404,Error_404,http://shadowsculptor.wuaze.com/contact-us,2026-09-07 05:29:12
http://novanebula.wuaze.com,404,Error_404,http://novanebula.wuaze.com/contact-us,2026-09-07 05:29:12
http://serenabuchanan.lovestoblog.com,404,Error_404,http://serenabuchanan.lovestoblog.com/about-us,2026-09-07 05:29:12
http://frontis.com/,0,Invalid/Down,N/A,2026-09-07 05:29:12
http://wilsonnathan.kesug.com,404,Error_404,http://wilsonnathan.kesug.com/about-us,2026-09-07 05:29:12
http://whisperingwind.iblogger.org,404,Error_404,http://whisperingwind.iblogger.org/contact-us,2026-09-07 05:29:12
http://briarescobar.is-great.net,404,Error_404,http://briarescobar.is-great.net/contact-us,2026-09-07 05:29:12
http://declangant.is-great.net,404,Error_404,http://declangant.is-great.net/about-us,2026-09-07 05:29:12
http://stanleyzhang.is-great.net,404,Error_404,http://stanleyzhang.is-great.net/,2026-09-07 05:29:12
http://kararose.is-best.net,404,Error_404,http://kararose.is-best.net/contact-us,2026-09-07 05:29:12
http://optimistatlanta.great-site.net,404,Error_404,http://optimistatlanta.great-site.net/privacy-policy,2026-09-07 05:29:12
http://brittphilip.lovestoblog.com,404,Error_404,http://brittphilip.lovestoblog.com/privacy-policy,2026-09-07 05:29:12
http://laurenkelly.great-site.net,404,Error_404,http://laurenkelly.great-site.net/privacy-policy,2026-09-07 05:29:12
http://chloecox.great-site.net,404,Error_404,http://chloecox.great-site.net/contact-us,2026-09-07 05:29:12
http://anayabush.kesug.com,404,Error_404,http://anayabush.kesug.com/contact-us,2026-09-07 05:29:12
http://colinreyna.wuaze.com,404,Error_404,http://colinreyna.wuaze.com/privacy-policy,2026-09-07 05:29:12
http://fionarivers.kesug.com,404,Error_404,http://fionarivers.kesug.com/contact-us,2026-09-07 05:29:12
http://biagiafazio.wuaze.com,404,Error_404,http://biagiafazio.wuaze.com/contact-us,2026-09-07 05:29:12
http://harrybrowne.kesug.com,404,Error_404,http://harrybrowne.kesug.com/privacy-policy,2026-09-07 05:29:12
http://keiranisbet.lovestoblog.com,404,Suspended,https://suspended-domain.net/index.php?host=keiranisbet.lovestoblog.com,2026-09-07 05:29:12
http://kelvinolson.is-best.net,404,Error_404,http://kelvinolson.is-best.net/contact-us,2026-09-07 05:29:12
http://callenmontes.is-great.org,404,Error_404,http://callenmontes.is-great.org/contact-us,2026-09-07 05:29:12
http://dancerdusk.kesug.com,404,Error_404,http://dancerdusk.kesug.com/contact-us,2026-09-07 05:29:12
http://inocentecastre.wuaze.com,404,Error_404,http://inocentecastre.wuaze.com/contact-us,2026-09-07 05:29:12
http://joshualebrun.great-site.net,404,Error_404,http://joshualebrun.great-site.net/privacy-policy,2026-09-07 05:29:12
http://ezraesparza.is-great.org,404,Error_404,http://ezraesparza.is-great.org/privacy-policy,2026-09-07 05:29:12
http://rosalindglass.is-great.net,404,Error_404,http://rosalindglass.is-great.net/about-us,2026-09-07 05:29:12
http://madisonschofield.is-best.net,404,Error_404,http://madisonschofield.is-best.net/contact-us,2026-09-07 05:29:12
http://margocook.wuaze.com,404,Error_404,http://margocook.wuaze.com/privacy-policy,2026-09-07 05:29:12
http://elaindougall.page.gd,0,Invalid/Down,N/A,2026-09-07 05:29:12
http://mysticmystique.iblogger.org,404,Error_404,http://mysticmystique.iblogger.org/privacy-policy,2026-09-07 05:29:12
http://ampbellkristic.great-site.net,404,Error_404,http://ampbellkristic.great-site.net/about-us,2026-09-07 05:29:12
http://kaitlynpeck.is-best.net,404,Error_404,http://kaitlynpeck.is-best.net/privacy-policy,2026-09-07 05:29:12
http://sebastianbruun.is-great.org,404,Error_404,http://sebastianbruun.is-great.org/privacy-policy,2026-09-07 05:29:12
http://aloisbonetti.iblogger.org,404,Error_404,http://aloisbonetti.iblogger.org/privacy-policy,2026-09-07 05:29:12
http://echoessence.lovestoblog.com,404,Error_404,http://echoessence.lovestoblog.com/contact-us,2026-09-07 05:29:12
http://madelebegay.loveslife.biz,404,Error_404,http://madelebegay.loveslife.biz/about-us,2026-09-07 05:29:12
http://hugoshearston.is-great.net,404,Error_404,http://hugoshearston.is-great.net/privacy-policy,2026-09-07 05:29:12
http://curthump.is-great.net,404,Error_404,http://curthump.is-great.net/about-us,2026-09-07 05:29:12
http://janjones.great-site.net,404,Error_404,http://janjones.great-site.net/contact-us,2026-09-07 05:29:12
http://drakecrand.is-best.net,404,Error_404,http://drakecrand.is-best.net/about-us,2026-09-07 05:29:12
http://fodorlinka.kesug.com,404,Error_404,http://fodorlinka.kesug.com/privacy-policy,2026-09-07 05:29:12
http://connorbeers.kesug.com,404,Error_404,http://connorbeers.kesug.com/contact-us,2026-09-07 05:29:12
http://isabellang.is-best.net,404,Error_404,http://isabellang.is-best.net/about-us,2026-09-07 05:29:12
http://danielshaw.wuaze.com,404,Error_404,http://danielshaw.wuaze.com/contact-us,2026-09-07 05:29:12
http://davionatkin.lovestoblog.com,404,Error_404,http://davionatkin.lovestoblog.com/about-us,2026-09-07 05:29:12
http://kohencisneros.kesug.com,404,Error_404,http://kohencisneros.kesug.com/about-us,2026-09-07 05:29:12
http://meganmorrison.lovestoblog.com,404,Error_404,http://meganmorrison.lovestoblog.com/contact-us,2026-09-07 05:29:12
http://willafranklin.lovestoblog.com,404,Error_404,http://willafranklin.lovestoblog.com/privacy-policy,2026-09-07 05:29:12
http://deansalter.is-best.net,404,Error_404,http://deansalter.is-best.net/privacy-policy,2026-09-07 05:29:12
http://campbellmicheal.nichesite.org,404,Error_404,http://campbellmicheal.nichesite.org/contact-us,2026-09-07 05:29:12
http://tiborsteidl.is-great.net,404,Error_404,http://tiborsteidl.is-great.net/contact-us,2026-09-07 05:29:12
http://sheraldbuenosaire.nichesite.org,404,Error_404,http://sheraldbuenosaire.nichesite.org/privacy-policy,2026-09-07 05:29:12
http://emberevergreen.is-best.net,404,Error_404,http://emberevergreen.is-best.net/contact-us,2026-09-07 05:29:12
http://julissaperkins.iblogger.org,404,Error_404,http://julissaperkins.iblogger.org/about-us,2026-09-07 05:29:12
http://ronintapia.is-best.net,404,Error_404,http://ronintapia.is-best.net/contact-us,2026-09-07 05:29:12
http://isabellaarsen.lovestoblog.com,404,Error_404,http://isabellaarsen.lovestoblog.com/privacy-policy,2026-09-07 05:29:12
http://armangowin.is-great.net,404,Error_404,http://armangowin.is-great.net/privacy-policy,2026-09-07 05:29:12
http://balestrend.wuaze.com,404,Error_404,http://balestrend.wuaze.com/about-us,2026-09-07 05:29:12
http://archeraurora.mydiscussion.net,404,Error_404,http://archeraurora.mydiscussion.net/contact-us,2026-09-07 05:29:12
http://freewayeaglethe.kesug.com,404,Error_404,http://freewayeaglethe.kesug.com/privacy-policy,2026-09-07 05:29:12
http://audreymoreno.lovestoblog.com,404,Error_404,http://audreymoreno.lovestoblog.com/privacy-policy,2026-09-07 05:29:12
http://sethpiddington.great-site.net,404,Error_404,http://sethpiddington.great-site.net/privacy-policy,2026-09-07 05:29:12
http://emiledamgaard.great-site.net,404,Error_404,http://emiledamgaard.great-site.net/about-us,2026-09-07 05:29:12
http://blazebolt.wuaze.com,404,Error_404,http://blazebolt.wuaze.com/privacy-policy,2026-09-07 05:29:12
http://napolisstarindia.is-best.net,404,Error_404,http://napolisstarindia.is-best.net/privacy-policy,2026-09-07 05:29:12
http://lidocosentino.iblogger.org,404,Error_404,http://lidocosentino.iblogger.org/privacy-policy,2026-09-07 05:29:12
http://debramohammed.is-great.net,404,Error_404,http://debramohammed.is-great.net/about-us,2026-09-07 05:29:12
http://emmamitchell.kesug.com,404,Error_404,http://emmamitchell.kesug.com/about-us,2026-09-07 05:29:12
http://monitormarket.kesug.com,404,Error_404,http://monitormarket.kesug.com/about-us,2026-09-07 05:29:12
http://jazmincurran.is-best.net,404,Error_404,http://jazmincurran.is-best.net/about-us,2026-09-07 05:29:12
http://catalinaconde.iblogger.org,404,Error_404,http://catalinaconde.iblogger.org/about-us,2026-09-07 05:29:12
http://moonlitmystery.nichesite.org,404,Error_404,http://moonlitmystery.nichesite.org/privacy-policy,2026-09-07 05:29:12
http://jonahwesley.kesug.com,404,Error_404,http://jonahwesley.kesug.com/about-us,2026-09-07 05:29:12
http://ebonykeats.wuaze.com,404,Error_404,http://ebonykeats.wuaze.com/about-us,2026-09-07 05:29:12
http://spiritsinger.lovestoblog.com,404,Error_404,http://spiritsinger.lovestoblog.com/contact-us,2026-09-07 05:29:12
http://bernardonewton.is-great.net,404,Error_404,http://bernardonewton.is-great.net/about-us,2026-09-07 05:29:12
http://serendipitoussoul.is-best.net,404,Error_404,http://serendipitoussoul.is-best.net/privacy-policy,2026-09-07 05:29:12
http://jocelynchristian.kesug.com,404,Error_404,http://jocelynchristian.kesug.com/privacy-policy,2026-09-07 05:29:12
http://rudybourgeois.my-board.org,404,Error_404,http://rudybourgeois.my-board.org/about-us,2026-09-07 05:29:12
http://jaggerchang.iblogger.org,404,Error_404,http://jaggerchang.iblogger.org/privacy-policy,2026-09-07 05:29:12
http://jaysonmadden.kesug.com,404,Error_404,http://jaysonmadden.kesug.com/contact-us,2026-09-07 05:29:12
http://alayaharrison.wuaze.com,404,Error_404,http://alayaharrison.wuaze.com/contact-us,2026-09-07 05:29:12
http://helencain.totalh.net,404,Error_404,http://helencain.totalh.net/privacy-policy,2026-09-07 05:29:12
http://olgaorozco.is-great.net,404,Error_404,http://olgaorozco.is-great.net/contact-us,2026-09-07 05:29:12
http://waldoherman.great-site.net,404,Error_404,http://waldoherman.great-site.net/contact-us,2026-09-07 05:29:12
http://infiniternsight.loveslife.biz,404,Error_404,http://infiniternsight.loveslife.biz/privacy-policy,2026-09-07 05:29:12
http://caseyriley.is-best.net,404,Error_404,http://caseyriley.is-best.net/contact-us,2026-09-07 05:29:12
http://kingherring.iblogger.org,404,Error_404,http://kingherring.iblogger.org/contact-us,2026-09-07 05:29:12
http://wispwillow.wuaze.com,404,Error_404,http://wispwillow.wuaze.com/privacy-policy,2026-09-07 05:29:12
http://paulinowen.iblogger.org,404,Error_404,http://paulinowen.iblogger.org/contact-us,2026-09-07 05:29:12
http://alizavillalobos.iblogger.org,404,Error_404,http://alizavillalobos.iblogger.org/privacy-policy,2026-09-07 05:29:12
http://arianapratt.wuaze.com,404,Error_404,http://arianapratt.wuaze.com/contact-us,2026-09-07 05:29:12
http://franodon.iblogger.org,404,Error_404,http://franodon.iblogger.org/contact-us,2026-09-07 05:29:12
http://hunteradey.kesug.com,404,Error_404,http://hunteradey.kesug.com/contact-us,2026-09-07 05:29:12
http://wellsowen.lovestoblog.com,404,Error_404,http://wellsowen.lovestoblog.com/privacy-policy,2026-09-07 05:29:12
http://ninahammond.great-site.net,404,Error_404,http://ninahammond.great-site.net/privacy-policy,2026-09-07 05:29:12
http://karinasatte.iblogger.org,404,Error_404,http://karinasatte.iblogger.org/privacy-policy,2026-09-07 05:29:12
http://luisakhan.is-great.net,404,Error_404,http://luisakhan.is-great.net/contact-us,2026-09-07 05:29:12
http://avamathis.wuaze.com,404,Error_404,http://avamathis.wuaze.com/contact-us,2026-09-07 05:29:12
http://franciscasalmeron.is-great.org,404,Error_404,http://franciscasalmeron.is-great.org/privacy-policy,2026-09-07 05:29:12
http://echoetherea.nichesite.org,404,Error_404,http://echoetherea.nichesite.org/,2026-09-07 05:29:12
http://seantucker.lovestoblog.com,404,Error_404,http://seantucker.lovestoblog.com/privacy-policy,2026-09-07 05:29:12
http://alexaarenas.wuaze.com,404,Error_404,http://alexaarenas.wuaze.com/,2026-09-07 05:29:12
http://orangeregister.nichesite.org,404,Error_404,http://orangeregister.nichesite.org/about-us,2026-09-07 05:29:12
http://turnerkesl.is-great.org,404,Error_404,http://turnerkesl.is-great.org/privacy-policy,2026-09-07 05:29:12
http://henryambrose.wuaze.com,404,Suspended,https://suspended-domain.net/index.php?host=henryambrose.wuaze.com,2026-09-07 05:29:12
http://mariarosaria.is-great.net,404,Error_404,http://mariarosaria.is-great.net/contact-us,2026-09-07 05:29:12
http://crimsonwing.nichesite.org,404,Error_404,http://crimsonwing.nichesite.org/about-us,2026-09-07 05:29:12
http://stefaniemuller.fast-page.org,0,Invalid/Down,N/A,2026-09-07 05:29:12
http://ebonyknight.lovestoblog.com,404,Error_404,http://ebonyknight.lovestoblog.com/contact-us,2026-09-07 05:29:12
http://forrealupdates.lovestoblog.com,404,Error_404,http://forrealupdates.lovestoblog.com/contact-us,2026-09-07 05:29:12
http://emmamoore.lovestoblog.com,404,Error_404,http://emmamoore.lovestoblog.com/,2026-09-07 05:29:12
http://joannahuang.lovestoblog.com,404,Error_404,http://joannahuang.lovestoblog.com/privacy-policy,2026-09-07 05:29:12
http://castieltorres.iblogger.org,404,Error_404,http://castieltorres.iblogger.org/,2026-09-07 05:29:12
http://armstrongmanuel.lovestoblog.com,404,Error_404,http://armstrongmanuel.lovestoblog.com/about-us,2026-09-07 05:29:12
http://emberecho.nichesite.org,404,Error_404,http://emberecho.nichesite.org/about-us,2026-09-07 05:29:12
http://iqrawells.iblogger.org,404,Error_404,http://iqrawells.iblogger.org/about-us,2026-09-07 05:29:12
http://melaniedelorme.is-great.net,404,Error_404,http://melaniedelorme.is-great.net/contact-us,2026-09-07 05:29:12
http://haisleytyler.iblogger.org,404,Error_404,http://haisleytyler.iblogger.org/contact-us,2026-09-07 05:29:12
http://cataleyaglover.kesug.com,404,Error_404,http://cataleyaglover.kesug.com/contact-us,2026-09-07 05:29:12
http://benjaminheathershaw.is-great.org,404,Error_404,http://benjaminheathershaw.is-great.org/contact-us,2026-09-07 05:29:12
http://abbeypierce.nichesite.org,404,Error_404,http://abbeypierce.nichesite.org/about-us,2026-09-07 05:29:12
http://axlfriedman.is-great.net,404,Error_404,http://axlfriedman.is-great.net/privacy-policy,2026-09-07 05:29:12
http://melbapham.kesug.com,404,Error_404,http://melbapham.kesug.com/contact-us,2026-09-07 05:29:12
http://civicsentinel.lovestoblog.com,404,Error_404,http://civicsentinel.lovestoblog.com/about-us,2026-09-07 05:29:12
http://donovanalvarado.is-great.net,404,Error_404,http://donovanalvarado.is-great.net/privacy-policy,2026-09-07 05:29:12
http://lillietrevino.is-great.net,404,Error_404,http://lillietrevino.is-great.net/contact-us,2026-09-07 05:29:12
http://aniyapadilla.lovestoblog.com,404,Error_404,http://aniyapadilla.lovestoblog.com/contact-us,2026-09-07 05:29:12
http://mateowilli.kesug.com,404,Error_404,http://mateowilli.kesug.com/privacy-policy,2026-09-07 05:29:12
http://minglemystic.is-best.net,404,Error_404,http://minglemystic.is-best.net/contact-us,2026-09-07 05:29:12
http://embereternal.kesug.com,404,Error_404,http://embereternal.kesug.com/privacy-policy,2026-09-07 05:29:12
http://stormsurge.kesug.com,404,Error_404,http://stormsurge.kesug.com/contact-us,2026-09-07 05:29:12
http://bobbiepearson.iblogger.org,404,Error_404,http://bobbiepearson.iblogger.org/about-us,2026-09-07 05:29:12
http://lourdesbowen.is-best.net,404,Error_404,http://lourdesbowen.is-best.net/contact-us,2026-09-07 05:29:12
http://zurimoody.is-great.net,404,Error_404,http://zurimoody.is-great.net/about-us,2026-09-07 05:29:12
http://auroraaegis.is-great.net,404,Error_404,http://auroraaegis.is-great.net/about-us,2026-09-07 05:29:12
http://estebanmoss.wuaze.com,404,Error_404,http://estebanmoss.wuaze.com/contact-us,2026-09-07 05:29:12
http://archiekerry.is-great.org,404,Error_404,http://archiekerry.is-great.org/contact-us,2026-09-07 05:29:12
http://blazeseaconle.is-great.org/wp-admin,404,Error_404,http://blazeseaconle.is-great.org/wp-admin/contact-us,2026-09-07 05:29:12
http://armandocoffey.iblogger.org,404,Error_404,http://armandocoffey.iblogger.org/contact-us,2026-09-07 05:29:12
http://angeliquevargas.kesug.com,404,Error_404,http://angeliquevargas.kesug.com/about-us,2026-09-07 05:29:12
http://marshallcobb.is-great.org,404,Error_404,http://marshallcobb.is-great.org/privacy-policy,2026-09-07 05:29:12
http://silverarrow.iblogger.org,404,Error_404,http://silverarrow.iblogger.org/privacy-policy,2026-09-07 05:29:12
http://andersonboyle.lovestoblog.com,404,Error_404,http://andersonboyle.lovestoblog.com/contact-us,2026-09-07 05:29:12
http://casenbenitez.is-best.net,404,Error_404,http://casenbenitez.is-best.net/about-us,2026-09-07 05:29:12
http://artisanarctic.mydiscussion.net,404,Error_404,http://artisanarctic.mydiscussion.net/privacy-policy,2026-09-07 05:29:12
http://giovannaconte.lovestoblog.com,404,Error_404,http://giovannaconte.lovestoblog.com/privacy-policy,2026-09-07 05:29:12
http://donaldoxley.wuaze.com,404,Error_404,http://donaldoxley.wuaze.com/about-us,2026-09-07 05:29:12
http://charmairobinso.wuaze.com,404,Error_404,http://charmairobinso.wuaze.com/about-us,2026-09-07 05:29:12
http://gustavoatwell.is-best.net,404,Error_404,http://gustavoatwell.is-best.net/privacy-policy,2026-09-07 05:29:12
http://willmclerie.wuaze.com,404,Error_404,http://willmclerie.wuaze.com/contact-us,2026-09-07 05:29:12
http://lennoxrangel.wuaze.com,404,Error_404,http://lennoxrangel.wuaze.com/privacy-policy,2026-09-07 05:29:12
http://valentinephelps.is-great.net,404,Error_404,http://valentinephelps.is-great.net/about-us,2026-09-07 05:29:12
http://timestheisrael.is-great.net,404,Error_404,http://timestheisrael.is-great.net/privacy-policy,2026-09-07 05:29:12
http://shadowsculpture.iblogger.org,404,Error_404,http://shadowsculpture.iblogger.org/privacy-policy,2026-09-07 05:29:12
http://leaderthebetter.great-site.net,404,Error_404,http://leaderthebetter.great-site.net/about-us,2026-09-07 05:29:12
http://natashabraim.lovestoblog.com,404,Suspended,https://suspended-domain.net/index.php?host=natashabraim.lovestoblog.com,2026-09-07 05:29:12
http://michealwatts.great-site.net,404,Error_404,http://michealwatts.great-site.net/contact-us,2026-09-07 05:29:12
http://coversourcenews.is-great.org,404,Error_404,http://coversourcenews.is-great.org/privacy-policy,2026-09-07 05:29:12
http://hollandmichael.great-site.net,404,Error_404,http://hollandmichael.great-site.net/about-us,2026-09-07 05:29:12
http://archievezina.iblogger.org,404,Error_404,http://archievezina.iblogger.org/about-us,2026-09-07 05:29:12
http://suzannehunter.is-best.net,404,Error_404,http://suzannehunter.is-best.net/about-us,2026-09-07 05:29:12
http://nicolasbarrows.wuaze.com,404,Error_404,http://nicolasbarrows.wuaze.com/about-us,2026-09-07 05:29:12
http://diordeleon.is-great.net,404,Error_404,http://diordeleon.is-great.net/privacy-policy,2026-09-07 05:29:12
http://charlieamess.synergize.co,404,Error_404,http://charlieamess.synergize.co/about-us,2026-09-07 05:29:12
http://michaelhook.great-site.net,404,Error_404,http://michaelhook.great-site.net/contact-us,2026-09-07 05:29:12
http://emilshields.iblogger.org,404,Error_404,http://emilshields.iblogger.org/privacy-policy,2026-09-07 05:29:12
http://nicholasavery.wuaze.com,404,Error_404,http://nicholasavery.wuaze.com/privacy-policy,2026-09-07 05:29:12
http://rikkefriis.is-great.org,404,Error_404,http://rikkefriis.is-great.org/about-us,2026-09-07 05:29:12
http://raymondwest.wuaze.com,404,Error_404,http://raymondwest.wuaze.com/privacy-policy,2026-09-07 05:29:12
http://crestcrimson.great-site.net,404,Error_404,http://crestcrimson.great-site.net/privacy-policy,2026-09-07 05:29:12
http://graphicthedaily.wuaze.com,404,Error_404,http://graphicthedaily.wuaze.com/privacy-policy,2026-09-07 05:29:12
http://lemondethenews.fanclub.rocks,404,Error_404,http://lemondethenews.fanclub.rocks/contact-us,2026-09-07 05:29:12
http://adalyndickson.great-site.net,404,Error_404,http://adalyndickson.great-site.net/,2026-09-07 05:29:12
http://newsmorning.kesug.com,404,Error_404,http://newsmorning.kesug.com/privacy-policy,2026-09-07 05:29:12
http://abigailedwards.kesug.com,404,Error_404,http://abigailedwards.kesug.com/privacy-policy,2026-09-07 05:29:12
http://natashajoseph.iblogger.org,404,Error_404,http://natashajoseph.iblogger.org/privacy-policy,2026-09-07 05:29:12
http://jamelleblanc.is-best.net,404,Error_404,http://jamelleblanc.is-best.net/privacy-policy,2026-09-07 05:29:12
http://jacquecullough.wuaze.com,404,Error_404,http://jacquecullough.wuaze.com/about-us,2026-09-07 05:29:12
http://anthonystarling.is-great.org,404,Error_404,http://anthonystarling.is-great.org/privacy-policy,2026-09-07 05:29:12
http://leonardparsons.is-great.net,404,Error_404,http://leonardparsons.is-great.net/about-us,2026-09-07 05:29:12
http://edmuncaril.is-great.net,0,Invalid/Down,N/A,2026-09-07 05:29:12
http://preciousalli.great-site.net,404,Error_404,http://preciousalli.great-site.net/privacy-policy,2026-09-07 05:29:12
http://harperelliott.lovestoblog.com,404,Error_404,http://harperelliott.lovestoblog.com/about-us,2026-09-07 05:29:12
http://samspringer.wuaze.com,404,Error_404,http://samspringer.wuaze.com/contact-us,2026-09-07 05:29:12
http://alfonsjauk.iblogger.org,404,Error_404,http://alfonsjauk.iblogger.org/contact-us,2026-09-07 05:29:12
http://oceanoverture.is-great.net,404,Error_404,http://oceanoverture.is-great.net/about-us,2026-09-07 05:29:12
http://stantonclements.wuaze.com,404,Error_404,http://stantonclements.wuaze.com/privacy-policy,2026-09-07 05:29:12
http://pierrettehamilton.lovestoblog.com,404,Error_404,http://pierrettehamilton.lovestoblog.com/contact-us,2026-09-07 05:29:12
http://anitaalcan.wuaze.com,404,Error_404,http://anitaalcan.wuaze.com/privacy-policy,2026-09-07 05:29:12
http://jasonjahan.lovestoblog.com,404,Error_404,http://jasonjahan.lovestoblog.com/contact-us,2026-09-07 05:29:12
http://newsthealjazeera.kesug.com,404,Error_404,http://newsthealjazeera.kesug.com/privacy-policy,2026-09-07 05:29:12
http://jaxxpreston.is-best.net,404,Error_404,http://jaxxpreston.is-best.net/contact-us,2026-09-07 05:29:12
http://isiahkey.is-great.org,404,Error_404,http://isiahkey.is-great.org/about-us,2026-09-07 05:29:12
http://aegisaurora.iblogger.org,404,Error_404,http://aegisaurora.iblogger.org/contact-us,2026-09-07 05:29:12
http://josedellinger.wuaze.com,404,Error_404,http://josedellinger.wuaze.com/contact-us,2026-09-07 05:29:12
http://tajngabidj.is-great.net,404,Suspended,https://suspended-domain.net/index.php?host=tajngabidj.is-great.net,2026-09-07 05:29:12
http://jesseselheim.is-great.org,404,Error_404,http://jesseselheim.is-great.org/privacy-policy,2026-09-07 05:29:12
http://richardkohler.is-best.net,404,Error_404,http://richardkohler.is-best.net/privacy-policy,2026-09-07 05:29:12
http://elsaburgess.kesug.com,404,Error_404,http://elsaburgess.kesug.com/privacy-policy,2026-09-07 05:29:12
http://sophiachan.iblogger.org,404,Error_404,http://sophiachan.iblogger.org/about-us,2026-09-07 05:29:12
http://marystrong.is-great.net,404,Error_404,http://marystrong.is-great.net/contact-us,2026-09-07 05:29:12
http://scarlettvalenc.is-best.net,404,Error_404,http://scarlettvalenc.is-best.net/privacy-policy,2026-09-07 05:29:12
http://jaybray.kesug.com,404,Error_404,http://jaybray.kesug.com/privacy-policy,2026-09-07 05:29:12
http://arturodelli.kesug.com,404,Error_404,http://arturodelli.kesug.com/privacy-policy,2026-09-07 05:29:12
http://janieschott.great-site.net,404,Error_404,http://janieschott.great-site.net/contact-us,2026-09-07 05:29:12
http://lunaperkins.lovestoblog.com,404,Error_404,http://lunaperkins.lovestoblog.com/privacy-policy,2026-09-07 05:29:12
http://dailythetelegraph.kesug.com,404,Error_404,http://dailythetelegraph.kesug.com/about-us,2026-09-07 05:29:12
http://sybilstorey.is-best.net,404,Error_404,http://sybilstorey.is-best.net/,2026-09-07 05:29:12
http://mastermarketnews.wuaze.com,404,Error_404,http://mastermarketnews.wuaze.com/about-us,2026-09-07 05:29:12
http://oscarangelo.great-site.net,404,Suspended,https://suspended-domain.net/index.php?host=oscarangelo.great-site.net,2026-09-07 05:29:12
http://johnnyfong.is-great.org,404,Error_404,http://johnnyfong.is-great.org/about-us,2026-09-07 05:29:12
http://melodymoonlit.kesug.com,404,Error_404,http://melodymoonlit.kesug.com/contact-us,2026-09-07 05:29:12
http://yadiradavies.my-style.in,404,Error_404,http://yadiradavies.my-style.in/about-us,2026-09-07 05:29:12
http://novahahn.is-best.net,404,Error_404,http://novahahn.is-best.net/privacy-policy,2026-09-07 05:29:12
http://johnjohnson.iblogger.org,404,Error_404,http://johnjohnson.iblogger.org/contact-us,2026-09-07 05:29:12
http://brycenmeza.is-best.net,404,Error_404,http://brycenmeza.is-best.net/privacy-policy,2026-09-07 05:29:12
http://marinakemp.great-site.net,404,Error_404,http://marinakemp.great-site.net/about-us,2026-09-07 05:29:12
http://technologywolf.is-best.net,404,Error_404,http://technologywolf.is-best.net/contact-us,2026-09-07 05:29:12
http://peggyberger.is-great.net,404,Error_404,http://peggyberger.is-great.net/about-us,2026-09-07 05:29:12
http://justinolney.lovestoblog.com,404,Error_404,http://justinolney.lovestoblog.com/contact-us,2026-09-07 05:29:12
http://stefahillier.is-best.net,404,Error_404,http://stefahillier.is-best.net/about-us,2026-09-07 05:29:12
http://techstyle.kesug.com,404,Error_404,http://techstyle.kesug.com/contact-us,2026-09-07 05:29:12
http://dailythenation.great-site.net,404,Error_404,http://dailythenation.great-site.net/contact-us,2026-09-07 05:29:12
http://arlethlindquist.kesug.com,404,Error_404,http://arlethlindquist.kesug.com/about-us,2026-09-07 05:29:12
http://hinduthestantimes.likesyou.org,404,Error_404,http://hinduthestantimes.likesyou.org/contact-us,2026-09-07 05:29:12
http://paxtoncarrera.lovestoblog.com,404,Error_404,http://paxtoncarrera.lovestoblog.com/about-us,2026-09-07 05:29:12
http://sabinoyepez.is-great.net,404,Error_404,http://sabinoyepez.is-great.net/privacy-policy,2026-09-07 05:29:12
http://sentineljournal.iblogger.org,404,Error_404,http://sentineljournal.iblogger.org/privacy-policy,2026-09-07 05:29:12
http://mannathanhuff.is-best.net,404,Error_404,http://mannathanhuff.is-best.net/privacy-policy,2026-09-07 05:29:12
http://isabelbenny.great-site.net,404,Error_404,http://isabelbenny.great-site.net/about-us,2026-09-07 05:29:12
http://sabrinafeiebend.iblogger.org,404,Error_404,http://sabrinafeiebend.iblogger.org/contact-us,2026-09-07 05:29:12
http://nathanatapia.iblogger.org,404,Error_404,http://nathanatapia.iblogger.org/,2026-09-07 05:29:12
http://chloejackson.iblogger.org,404,Error_404,http://chloejackson.iblogger.org/privacy-policy,2026-09-07 05:29:12
http://karawells.is-best.net,404,Error_404,http://karawells.is-best.net/about-us,2026-09-07 05:29:12
http://etherealember.is-best.net,404,Error_404,http://etherealember.is-best.net/privacy-policy,2026-09-07 05:29:12
http://veliavizcarra.iblogger.org,404,Error_404,http://veliavizcarra.iblogger.org/about-us,2026-09-07 05:29:12
http://heidizohrer.great-site.net,404,Error_404,http://heidizohrer.great-site.net/contact-us,2026-09-07 05:29:12
http://spiritson.kesug.com,404,Error_404,http://spiritson.kesug.com/,2026-09-07 05:29:12
http://brendanbaird.iblogger.org,404,Error_404,http://brendanbaird.iblogger.org/privacy-policy,2026-09-07 05:29:12
http://jonathanaustin.iblogger.org,404,Error_404,http://jonathanaustin.iblogger.org/contact-us,2026-09-07 05:29:12
http://hiramjimenez.kesug.com,404,Error_404,http://hiramjimenez.kesug.com/about-us,2026-09-07 05:29:12
http://jordenfree.is-best.net,404,Error_404,http://jordenfree.is-best.net/contact-us,2026-09-07 05:29:12
http://berniceforbes.is-best.net,404,Error_404,http://berniceforbes.is-best.net/contact-us,2026-09-07 05:29:12
http://oceandreamer.is-best.net,404,Error_404,http://oceandreamer.is-best.net/contact-us,2026-09-07 05:29:12
http://blazebrillianc.kesug.com,404,Suspended,https://suspended-domain.net/index.php?host=blazebrillianc.kesug.com,2026-09-07 05:29:12
http://avianamorse.lovestoblog.com,404,Error_404,http://avianamorse.lovestoblog.com/contact-us,2026-09-07 05:29:12
http://beverleybruce.lovestoblog.com,404,Error_404,http://beverleybruce.lovestoblog.com/contact-us,2026-09-07 05:29:12
http://montybreit.is-best.net,404,Error_404,http://montybreit.is-best.net/contact-us,2026-09-07 05:29:12
http://mosescollins.great-site.net,404,Error_404,http://mosescollins.great-site.net/contact-us,2026-09-07 05:29:12
http://mariopage.is-great.net,404,Error_404,http://mariopage.is-great.net/contact-us,2026-09-07 05:29:12
http://jaxenpaul.is-great.net,404,Error_404,http://jaxenpaul.is-great.net/contact-us,2026-09-07 05:29:12
http://georginafield.is-great.net,404,Error_404,http://georginafield.is-great.net/about-us,2026-09-07 05:29:12
http://lindseycardi.my-style.in,404,Error_404,http://lindseycardi.my-style.in/about-us,2026-09-07 05:29:12
http://rigobertocalderon.wuaze.com,404,Error_404,http://rigobertocalderon.wuaze.com/contact-us,2026-09-07 05:29:12
http://ibrahimerickson.iblogger.org,404,Error_404,http://ibrahimerickson.iblogger.org/about-us,2026-09-07 05:29:12
http://sebastiangrimes.lovestoblog.com,0,Invalid/Down,N/A,2026-09-07 05:29:12
http://duskdrifter.lovestoblog.com,404,Suspended,https://suspended-domain.net/index.php?host=duskdrifter.lovestoblog.com,2026-09-07 05:29:12
http://blazebreeze.nichesite.org,404,Error_404,http://blazebreeze.nichesite.org/,2026-09-07 05:29:12
http://mikaylapatel.is-great.org,404,Error_404,http://mikaylapatel.is-great.org/contact-us,2026-09-07 05:29:12
http://georgiaclarke.iblogger.org,404,Error_404,http://georgiaclarke.iblogger.org/contact-us,2026-09-07 05:29:12
http://ernestinecastillo.is-great.net,404,Error_404,http://ernestinecastillo.is-great.net/about-us,2026-09-07 05:29:12
http://josephwong.is-best.net,404,Error_404,http://josephwong.is-best.net/about-us,2026-09-07 05:29:12
http://noahbeardsmore.is-great.org,404,Error_404,http://noahbeardsmore.is-great.org/contact-us,2026-09-07 05:29:12
http://aurelianoble.wuaze.com,404,Error_404,http://aurelianoble.wuaze.com/about-us,2026-09-07 05:29:12
http://nayeliellison.wuaze.com,404,Error_404,http://nayeliellison.wuaze.com/,2026-09-07 05:29:12
http://grantleblanc.is-great.net,404,Error_404,http://grantleblanc.is-great.net/about-us,2026-09-07 05:29:12
http://rursteusiness.iblogger.org,404,Error_404,http://rursteusiness.iblogger.org/privacy-policy,2026-09-07 05:29:12
http://wilfredoperrin.iblogger.org,404,Error_404,http://wilfredoperrin.iblogger.org/about-us,2026-09-07 05:29:12
http://whitneyhughes.great-site.net,404,Error_404,http://whitneyhughes.great-site.net/privacy-policy,2026-09-07 05:29:12
http://rrazevurrent.is-best.net,404,Error_404,http://rrazevurrent.is-best.net/about-us,2026-09-07 05:29:12
http://kristaviera.kesug.com,404,Error_404,http://kristaviera.kesug.com/privacy-policy,2026-09-07 05:29:12
http://atlantaadvocate.lovestoblog.com,404,Error_404,http://atlantaadvocate.lovestoblog.com/privacy-policy,2026-09-07 05:29:12
http://lachlancasimaty.is-best.net,404,Suspended,https://suspended-domain.net/index.php?host=lachlancasimaty.is-best.net,2026-09-07 05:29:12
http://ashlibrinkley.kesug.com,404,Error_404,http://ashlibrinkley.kesug.com/,2026-09-07 05:29:12
http://alexmiller.great-site.net,404,Error_404,http://alexmiller.great-site.net/privacy-policy,2026-09-07 05:29:12
http://orsosjuliska.nichesite.org,404,Error_404,http://orsosjuliska.nichesite.org/about-us,2026-09-07 05:29:12
http://bethmayer.kesug.com,404,Error_404,http://bethmayer.kesug.com/about-us,2026-09-07 05:29:12
http://radiantrealm.is-best.net,404,Error_404,http://radiantrealm.is-best.net/privacy-policy,2026-09-07 05:29:12
http://sidnicholson.is-great.net,404,Error_404,http://sidnicholson.is-great.net/contact-us,2026-09-07 05:29:12
http://editionwises.wuaze.com,404,Error_404,http://editionwises.wuaze.com/contact-us,2026-09-07 05:29:12
http://newsstartelegram.kesug.com,404,Error_404,http://newsstartelegram.kesug.com/about-us,2026-09-07 05:29:12
http://hanantoxopeus.wuaze.com,404,Error_404,http://hanantoxopeus.wuaze.com/privacy-policy,2026-09-07 05:29:12
http://navigatornova.lovestoblog.com,404,Error_404,http://navigatornova.lovestoblog.com/contact-us,2026-09-07 05:29:12
http://claudiafalcone.is-best.net,404,Error_404,http://claudiafalcone.is-best.net/privacy-policy,2026-09-07 05:29:12
http://abelfisher.is-best.net,404,Error_404,http://abelfisher.is-best.net/privacy-policy,2026-09-07 05:29:12
http://darianadecker.lovestoblog.com,404,Error_404,http://darianadecker.lovestoblog.com/contact-us,2026-09-07 05:29:12
http://bouriercelestial.mydiscussion.net,404,Error_404,http://bouriercelestial.mydiscussion.net/contact-us,2026-09-07 05:29:12
http://citypulsenews.lovestoblog.com,404,Error_404,http://citypulsenews.lovestoblog.com/contact-us,2026-09-07 05:29:12
http://pamelabegin.is-great.net,404,Error_404,http://pamelabegin.is-great.net/privacy-policy,2026-09-07 05:29:12
http://omarmaio.kesug.com,404,Error_404,http://omarmaio.kesug.com/contact-us,2026-09-07 05:29:12
http://eilvertbarust.my-board.org,404,Error_404,http://eilvertbarust.my-board.org/about-us,2026-09-07 05:29:12
http://rahulbarbosa.is-great.org,404,Error_404,http://rahulbarbosa.is-great.org/privacy-policy,2026-09-07 05:29:12
http://nickyhowe.is-best.net,404,Error_404,http://nickyhowe.is-best.net/privacy-policy,2026-09-07 05:29:12
http://khalanisolis.great-site.net,0,Invalid/Down,N/A,2026-09-07 05:29:12
http://blazebrilliance.wuaze.com,404,Error_404,http://blazebrilliance.wuaze.com/privacy-policy,2026-09-07 05:29:12
http://castielquintero.is-best.net,404,Error_404,http://castielquintero.is-best.net/privacy-policy,2026-09-07 05:29:12
http://kysonfleming.great-site.net,404,Error_404,http://kysonfleming.great-site.net/contact-us,2026-09-07 05:29:12
http://rozanynupur.is-best.net,404,Error_404,http://rozanynupur.is-best.net/about-us,2026-09-07 05:29:12
http://tionnahathaway.is-best.net,404,Error_404,http://tionnahathaway.is-best.net/privacy-policy,2026-09-07 05:29:12
http://scornergamer.synergize.co,404,Error_404,http://scornergamer.synergize.co/about-us,2026-09-07 05:29:12
http://oceanekloc.kesug.com,404,Error_404,http://oceanekloc.kesug.com/privacy-policy,2026-09-07 05:29:12
http://herbertallen.is-best.net,404,Error_404,http://herbertallen.is-best.net/privacy-policy,2026-09-07 05:29:12
http://arthurjeffery.iblogger.org,404,Error_404,http://arthurjeffery.iblogger.org/contact-us,2026-09-07 05:29:12
http://amelialewis.iblogger.org,404,Error_404,http://amelialewis.iblogger.org/privacy-policy,2026-09-07 05:29:12
http://aidawu.great-site.net,404,Error_404,http://aidawu.great-site.net/about-us,2026-09-07 05:29:12
http://jamaicaobtheserver.synergize.co,404,Error_404,http://jamaicaobtheserver.synergize.co/privacy-policy,2026-09-07 05:29:12
http://francescasimpson.iblogger.org,404,Suspended,https://suspended-domain.net/index.php?host=francescasimpson.iblogger.org,2026-09-07 05:29:12
http://jamelandry.is-great.net,404,Error_404,http://jamelandry.is-great.net/contact-us,2026-09-07 05:29:12
http://maynardjarvis.kesug.com,404,Error_404,http://maynardjarvis.kesug.com/privacy-policy,2026-09-07 05:29:12
http://jackietaylor.kesug.com,404,Error_404,http://jackietaylor.kesug.com/privacy-policy,2026-09-07 05:29:12
http://jaylinkoehler.lovestoblog.com,404,Error_404,http://jaylinkoehler.lovestoblog.com/about-us,2026-09-07 05:29:12
http://independenteogwarts.lovestoblog.com,404,Error_404,http://independenteogwarts.lovestoblog.com/privacy-policy,2026-09-07 05:29:12
http://stormcalle.great-site.net,404,Error_404,http://stormcalle.great-site.net/contact-us,2026-09-07 05:29:12
http://jilloconnor.is-best.net,404,Error_404,http://jilloconnor.is-best.net/about-us,2026-09-07 05:29:12
http://janetroach.great-site.net,404,Error_404,http://janetroach.great-site.net/about-us,2026-09-07 05:29:12
http://donnabaxter.is-best.net,404,Error_404,http://donnabaxter.is-best.net/privacy-policy,2026-09-07 05:29:12
http://brendanblack.wuaze.com,404,Error_404,http://brendanblack.wuaze.com/about-us,2026-09-07 05:29:12
http://benjamintakasuka.lovestoblog.com,404,Error_404,http://benjamintakasuka.lovestoblog.com/privacy-policy,2026-09-07 05:29:12
http://masonrolph.is-best.net,404,Error_404,http://masonrolph.is-best.net/,2026-09-07 05:29:12
http://janetwhelan.kesug.com,404,Error_404,http://janetwhelan.kesug.com/privacy-policy,2026-09-07 05:29:12
http://rogersalmon.is-best.net,404,Error_404,http://rogersalmon.is-best.net/contact-us,2026-09-07 05:29:12
http://hunterbeditch.great-site.net,404,Error_404,http://hunterbeditch.great-site.net/about-us,2026-09-07 05:29:12
http://gabrielleweaver.is-great.org,404,Error_404,http://gabrielleweaver.is-great.org/about-us,2026-09-07 05:29:12
http://blakerussell.great-site.net,404,Error_404,http://blakerussell.great-site.net/privacy-policy,2026-09-07 05:29:12
http://maliyahwolfe.wuaze.com,404,Error_404,http://maliyahwolfe.wuaze.com/contact-us,2026-09-07 05:29:12
http://aaronquong.great-site.net,404,Error_404,http://aaronquong.great-site.net/contact-us,2026-09-07 05:29:12
http://keyonsexton.kesug.com,0,Invalid/Down,N/A,2026-09-07 05:29:12
http://ellisdoherty.lovestoblog.com,0,Invalid/Down,N/A,2026-09-07 05:29:12
http://aidangoodchap.is-great.net,0,Invalid/Down,N/A,2026-09-07 05:29:12
http://dailythemirror.my-board.org,0,Invalid/Down,N/A,2026-09-07 05:29:12
http://bradneil.wuaze.com,404,Error_404,http://bradneil.wuaze.com/contact-us,2026-09-07 05:29:12
http://arcticalchemis.is-best.net,404,Error_404,http://arcticalchemis.is-best.net/privacy-policy,2026-09-07 05:29:12
http://veliamancuso.wuaze.com,404,Error_404,http://veliamancuso.wuaze.com/about-us,2026-09-07 05:29:12
http://sharronkrause.is-best.net,404,Error_404,http://sharronkrause.is-best.net/contact-us,2026-09-07 05:29:12
http://marlacosta.wuaze.com,404,Error_404,http://marlacosta.wuaze.com/,2026-09-07 05:29:12
http://darengoodwin.great-site.net,404,Error_404,http://darengoodwin.great-site.net/about-us,2026-09-07 05:29:12
http://vanessavaughan.iblogger.org,404,Error_404,http://vanessavaughan.iblogger.org/about-us,2026-09-07 05:29:12
http://violetloewen.iblogger.org,404,Error_404,http://violetloewen.iblogger.org/privacy-policy,2026-09-07 05:29:12
http://edmundoolmos.iblogger.org,404,Error_404,http://edmundoolmos.iblogger.org/contact-us,2026-09-07 05:29:12
http://radiantraven.great-site.net,404,Error_404,http://radiantraven.great-site.net/contact-us,2026-09-07 05:29:12
http://marguerlellan.is-great.net,404,Error_404,http://marguerlellan.is-great.net/about-us,2026-09-07 05:29:12
http://gabrielwalkom.great-site.net,404,Error_404,http://gabrielwalkom.great-site.net/privacy-policy,2026-09-07 05:29:12
http://modernfount.synergize.co,404,Error_404,http://modernfount.synergize.co/,2026-09-07 05:29:12
http://ashleesosa.is-best.net,404,Error_404,http://ashleesosa.is-best.net/privacy-policy,2026-09-07 05:29:12
http://penelopegibbs.is-best.net,404,Error_404,http://penelopegibbs.is-best.net/privacy-policy,2026-09-07 05:29:12
http://janblais.lovestoblog.com,404,Error_404,http://janblais.lovestoblog.com/about-us,2026-09-07 05:29:12
http://houstonrich.is-best.net,404,Error_404,http://houstonrich.is-best.net/contact-us,2026-09-07 05:29:12
http://leadingthetimes.fanclub.rocks,404,Error_404,http://leadingthetimes.fanclub.rocks/contact-us,2026-09-07 05:29:12
http://nikitaitt.lovestoblog.com,404,Error_404,http://nikitaitt.lovestoblog.com/privacy-policy,2026-09-07 05:29:12
http://enriquegeorge.iblogger.org,404,Error_404,http://enriquegeorge.iblogger.org/about-us,2026-09-07 05:29:12
http://bharttoppers.totalh.net,404,Error_404,http://bharttoppers.totalh.net/contact-us,2026-09-07 05:29:12
http://cratgazettedemo.nichesite.org,404,Error_404,http://cratgazettedemo.nichesite.org/privacy-policy,2026-09-07 05:29:12
http://ahmadrouse.fast-page.org,404,Error_404,http://ahmadrouse.fast-page.org/about-us,2026-09-07 05:29:12
http://serenacroci.wuaze.com,404,Error_404,http://serenacroci.wuaze.com/about-us,2026-09-07 05:29:12
http://dangeloplatt.wuaze.com,404,Error_404,http://dangeloplatt.wuaze.com/about-us,2026-09-07 05:29:12
http://nikolinababic.is-great.net,404,Error_404,http://nikolinababic.is-great.net/privacy-policy,2026-09-07 05:29:12
http://velvetdanguard.talk4fun.net,404,Error_404,http://velvetdanguard.talk4fun.net/privacy-policy,2026-09-07 05:29:12
http://angelicameron.kesug.com,404,Error_404,http://angelicameron.kesug.com/contact-us,2026-09-07 05:29:12
http://mccoywalters.is-great.org,404,Error_404,http://mccoywalters.is-great.org/about-us,2026-09-07 05:29:12
http://harleygordon.wuaze.com,404,Error_404,http://harleygordon.wuaze.com/about-us,2026-09-07 05:29:12
http://augusttrejo.lovestoblog.com,404,Error_404,http://augusttrejo.lovestoblog.com/privacy-policy,2026-09-07 05:29:12
http://thomasbenson.is-great.net,404,Error_404,http://thomasbenson.is-great.net/privacy-policy,2026-09-07 05:29:12
http://jerrodrad.is-best.net,404,Error_404,http://jerrodrad.is-best.net/about-us,2026-09-07 05:29:12
http://bernahull.is-great.net,404,Error_404,http://bernahull.is-great.net/about-us,2026-09-07 05:29:12
http://richardortega.kesug.com,404,Error_404,http://richardortega.kesug.com/privacy-policy,2026-09-07 05:29:12
http://carterfumiko.lovestoblog.com,404,Error_404,http://carterfumiko.lovestoblog.com/about-us,2026-09-07 05:29:12
http://wealthwatcher.lovestoblog.com,404,Error_404,http://wealthwatcher.lovestoblog.com/privacy-policy,2026-09-07 05:29:12
http://lynecoulombe.kesug.com,404,Error_404,http://lynecoulombe.kesug.com/contact-us,2026-09-07 05:29:12
http://francisrich.iblogger.org,404,Error_404,http://francisrich.iblogger.org/privacy-policy,2026-09-07 05:29:12
http://nicholeingram.wuaze.com,404,Error_404,http://nicholeingram.wuaze.com/privacy-policy,2026-09-07 05:29:12
http://bakopoetilka.my-style.in,404,Error_404,http://bakopoetilka.my-style.in/privacy-policy,2026-09-07 05:29:12
http://brendonpalmer.is-great.net,404,Error_404,http://brendonpalmer.is-great.net/about-us,2026-09-07 05:29:12
http://gabriellaangwin.is-great.org,404,Error_404,http://gabriellaangwin.is-great.org/about-us,2026-09-07 05:29:12
http://matildabolton.is-best.net,404,Error_404,http://matildabolton.is-best.net/about-us,2026-09-07 05:29:12
http://modernfount.42web.io,404,Error_404,http://modernfount.42web.io/about-us,2026-09-07 05:29:12
http://lynnschmitt.lovestoblog.com,404,Error_404,http://lynnschmitt.lovestoblog.com/contact-us,2026-09-07 05:29:12
http://mandydelorme.wuaze.com,404,Error_404,http://mandydelorme.wuaze.com/contact-us,2026-09-07 05:29:12
http://melvinroberts.my-board.org,404,Error_404,http://melvinroberts.my-board.org/contact-us,2026-09-07 05:29:12
http://newstribunereview.totalh.net,404,Error_404,http://newstribunereview.totalh.net/privacy-policy,2026-09-07 05:29:12
http://mauricesanchez.iblogger.org,404,Error_404,http://mauricesanchez.iblogger.org/contact-us,2026-09-07 05:29:12
http://martinezphilip.wuaze.com,404,Error_404,http://martinezphilip.wuaze.com/about-us,2026-09-07 05:29:12
http://sadienoble.lovestoblog.com,404,Error_404,http://sadienoble.lovestoblog.com/about-us,2026-09-07 05:29:12
http://novanurture.lovestoblog.com,404,Error_404,http://novanurture.lovestoblog.com/,2026-09-07 05:29:12
http://jaxongriffith.is-best.net,404,Error_404,http://jaxongriffith.is-best.net/about-us,2026-09-07 05:29:12
http://eldonrichar.is-best.net,404,Error_404,http://eldonrichar.is-best.net/contact-us,2026-09-07 05:29:12
http://michaeljepsen.is-great.org,404,Error_404,http://michaeljepsen.is-great.org/privacy-policy,2026-09-07 05:29:12
http://britanyduff.my-board.org,404,Error_404,http://britanyduff.my-board.org/contact-us,2026-09-07 05:29:12
http://johntarver.is-great.org,404,Error_404,http://johntarver.is-great.org/privacy-policy,2026-09-07 05:29:12
http://zackeryfranz.is-best.net,404,Error_404,http://zackeryfranz.is-best.net/contact-us,2026-09-07 05:29:12
http://luminouslagoon.iblogger.org,404,Error_404,http://luminouslagoon.iblogger.org/contact-us,2026-09-07 05:29:12
http://arelimagana.is-great.org,404,Error_404,http://arelimagana.is-great.org/privacy-policy,2026-09-07 05:29:12
http://tonypope.is-great.net,404,Error_404,http://tonypope.is-great.net/privacy-policy,2026-09-07 05:29:12
http://ariesbean.is-great.org,404,Error_404,http://ariesbean.is-great.org/privacy-policy,2026-09-07 05:29:12
http://evelynroussel.iblogger.org,404,Error_404,http://evelynroussel.iblogger.org/privacy-policy,2026-09-07 05:29:12
http://graemebayliss.iblogger.org,404,Error_404,http://graemebayliss.iblogger.org/contact-us,2026-09-07 05:29:12
http://mihealsaldivar.is-best.net,404,Error_404,http://mihealsaldivar.is-best.net/contact-us,2026-09-07 05:29:12
http://ruthesparza.is-great.net,404,Error_404,http://ruthesparza.is-great.net/privacy-policy,2026-09-07 05:29:12
http://kaysenhicks.kesug.com,404,Error_404,http://kaysenhicks.kesug.com/about-us,2026-09-07 05:29:12
http://antoniovillavicencio.great-site.net,404,Error_404,http://antoniovillavicencio.great-site.net/privacy-policy,2026-09-07 05:29:12
http://epicepochdaily.lovestoblog.com,404,Error_404,http://epicepochdaily.lovestoblog.com/about-us,2026-09-07 05:29:12
http://adalgallagher.kesug.com,404,Error_404,http://adalgallagher.kesug.com/privacy-policy,2026-09-07 05:29:12
http://leliafigueroa.wuaze.com,404,Error_404,http://leliafigueroa.wuaze.com/about-us,2026-09-07 05:29:12
http://asktoh.lovestoblog.com,404,Error_404,http://asktoh.lovestoblog.com/about-us,2026-09-07 05:29:12
http://jasnanemec.wuaze.com,404,Error_404,http://jasnanemec.wuaze.com/contact-us,2026-09-07 05:29:12
http://anaissheppard.lovestoblog.com,404,Error_404,http://anaissheppard.lovestoblog.com/privacy-policy,2026-09-07 05:29:12
http://luminousledger.wuaze.com,404,Error_404,http://luminousledger.wuaze.com/privacy-policy,2026-09-07 05:29:12
http://fortzar.kesug.com,404,Error_404,http://fortzar.kesug.com/contact-us,2026-09-07 05:29:12
http://defenderdream.is-best.net,404,Error_404,http://defenderdream.is-best.net/,2026-09-07 05:29:12
http://bennettdiaz.is-great.net,404,Error_404,http://bennettdiaz.is-great.net/about-us,2026-09-07 05:29:12
http://rivervargas.is-great.net,404,Error_404,http://rivervargas.is-great.net/about-us,2026-09-07 05:29:12
http://shadowsorcerer.wuaze.com,404,Error_404,http://shadowsorcerer.wuaze.com/contact-us,2026-09-07 05:29:12
http://patrickstevens.is-great.org,404,Error_404,http://patrickstevens.is-great.org/about-us,2026-09-07 05:29:12
http://cameronhauslaib.is-great.net,404,Error_404,http://cameronhauslaib.is-great.net/,2026-09-07 05:29:12
http://rorykingsmill.lovestoblog.com,404,Error_404,http://rorykingsmill.lovestoblog.com/about-us,2026-09-07 05:29:12
http://hakeemherron.wuaze.com,404,Error_404,http://hakeemherron.wuaze.com/privacy-policy,2026-09-07 05:29:12
http://esmehebert.wuaze.com,404,Error_404,http://esmehebert.wuaze.com/privacy-policy,2026-09-07 05:29:12
http://alanakossak.lovestoblog.com,404,Error_404,http://alanakossak.lovestoblog.com/privacy-policy,2026-09-07 05:29:12
http://joseepoirier.kesug.com,404,Error_404,http://joseepoirier.kesug.com/about-us,2026-09-07 05:29:12
http://tierawiggins.is-great.org,404,Error_404,http://tierawiggins.is-great.org/,2026-09-07 05:29:12
http://kaylanibailey.is-great.net,404,Error_404,http://kaylanibailey.is-great.net/about-us,2026-09-07 05:29:12
http://ursulagaertner.is-great.net,404,Error_404,http://ursulagaertner.is-great.net/contact-us,2026-09-07 05:29:12
http://dispatchtimes.totalh.net,404,Error_404,http://dispatchtimes.totalh.net/about-us,2026-09-07 05:29:12
http://daphnesilva.lovestoblog.com,404,Error_404,http://daphnesilva.lovestoblog.com/about-us,2026-09-07 05:29:12
http://vuruliambade.kesug.com,404,Error_404,http://vuruliambade.kesug.com/privacy-policy,2026-09-07 05:29:12
http://alvaronorris.is-great.net,404,Error_404,http://alvaronorris.is-great.net/privacy-policy,2026-09-07 05:29:12
http://khalilstrong.wuaze.com,404,Error_404,http://khalilstrong.wuaze.com/privacy-policy,2026-09-07 05:29:12
http://jialitangal.kesug.com,404,Error_404,http://jialitangal.kesug.com/about-us,2026-09-07 05:29:12
http://pollycalla.kesug.com,404,Error_404,http://pollycalla.kesug.com/privacy-policy,2026-09-07 05:29:12
http://mercuryhogwarts.likesyou.org,404,Error_404,http://mercuryhogwarts.likesyou.org/,2026-09-07 05:29:12
http://waltermorales.iblogger.org,404,Error_404,http://waltermorales.iblogger.org/contact-us,2026-09-07 05:29:12
http://patrickormond.lovestoblog.com,404,Error_404,http://patrickormond.lovestoblog.com/privacy-policy,2026-09-07 05:29:12
http://nellieglover.lovestoblog.com,404,Error_404,http://nellieglover.lovestoblog.com/about-us,2026-09-07 05:29:12
http://maximilianfink.lovestoblog.com,404,Error_404,http://maximilianfink.lovestoblog.com/privacy-policy,2026-09-07 05:29:12
http://denvermiddle.kesug.com,404,Error_404,http://denvermiddle.kesug.com/about-us,2026-09-07 05:29:12
http://uteschweitzer.great-site.net,404,Error_404,http://uteschweitzer.great-site.net/contact-us,2026-09-07 05:29:12
http://ninfatonelli.is-best.net,404,Error_404,http://ninfatonelli.is-best.net/contact-us,2026-09-07 05:29:12
http://zanebarbour.kesug.com,404,Error_404,http://zanebarbour.kesug.com/about-us,2026-09-07 05:29:12
http://amayaterrell.lovestoblog.com,404,Error_404,http://amayaterrell.lovestoblog.com/about-us,2026-09-07 05:29:12
http://everleeday.great-site.net,404,Error_404,http://everleeday.great-site.net/about-us,2026-09-07 05:29:12
http://minaglover.lovestoblog.com,404,Error_404,http://minaglover.lovestoblog.com/contact-us,2026-09-07 05:29:12
http://alfredadoyle.lovestoblog.com,404,Error_404,http://alfredadoyle.lovestoblog.com/about-us,2026-09-07 05:29:12
http://jeffereymcdanie.is-best.net,404,Error_404,http://jeffereymcdanie.is-best.net/privacy-policy,2026-09-07 05:29:12
http://fortinoponce.great-site.net,404,Error_404,http://fortinoponce.great-site.net/privacy-policy,2026-09-07 05:29:12
http://davidferro.iblogger.org,404,Error_404,http://davidferro.iblogger.org/about-us,2026-09-07 05:29:12
http://marquisbaltaz.wuaze.com,404,Error_404,http://marquisbaltaz.wuaze.com/privacy-policy,2026-09-07 05:29:12
http://arlodusks.nichesite.org,404,Error_404,http://arlodusks.nichesite.org/about-us,2026-09-07 05:29:12
http://lennonsawyer.kesug.com,404,Error_404,http://lennonsawyer.kesug.com/privacy-policy,2026-09-07 05:29:12
http://emberhendrick.wuaze.com,404,Error_404,http://emberhendrick.wuaze.com/privacy-policy,2026-09-07 05:29:12
http://echofrost.likesyou.org,404,Error_404,http://echofrost.likesyou.org/about-us,2026-09-07 05:29:12
http://dispatchdailynews.lovestoblog.com,404,Error_404,http://dispatchdailynews.lovestoblog.com/privacy-policy,2026-09-07 05:29:12
http://dreamdazzler.nichesite.org,404,Suspended,https://suspended-domain.net/index.php?host=dreamdazzler.nichesite.org,2026-09-07 05:29:12
http://alessiahickman.kesug.com,404,Error_404,http://alessiahickman.kesug.com/contact-us,2026-09-07 05:29:12
http://bardengartynews.loveslife.biz,404,Error_404,http://bardengartynews.loveslife.biz/privacy-policy,2026-09-07 05:29:12
http://newsthelatribune.great-site.net,404,Error_404,http://newsthelatribune.great-site.net/privacy-policy,2026-09-07 05:29:12
http://loragibbs.great-site.net,404,Error_404,http://loragibbs.great-site.net/about-us,2026-09-07 05:29:12
http://echoessence.totalh.net,404,Error_404,http://echoessence.totalh.net/about-us,2026-09-07 05:29:12
http://dailyhorizon.kesug.com,404,Error_404,http://dailyhorizon.kesug.com/privacy-policy,2026-09-07 05:29:12
http://tristanalcorn.is-great.org,404,Error_404,http://tristanalcorn.is-great.org/privacy-policy,2026-09-07 05:29:12
http://jeremyhayward.fanclub.rocks,404,Error_404,http://jeremyhayward.fanclub.rocks/privacy-policy,2026-09-07 05:29:12
http://arceliaontiveros.kesug.com,404,Suspended,https://suspended-domain.net/index.php?host=arceliaontiveros.kesug.com,2026-09-07 05:29:12
http://duskdefender.wuaze.com,404,Suspended,https://suspended-domain.net/index.php?host=duskdefender.wuaze.com,2026-09-07 05:29:12
http://stewartwright.kesug.com,404,Error_404,http://stewartwright.kesug.com/about-us,2026-09-07 05:29:12
http://tribunelifestyle.wuaze.com,404,Error_404,http://tribunelifestyle.wuaze.com/contact-us,2026-09-07 05:29:12
http://sunrisetabloidthe.iblogger.org,404,Error_404,http://sunrisetabloidthe.iblogger.org/about-us,2026-09-07 05:29:12
http://inquirersaturday.iblogger.org/wp-admin,404,Error_404,http://inquirersaturday.iblogger.org/wp-admin,2026-09-07 05:29:12
http://janayspangler.is-great.org,404,Error_404,http://janayspangler.is-great.org/about-us,2026-09-07 05:29:12
http://conorcollier.iblogger.org,404,Error_404,http://conorcollier.iblogger.org/privacy-policy,2026-09-07 05:29:12
http://mysticmingle.totalh.net,404,Error_404,http://mysticmingle.totalh.net/about-us,2026-09-07 05:29:12
http://nathanbowen.great-site.net,404,Error_404,http://nathanbowen.great-site.net/contact-us,2026-09-07 05:29:12
http://dailythemail.wuaze.com,404,Error_404,http://dailythemail.wuaze.com/contact-us,2026-09-07 05:29:12
http://mariahfelix.great-site.net,404,Error_404,http://mariahfelix.great-site.net/privacy-policy,2026-09-07 05:29:12
http://cristopherandrade.is-best.net,404,Error_404,http://cristopherandrade.is-best.net/contact-us,2026-09-07 05:29:12
http://lamarsalas.wuaze.com,404,Error_404,http://lamarsalas.wuaze.com/about-us,2026-09-07 05:29:12
http://sammyrichards.is-best.net,404,Error_404,http://sammyrichards.is-best.net/about-us,2026-09-07 05:29:12
http://jaughanbyson.is-great.org,404,Suspended,https://suspended-domain.net/index.php?host=jaughanbyson.is-great.org,2026-09-07 05:29:12
http://reyhaynes.is-best.net,404,Error_404,http://reyhaynes.is-best.net/about-us,2026-09-07 05:29:12
http://jaimecarrillo.iblogger.org,404,Error_404,http://jaimecarrillo.iblogger.org/contact-us,2026-09-07 05:29:12
http://karlobiedermann.wuaze.com,404,Error_404,http://karlobiedermann.wuaze.com/about-us,2026-09-07 05:29:12
http://mitchellwadham.wuaze.com,404,Error_404,http://mitchellwadham.wuaze.com/privacy-policy,2026-09-07 05:29:12
http://augmentmonser.wuaze.com,404,Error_404,http://augmentmonser.wuaze.com/privacy-policy,2026-09-07 05:29:12
http://bulletinhogwarts.wuaze.com/wp-admin,404,Error_404,http://bulletinhogwarts.wuaze.com/wp-admin/about-us,2026-09-07 05:29:12
http://newspostglobe.is-best.net,404,Error_404,http://newspostglobe.is-best.net/contact-us,2026-09-07 05:29:12
http://vtlantaindepen.totalh.net,404,Error_404,http://vtlantaindepen.totalh.net/contact-us,2026-09-07 05:29:12
http://spiritshadow.wuaze.com,404,Error_404,http://spiritshadow.wuaze.com/about-us,2026-09-07 05:29:12
http://morrisbartlett.is-best.net,404,Error_404,http://morrisbartlett.is-best.net/about-us,2026-09-07 05:29:12
http://tylermcgowen.is-great.net,404,Error_404,http://tylermcgowen.is-great.net/privacy-policy,2026-09-07 05:29:12
http://newswellpost.wuaze.com,404,Error_404,http://newswellpost.wuaze.com/privacy-policy,2026-09-07 05:29:12
http://ezekrau.is-great.org,404,Error_404,http://ezekrau.is-great.org/contact-us,2026-09-07 05:29:12
http://shadowsculptor.likesyou.org,404,Error_404,http://shadowsculptor.likesyou.org/privacy-policy,2026-09-07 05:29:12
http://techtree.my-style.in,404,Error_404,http://techtree.my-style.in/contact-us,2026-09-07 05:29:12
http://emberevergreen.wuaze.com,404,Suspended,https://suspended-domain.net/index.php?host=emberevergreen.wuaze.com,2026-09-07 05:29:12
http://ruthshaw.lovestoblog.com,404,Error_404,http://ruthshaw.lovestoblog.com/contact-us,2026-09-07 05:29:12
http://saffairstoday.wuaze.com,404,Error_404,http://saffairstoday.wuaze.com/contact-us,2026-09-07 05:29:12
http://stefanlorenzo.great-site.net,404,Error_404,http://stefanlorenzo.great-site.net/privacy-policy,2026-09-07 05:29:12
http://lesliefranklin.kesug.com,404,Error_404,http://lesliefranklin.kesug.com/privacy-policy,2026-09-07 05:29:12
http://kaitlynwiley.is-best.net,404,Error_404,http://kaitlynwiley.is-best.net/about-us,2026-09-07 05:29:12
http://inquirerfogwarts.wuaze.com,404,Error_404,http://inquirerfogwarts.wuaze.com/about-us,2026-09-07 05:29:12
http://brithaines.lovestoblog.com,404,Error_404,http://brithaines.lovestoblog.com/privacy-policy,2026-09-07 05:29:12
http://evergreeember.wuaze.com,404,Error_404,http://evergreeember.wuaze.com/contact-us,2026-09-07 05:29:12
http://danteashworth.is-best.net,404,Error_404,http://danteashworth.is-best.net/about-us,2026-09-07 05:29:12
http://margueroberge.iblogger.org,404,Error_404,http://margueroberge.iblogger.org/contact-us,2026-09-07 05:29:12
http://vincewardle.kesug.com,404,Error_404,http://vincewardle.kesug.com/contact-us,2026-09-07 05:29:12
http://meliaerickson.great-site.net,404,Error_404,http://meliaerickson.great-site.net/,2026-09-07 05:29:12
http://adalgisa.is-best.net,404,Error_404,http://adalgisa.is-best.net/privacy-policy,2026-09-07 05:29:12
http://jensenmorrison.iblogger.org,404,Error_404,http://jensenmorrison.iblogger.org/privacy-policy,2026-09-07 05:29:12
http://wessonmassey.is-best.net,404,Error_404,http://wessonmassey.is-best.net/contact-us,2026-09-07 05:29:12
http://lesliemckee.iblogger.org,404,Error_404,http://lesliemckee.iblogger.org/privacy-policy,2026-09-07 05:29:12
http://justinsmalley.great-site.net,404,Error_404,http://justinsmalley.great-site.net/about-us,2026-09-07 05:29:12
http://sasharollins.great-site.net,404,Error_404,http://sasharollins.great-site.net/contact-us,2026-09-07 05:29:12
http://amberchandler.wuaze.com,404,Error_404,http://amberchandler.wuaze.com/privacy-policy,2026-09-07 05:29:12
http://eunicealdridge.is-great.net,404,Error_404,http://eunicealdridge.is-great.net/contact-us,2026-09-07 05:29:12
http://jacintofrazier.wuaze.com,404,Error_404,http://jacintofrazier.wuaze.com/about-us,2026-09-07 05:29:12
http://arcticadept.iblogger.org,404,Suspended,https://suspended-domain.net/index.php?host=arcticadept.iblogger.org,2026-09-07 05:29:12
http://wileychristian.wuaze.com,404,Error_404,http://wileychristian.wuaze.com/contact-us,2026-09-07 05:29:12
http://charlescollins.great-site.net,404,Error_404,http://charlescollins.great-site.net/about-us,2026-09-07 05:29:12
http://archiemeyer.lovestoblog.com,404,Error_404,http://archiemeyer.lovestoblog.com/privacy-policy,2026-09-07 05:29:12
http://jonathanunwin.is-best.net,404,Error_404,http://jonathanunwin.is-best.net/contact-us,2026-09-07 05:29:12
http://seanwalton.kesug.com,404,Error_404,http://seanwalton.kesug.com/about-us,2026-09-07 05:29:12
http://sheltonmeyer.lovestoblog.com,404,Error_404,http://sheltonmeyer.lovestoblog.com/privacy-policy,2026-09-07 05:29:12
http://starthehogwarts.my-style.in,404,Error_404,http://starthehogwarts.my-style.in/contact-us,2026-09-07 05:29:12
http://spencerzadow.lovestoblog.com,404,Error_404,http://spencerzadow.lovestoblog.com/privacy-policy,2026-09-07 05:29:12
http://zackarywyatt.great-site.net,404,Error_404,http://zackarywyatt.great-site.net/contact-us,2026-09-07 05:29:12
http://leontripl.lovestoblog.com,404,Error_404,http://leontripl.lovestoblog.com/contact-us,2026-09-07 05:29:12
http://judebarrera.wuaze.com,404,Error_404,http://judebarrera.wuaze.com/about-us,2026-09-07 05:29:12
http://zinetech.is-best.net,404,Error_404,http://zinetech.is-best.net/contact-us,2026-09-07 05:29:12
http://normandkrause.iblogger.org,404,Error_404,http://normandkrause.iblogger.org/privacy-policy,2026-09-07 05:29:12
http://owenharris.kesug.com,404,Error_404,http://owenharris.kesug.com/about-us,2026-09-07 05:29:12
http://oracleocean.nichesite.org,404,Error_404,http://oracleocean.nichesite.org/about-us,2026-09-07 05:29:12
http://eduardogarza.is-best.net,404,Error_404,http://eduardogarza.is-best.net/about-us,2026-09-07 05:29:12
http://umartaskin.wuaze.com,404,Error_404,http://umartaskin.wuaze.com/contact-us,2026-09-07 05:29:12
http://lenadunn.kesug.com,404,Error_404,http://lenadunn.kesug.com/privacy-policy,2026-09-07 05:29:12
http://diverdream.nichesite.org,404,Error_404,http://diverdream.nichesite.org/contact-us,2026-09-07 05:29:12
http://sairasage.iblogger.org,404,Error_404,http://sairasage.iblogger.org/contact-us,2026-09-07 05:29:12
http://bostonvo.iblogger.org,404,Error_404,http://bostonvo.iblogger.org/privacy-policy,2026-09-07 05:29:12
http://danielmaurice.is-best.net,404,Error_404,http://danielmaurice.is-best.net/about-us,2026-09-07 05:29:12
http://crystalcascade.is-best.net,404,Error_404,http://crystalcascade.is-best.net/about-us,2026-09-07 05:29:12
http://natashacarlson.lovestoblog.com,404,Error_404,http://natashacarlson.lovestoblog.com/privacy-policy,2026-09-07 05:29:12
http://ainhoapaacios.lovestoblog.com,404,Error_404,http://ainhoapaacios.lovestoblog.com/contact-us,2026-09-07 05:29:12
http://marretsanago.nichesite.org,404,Error_404,http://marretsanago.nichesite.org/contact-us,2026-09-07 05:29:12
http://josiehenson.great-site.net,404,Error_404,http://josiehenson.great-site.net/about-us,2026-09-07 05:29:12
http://carmenwatsi.kesug.com,404,Error_404,http://carmenwatsi.kesug.com/contact-us,2026-09-07 05:29:12
http://amarilin.kesug.com,404,Error_404,http://amarilin.kesug.com/privacy-policy,2026-09-07 05:29:12
http://elwoodcooke.lovestoblog.com,404,Error_404,http://elwoodcooke.lovestoblog.com/about-us,2026-09-07 05:29:12
http://omardunn.wuaze.com,404,Error_404,http://omardunn.wuaze.com/privacy-policy,2026-09-07 05:29:12
http://breezeblaz.totalh.net,404,Error_404,http://breezeblaz.totalh.net/about-us,2026-09-07 05:29:12
http://hogwartsthenews.kesug.com,404,Error_404,http://hogwartsthenews.kesug.com/contact-us,2026-09-07 05:29:12
http://elijahmarston.is-great.org,404,Error_404,http://elijahmarston.is-great.org/about-us,2026-09-07 05:29:12
http://abrahamfloyd.is-great.net,404,Error_404,http://abrahamfloyd.is-great.net/privacy-policy,2026-09-07 05:29:12
http://adeptarctic.totalh.net,404,Error_404,http://adeptarctic.totalh.net/privacy-policy,2026-09-07 05:29:12
http://auroraborealis.wuaze.com,404,Error_404,http://auroraborealis.wuaze.com/contact-us,2026-09-07 05:29:12
http://addilynmitchell.kesug.com,0,Invalid/Down,N/A,2026-09-07 05:29:12
http://blakelydyer.great-site.net,404,Error_404,http://blakelydyer.great-site.net/about-us,2026-09-07 05:29:12
http://electricecho.lovestoblog.com,404,Error_404,http://electricecho.lovestoblog.com/about-us,2026-09-07 05:29:12
http://laurencrabtree.iblogger.org,404,Error_404,http://laurencrabtree.iblogger.org/contact-us,2026-09-07 05:29:12
http://citysightseeing.synergize.co,404,Error_404,http://citysightseeing.synergize.co/,2026-09-07 05:29:12
http://damionhopson.is-great.net,404,Error_404,http://damionhopson.is-great.net/contact-us,2026-09-07 05:29:12
http://kelseacrow.nichesite.org,404,Error_404,http://kelseacrow.nichesite.org/privacy-policy,2026-09-07 05:29:12
http://digestdecorators.my-style.in,404,Error_404,http://digestdecorators.my-style.in/contact-us,2026-09-07 05:29:12
http://whisperingwisp.is-best.net,404,Error_404,http://whisperingwisp.is-best.net/privacy-policy,2026-09-07 05:29:12
http://legendtravis.lovestoblog.com,404,Error_404,http://legendtravis.lovestoblog.com/about-us,2026-09-07 05:29:12
http://luisaevans.kesug.com,404,Error_404,http://luisaevans.kesug.com/privacy-policy,2026-09-07 05:29:12
http://nomadnova.lovestoblog.com,404,Error_404,http://nomadnova.lovestoblog.com/contact-us,2026-09-07 05:29:12
http://haileeseitz.likesyou.org,404,Error_404,http://haileeseitz.likesyou.org/privacy-policy,2026-09-07 05:29:12
http://opheliamontes.lovestoblog.com,404,Error_404,http://opheliamontes.lovestoblog.com/about-us,2026-09-07 05:29:12
http://martinpaulsen.is-great.net,404,Error_404,http://martinpaulsen.is-great.net/contact-us,2026-09-07 05:29:12
http://yarablackburn.is-best.net,404,Error_404,http://yarablackburn.is-best.net/about-us,2026-09-07 05:29:12
http://lauraowen.wuaze.com,404,Error_404,http://lauraowen.wuaze.com/contact-us,2026-09-07 05:29:12
http://aleawharton.my-board.org,404,Error_404,http://aleawharton.my-board.org/,2026-09-07 05:29:12
http://clehoustonchroni.great-site.net,404,Error_404,http://clehoustonchroni.great-site.net/privacy-policy,2026-09-07 05:29:12
http://sufyanrobin.lovestoblog.com,404,Error_404,http://sufyanrobin.lovestoblog.com/about-us,2026-09-07 05:29:12
http://adolfstienstra.great-site.net,404,Error_404,http://adolfstienstra.great-site.net/about-us,2026-09-07 05:29:12
http://lucienvilla.is-best.net,404,Error_404,http://lucienvilla.is-best.net/privacy-policy,2026-09-07 05:29:12
http://giavannabennett.lovestoblog.com,404,Error_404,http://giavannabennett.lovestoblog.com/about-us,2026-09-07 05:29:12
http://wadebailey.lovestoblog.com,404,Error_404,http://wadebailey.lovestoblog.com/about-us,2026-09-07 05:29:12
http://omardyer.is-best.net,404,Error_404,http://omardyer.is-best.net/privacy-policy,2026-09-07 05:29:12
http://charliemcencroe.is-great.org,404,Error_404,http://charliemcencroe.is-great.org/about-us,2026-09-07 05:29:12
http://myrahadley.wuaze.com,404,Error_404,http://myrahadley.wuaze.com/about-us,2026-09-07 05:29:12
http://jackstelzer.iblogger.org,404,Error_404,http://jackstelzer.iblogger.org/contact-us,2026-09-07 05:29:12
http://gracierod.wuaze.com,404,Error_404,http://gracierod.wuaze.com/privacy-policy,2026-09-07 05:29:12
http://eldrigardner.iblogger.org,404,Error_404,http://eldrigardner.iblogger.org/about-us,2026-09-07 05:29:12
http://everesthoward.is-great.org,404,Error_404,http://everesthoward.is-great.org/contact-us,2026-09-07 05:29:12
http://songspirit.lovestoblog.com,404,Error_404,http://songspirit.lovestoblog.com/contact-us,2026-09-07 05:29:12
http://noorlarsen.wuaze.com,404,Error_404,http://noorlarsen.wuaze.com/contact-us,2026-09-07 05:29:12
http://stardussilver.lovestoblog.com,404,Error_404,http://stardussilver.lovestoblog.com/privacy-policy,2026-09-07 05:29:12
http://carlosmercado.is-great.org,404,Error_404,http://carlosmercado.is-great.org/contact-us,2026-09-07 05:29:12
http://charlesmccoll.great-site.net/wp-admin,404,Error_404,http://charlesmccoll.great-site.net/wp-admin/about-us,2026-09-07 05:29:12
http://portlandoregonian.is-best.net,404,Error_404,http://portlandoregonian.is-best.net/privacy-policy,2026-09-07 05:29:12
http://archiehansen.is-best.net,404,Error_404,http://archiehansen.is-best.net/about-us,2026-09-07 05:29:12
http://lachlancaird.iblogger.org,404,Error_404,http://lachlancaird.iblogger.org/about-us,2026-09-07 05:29:12
http://jackmolle.is-best.net,404,Error_404,http://jackmolle.is-best.net/about-us,2026-09-07 05:29:12
http://jamelandrade.is-great.net,404,Error_404,http://jamelandrade.is-great.net/privacy-policy,2026-09-07 05:29:12
http://jonashudson.iblogger.org,404,Error_404,http://jonashudson.iblogger.org/contact-us,2026-09-07 05:29:12
http://victoriasing.lovestoblog.com,404,Error_404,http://victoriasing.lovestoblog.com/contact-us,2026-09-07 05:29:12
http://lindejungwirth.iblogger.org,404,Error_404,http://lindejungwirth.iblogger.org/privacy-policy,2026-09-07 05:29:12
http://kellantucker.iblogger.org,404,Error_404,http://kellantucker.iblogger.org/privacy-policy,2026-09-07 05:29:12
http://puntierecipes.kesug.com,404,Error_404,http://puntierecipes.kesug.com/about-us,2026-09-07 05:29:12
http://peterhughes.is-great.org,404,Error_404,http://peterhughes.is-great.org/privacy-policy,2026-09-07 05:29:12
http://sondrapayne.is-best.net,404,Error_404,http://sondrapayne.is-best.net/contact-us,2026-09-07 05:29:12
http://hughenglish.lovestoblog.com,404,Error_404,http://hughenglish.lovestoblog.com/privacy-policy,2026-09-07 05:29:12
http://oapperkiva.wuaze.com,404,Error_404,http://oapperkiva.wuaze.com/about-us,2026-09-07 05:29:12
http://kennyhumph.lovestoblog.com,404,Error_404,http://kennyhumph.lovestoblog.com/privacy-policy,2026-09-07 05:29:12
http://vividvistanews.great-site.net,404,Error_404,http://vividvistanews.great-site.net/contact-us,2026-09-07 05:29:12
http://kartermontgomery.iblogger.org,404,Error_404,http://kartermontgomery.iblogger.org/about-us,2026-09-07 05:29:12
http://ahmadkhan.lovestoblog.com,404,Error_404,http://ahmadkhan.lovestoblog.com/privacy-policy,2026-09-07 05:29:12
http://benjaminvaldez.kesug.com,404,Error_404,http://benjaminvaldez.kesug.com/,2026-09-07 05:29:12
http://owenaslatt.great-site.net,404,Error_404,http://owenaslatt.great-site.net/contact-us,2026-09-07 05:29:12
http://trinidadgates.iblogger.org,404,Error_404,http://trinidadgates.iblogger.org/privacy-policy,2026-09-07 05:29:12
http://fabiandiana.kesug.com,404,Error_404,http://fabiandiana.kesug.com/about-us,2026-09-07 05:29:12
http://radisaschmidt.wuaze.com,404,Error_404,http://radisaschmidt.wuaze.com/about-us,2026-09-07 05:29:12
http://archramurano.is-great.net,404,Error_404,http://archramurano.is-great.net/,2026-09-07 05:29:12
http://brandybeaton.is-great.net,404,Error_404,http://brandybeaton.is-great.net/,2026-09-07 05:29:12
http://maddisonpatter.wuaze.com,404,Error_404,http://maddisonpatter.wuaze.com/about-us,2026-09-07 05:29:12
http://kennediguevara.wuaze.com,404,Error_404,http://kennediguevara.wuaze.com/privacy-policy,2026-09-07 05:29:12
http://katrinawilson.wuaze.com,404,Error_404,http://katrinawilson.wuaze.com/,2026-09-07 05:29:12
http://genevievesimmons.kesug.com,404,Error_404,http://genevievesimmons.kesug.com/about-us,2026-09-07 05:29:12
http://novanurturer.is-great.net,404,Error_404,http://novanurturer.is-great.net/about-us,2026-09-07 05:29:12
http://jeremyperrett.great-site.net,404,Error_404,http://jeremyperrett.great-site.net/about-us,2026-09-07 05:29:12
http://christhomson.is-best.net,404,Error_404,http://christhomson.is-best.net/privacy-policy,2026-09-07 05:29:12
http://richardreyes.iblogger.org,404,Error_404,http://richardreyes.iblogger.org/contact-us,2026-09-07 05:29:12
http://thenewsbrianlenz.lovestoblog.com,404,Error_404,http://thenewsbrianlenz.lovestoblog.com/about-us,2026-09-07 05:29:12
http://bloomblaze.lovestoblog.com,404,Error_404,http://bloomblaze.lovestoblog.com/about-us,2026-09-07 05:29:12
http://kenzowalls.iblogger.org,404,Error_404,http://kenzowalls.iblogger.org/about-us,2026-09-07 05:29:12
http://jedidiahwalls.iblogger.org,404,Error_404,http://jedidiahwalls.iblogger.org/about-us,2026-09-07 05:29:12
http://bailydeitgeist.wuaze.com,404,Error_404,http://bailydeitgeist.wuaze.com/contact-us,2026-09-07 05:29:12
http://rishmapiet.great-site.net,404,Error_404,http://rishmapiet.great-site.net/privacy-policy,2026-09-07 05:29:12
http://valenciamontes.is-great.net,404,Error_404,http://valenciamontes.is-great.net/,2026-09-07 05:29:12
http://carlymadden.wuaze.com,404,Error_404,http://carlymadden.wuaze.com/privacy-policy,2026-09-07 05:29:12
http://keithconrad.kesug.com,404,Error_404,http://keithconrad.kesug.com/contact-us,2026-09-07 05:29:12
http://andreaholzman.nichesite.org,404,Error_404,http://andreaholzman.nichesite.org/contact-us,2026-09-07 05:29:12
http://groverreeves.great-site.net,404,Error_404,http://groverreeves.great-site.net/about-us,2026-09-07 05:29:12
http://watcherwealth.kesug.com,404,Error_404,http://watcherwealth.kesug.com/privacy-policy,2026-09-07 05:29:12
http://statethestraight.great-site.net,404,Error_404,http://statethestraight.great-site.net/about-us,2026-09-07 05:29:12
http://juniorjohnson.iblogger.org,404,Error_404,http://juniorjohnson.iblogger.org/privacy-policy,2026-09-07 05:29:12
http://juliodaniels.iblogger.org,404,Error_404,http://juliodaniels.iblogger.org/about-us,2026-09-07 05:29:12
http://poppyconnor.is-best.net,404,Error_404,http://poppyconnor.is-best.net/,2026-09-07 05:29:12
http://asuncionavendano.is-great.org,404,Error_404,http://asuncionavendano.is-great.org/about-us,2026-09-07 05:29:12
http://robtkay.is-best.net,404,Error_404,http://robtkay.is-best.net/,2026-09-07 05:29:12
http://solsticesorceress.is-great.net,404,Error_404,http://solsticesorceress.is-great.net/privacy-policy,2026-09-07 05:29:12
http://alessiacull.wuaze.com,404,Error_404,http://alessiacull.wuaze.com/about-us,2026-09-07 05:29:12
http://aidenrivera.wuaze.com,404,Error_404,http://aidenrivera.wuaze.com/contact-us,2026-09-07 05:29:12
http://nicolasfuller.is-great.net,404,Error_404,http://nicolasfuller.is-great.net/privacy-policy,2026-09-07 05:29:12
http://quincypearce.is-great.net,404,Error_404,http://quincypearce.is-great.net/contact-us,2026-09-07 05:29:12
http://lilliancormick.is-great.org,404,Error_404,http://lilliancormick.is-great.org/,2026-09-07 05:29:12
http://felipemota.is-best.net,404,Error_404,http://felipemota.is-best.net/about-us,2026-09-07 05:29:12
http://geneross.great-site.net,404,Error_404,http://geneross.great-site.net/contact-us,2026-09-07 05:29:12
http://auroraaegis.nichesite.org,404,Error_404,http://auroraaegis.nichesite.org/contact-us,2026-09-07 05:29:12
http://ivannowak.is-great.net,404,Error_404,http://ivannowak.is-great.net/contact-us,2026-09-07 05:29:12
http://markobeckenbauer.is-best.net,404,Error_404,http://markobeckenbauer.is-best.net/about-us,2026-09-07 05:29:12
http://aishahiggins.is-great.net,404,Error_404,http://aishahiggins.is-great.net/contact-us,2026-09-07 05:29:12
http://vedapennington.kesug.com,404,Error_404,http://vedapennington.kesug.com/privacy-policy,2026-09-07 05:29:12
http://edithabachler.wuaze.com,404,Error_404,http://edithabachler.wuaze.com/contact-us,2026-09-07 05:29:12
http://jenkins.wuaze.com,404,Error_404,http://jenkins.wuaze.com/privacy-policy,2026-09-07 05:29:12
http://starjogwarts.loveslife.biz,404,Error_404,http://starjogwarts.loveslife.biz/contact-us,2026-09-07 05:29:12
http://salvatorefedeli.is-best.net,404,Error_404,http://salvatorefedeli.is-best.net/about-us,2026-09-07 05:29:12
http://teddylong.is-best.net,404,Error_404,http://teddylong.is-best.net/about-us,2026-09-07 05:29:12
http://emberevergreen.lovestoblog.com,404,Error_404,http://emberevergreen.lovestoblog.com/contact-us,2026-09-07 05:29:12
http://sethbillson.kesug.com,404,Error_404,http://sethbillson.kesug.com/about-us,2026-09-07 05:29:12
http://candrapatel.wuaze.com,404,Error_404,http://candrapatel.wuaze.com/contact-us,2026-09-07 05:29:12
http://shawnadouglas.wuaze.com,404,Error_404,http://shawnadouglas.wuaze.com/about-us,2026-09-07 05:29:12
http://amirmitchell.is-great.org,404,Error_404,http://amirmitchell.is-great.org/contact-us,2026-09-07 05:29:12
http://micahmurphy.iblogger.org,404,Error_404,http://micahmurphy.iblogger.org/contact-us,2026-09-07 05:29:12
http://rexwhite.great-site.net,404,Error_404,http://rexwhite.great-site.net/contact-us,2026-09-07 05:29:12
http://annabelrobles.great-site.net,404,Error_404,http://annabelrobles.great-site.net/privacy-policy,2026-09-07 05:29:12
http://dreamdefender.my-board.org,404,Suspended,https://suspended-domain.net/index.php?host=dreamdefender.my-board.org,2026-09-07 05:29:12
http://markusjaeger.wuaze.com,404,Error_404,http://markusjaeger.wuaze.com/contact-us,2026-09-07 05:29:12
http://arcticaurora.iblogger.org,404,Error_404,http://arcticaurora.iblogger.org/privacy-policy,2026-09-07 05:29:12
http://baileythedavid.lovestoblog.com,404,Error_404,http://baileythedavid.lovestoblog.com/privacy-policy,2026-09-07 05:29:12
http://embereclipse.kesug.com,404,Error_404,http://embereclipse.kesug.com/contact-us,2026-09-07 05:29:12
http://janieibrahim.iblogger.org,404,Error_404,http://janieibrahim.iblogger.org/contact-us,2026-09-07 05:29:12
http://mariahshowalter.kesug.com,404,Error_404,http://mariahshowalter.kesug.com/privacy-policy,2026-09-07 05:29:12
http://georgiastrong.is-best.net,404,Error_404,http://georgiastrong.is-best.net/privacy-policy,2026-09-07 05:29:12
http://maddisonwrendsley.is-great.org,404,Error_404,http://maddisonwrendsley.is-great.org/contact-us,2026-09-07 05:29:12
http://nelliehudson.lovestoblog.com,404,Error_404,http://nelliehudson.lovestoblog.com/privacy-policy,2026-09-07 05:29:12
http://marcelschwab.loveslife.biz,404,Error_404,http://marcelschwab.loveslife.biz/contact-us,2026-09-07 05:29:12
http://jefferharding.iblogger.org,404,Error_404,http://jefferharding.iblogger.org/about-us,2026-09-07 05:29:12
http://graighenry.is-great.net,404,Error_404,http://graighenry.is-great.net/privacy-policy,2026-09-07 05:29:12
http://ecobrserverday.kesug.com,404,Error_404,http://ecobrserverday.kesug.com/privacy-policy,2026-09-07 05:29:12
http://ariyamurillo.kesug.com,404,Error_404,http://ariyamurillo.kesug.com/about-us,2026-09-07 05:29:12
http://virginiaferre.is-great.org,404,Error_404,http://virginiaferre.is-great.org/contact-us,2026-09-07 05:29:12
http://emilygrishin.kesug.com,404,Error_404,http://emilygrishin.kesug.com/privacy-policy,2026-09-07 05:29:12
http://summergonzalez.is-great.net,404,Error_404,http://summergonzalez.is-great.net/contact-us,2026-09-07 05:29:12
http://rosasvendsen.great-site.net,404,Error_404,http://rosasvendsen.great-site.net/privacy-policy,2026-09-07 05:29:12
http://erichswanson.free.nf,404,Error_404,http://erichswanson.free.nf/privacy-policy,2026-09-07 05:29:12
http://bulletininternational.totalh.net,404,Error_404,http://bulletininternational.totalh.net/contact-us,2026-09-07 05:29:12
http://ronnyescobar.is-best.net,404,Error_404,http://ronnyescobar.is-best.net/privacy-policy,2026-09-07 05:29:12
http://micahcooper.is-great.org,404,Error_404,http://micahcooper.is-great.org/contact-us,2026-09-07 05:29:12
http://braelynnbean.lovestoblog.com,404,Error_404,http://braelynnbean.lovestoblog.com/about-us,2026-09-07 05:29:12
http://estherleroux.wuaze.com,404,Error_404,http://estherleroux.wuaze.com/,2026-09-07 05:29:12
http://tnsideauthorty.great-site.net,404,Error_404,http://tnsideauthorty.great-site.net/privacy-policy,2026-09-07 05:29:12
http://evelynsmith.kesug.com,404,Error_404,http://evelynsmith.kesug.com/contact-us,2026-09-07 05:29:12
http://belindaezina.iblogger.org,404,Error_404,http://belindaezina.iblogger.org/about-us,2026-09-07 05:29:12
http://lorelaiyork.is-best.net,404,Error_404,http://lorelaiyork.is-best.net/about-us,2026-09-07 05:29:12
http://shawnaberry.is-best.net,404,Error_404,http://shawnaberry.is-best.net/about-us,2026-09-07 05:29:12
http://eangreiner.iblogger.org,404,Error_404,http://eangreiner.iblogger.org/about-us,2026-09-07 05:29:12
http://malikhunt.wuaze.com,404,Error_404,http://malikhunt.wuaze.com/privacy-policy,2026-09-07 05:29:12
http://courtneychan.lovestoblog.com,404,Error_404,http://courtneychan.lovestoblog.com/privacy-policy,2026-09-07 05:29:12
http://whisperingwind.kesug.com,404,Error_404,http://whisperingwind.kesug.com/privacy-policy,2026-09-07 05:29:12
http://cairothepost.my-style.in,404,Error_404,http://cairothepost.my-style.in/privacy-policy,2026-09-07 05:29:12
http://edwardcoe.wuaze.com,404,Error_404,http://edwardcoe.wuaze.com/privacy-policy,2026-09-07 05:29:12
http://cannonhoffman.is-best.net,404,Error_404,http://cannonhoffman.is-best.net/privacy-policy,2026-09-07 05:29:12
http://kendragreer.great-site.net,404,Error_404,http://kendragreer.great-site.net/privacy-policy,2026-09-07 05:29:12
http://zephyrsestnews.my-board.org,404,Error_404,http://zephyrsestnews.my-board.org/,2026-09-07 05:29:12
http://newsthethinker.kesug.com,404,Error_404,http://newsthethinker.kesug.com/contact-us,2026-09-07 05:29:12
http://christidow.iblogger.org,0,Invalid/Down,N/A,2026-09-07 05:29:12
http://dylanccracken.is-great.net,404,Error_404,http://dylanccracken.is-great.net/privacy-policy,2026-09-07 05:29:12
http://newsjobfear.lovestoblog.com,404,Error_404,http://newsjobfear.lovestoblog.com/about-us,2026-09-07 05:29:12
http://newspostdenver.great-site.net,0,Invalid/Down,N/A,2026-09-07 05:29:12
http://travisgomez.is-best.net,404,Error_404,http://travisgomez.is-best.net/contact-us,2026-09-07 05:29:12
http://majesticmirror.kesug.com,404,Error_404,http://majesticmirror.kesug.com/contact-us,2026-09-07 05:29:12
http://hayleyfollett.is-great.org,404,Error_404,http://hayleyfollett.is-great.org/privacy-policy,2026-09-07 05:29:12
http://cassiedillon.lovestoblog.com,404,Error_404,http://cassiedillon.lovestoblog.com/about-us,2026-09-07 05:29:12
http://thehogwartsreformer.synergize.co,404,Error_404,http://thehogwartsreformer.synergize.co/contact-us,2026-09-07 05:29:12
http://sariahbecker.is-best.net,404,Error_404,http://sariahbecker.is-best.net/privacy-policy,2026-09-07 05:29:12
http://curtisdaugherty.is-best.net,404,Error_404,http://curtisdaugherty.is-best.net/contact-us,2026-09-07 05:29:12
http://chrispherwalpole.wuaze.com,404,Error_404,http://chrispherwalpole.wuaze.com/privacy-policy,2026-09-07 05:29:12
http://spiritsorceress.great-site.net,404,Error_404,http://spiritsorceress.great-site.net/about-us,2026-09-07 05:29:12
http://rylieramirez.is-great.net,404,Error_404,http://rylieramirez.is-great.net/about-us,2026-09-07 05:29:12
http://markroach.wuaze.com,404,Error_404,http://markroach.wuaze.com/privacy-policy,2026-09-07 05:29:12
http://kaylamarin.iblogger.org,404,Error_404,http://kaylamarin.iblogger.org/privacy-policy,2026-09-07 05:29:12
http://bibianapointner.great-site.net,404,Error_404,http://bibianapointner.great-site.net/privacy-policy,2026-09-07 05:29:12
http://wandasorren.great-site.net,404,Error_404,http://wandasorren.great-site.net/about-us,2026-09-07 05:29:12
http://newarcurrents.wuaze.com,404,Error_404,http://newarcurrents.wuaze.com/privacy-policy,2026-09-07 05:29:12
http://savierdeasey.nichesite.org,404,Error_404,http://savierdeasey.nichesite.org/contact-us,2026-09-07 05:29:12
http://carltonpatterson.great-site.net,404,Error_404,http://carltonpatterson.great-site.net/privacy-policy,2026-09-07 05:29:12
http://coletonritchie.is-best.net,404,Error_404,http://coletonritchie.is-best.net/privacy-policy,2026-09-07 05:29:12
http://zariyahcull.kesug.com,404,Error_404,http://zariyahcull.kesug.com/contact-us,2026-09-07 05:29:12
http://debrahumphrey.kesug.com,404,Error_404,http://debrahumphrey.kesug.com/about-us,2026-09-07 05:29:12
http://violettevang.is-great.org,404,Error_404,http://violettevang.is-great.org/privacy-policy,2026-09-07 05:29:12
http://dawninthegpost.great-site.net,404,Error_404,http://dawninthegpost.great-site.net/contact-us,2026-09-07 05:29:12
http://karterpalmer.is-best.net,404,Error_404,http://karterpalmer.is-best.net/contact-us,2026-09-07 05:29:12
http://eliaslucas.wuaze.com,404,Error_404,http://eliaslucas.wuaze.com/privacy-policy,2026-09-07 05:29:12
http://edgarsmoot.wuaze.com,404,Error_404,http://edgarsmoot.wuaze.com/privacy-policy,2026-09-07 05:29:12
http://skyeperalta.kesug.com,404,Error_404,http://skyeperalta.kesug.com/privacy-policy,2026-09-07 05:29:12
http://eliwu.iblogger.org,404,Error_404,http://eliwu.iblogger.org/about-us,2026-09-07 05:29:12
http://gaylordwolf.great-site.net,404,Error_404,http://gaylordwolf.great-site.net/about-us,2026-09-07 05:29:12
http://winingertammy.is-best.net,404,Error_404,http://winingertammy.is-best.net/about-us,2026-09-07 05:29:12
http://jodirenaud.iblogger.org,404,Error_404,http://jodirenaud.iblogger.org/contact-us,2026-09-07 05:29:12
http://leighgagnon.is-best.net,404,Error_404,http://leighgagnon.is-best.net/privacy-policy,2026-09-07 05:29:12
http://michaelrussell.great-site.net,404,Error_404,http://michaelrussell.great-site.net/privacy-policy,2026-09-07 05:29:12
http://jesperdanielsen.kesug.com,404,Error_404,http://jesperdanielsen.kesug.com/privacy-policy,2026-09-07 05:29:12
http://worldnewswander.iblogger.org,404,Error_404,http://worldnewswander.iblogger.org/about-us,2026-09-07 05:29:12
http://jaydahanna.wuaze.com,404,Error_404,http://jaydahanna.wuaze.com/about-us,2026-09-07 05:29:12
http://anjaschmid.fanclub.rocks,404,Error_404,http://anjaschmid.fanclub.rocks/privacy-policy,2026-09-07 05:29:12
http://maggiebeasley.wuaze.com,404,Error_404,http://maggiebeasley.wuaze.com/privacy-policy,2026-09-07 05:29:12
http://maximilhinton.wuaze.com,404,Error_404,http://maximilhinton.wuaze.com/about-us,2026-09-07 05:29:12
http://zottozanni.iblogger.org,404,Error_404,http://zottozanni.iblogger.org/contact-us,2026-09-07 05:29:12
http://echoenigma.likesyou.org,404,Error_404,http://echoenigma.likesyou.org/contact-us,2026-09-07 05:29:12
http://ebonyoliver.is-best.net,404,Error_404,http://ebonyoliver.is-best.net/,2026-09-07 05:29:12
http://dominilarsen.is-best.net,404,Error_404,http://dominilarsen.is-best.net/contact-us,2026-09-07 05:29:12
http://dilanfuentes.is-great.org,404,Error_404,http://dilanfuentes.is-great.org/contact-us,2026-09-07 05:29:12
http://claudinemorton.lovestoblog.com,404,Error_404,http://claudinemorton.lovestoblog.com/about-us,2026-09-07 05:29:12
http://sculptoshado.talk4fun.net,404,Error_404,http://sculptoshado.talk4fun.net/about-us,2026-09-07 05:29:12
http://kyeortega.is-great.net,404,Error_404,http://kyeortega.is-great.net/contact-us,2026-09-07 05:29:12
http://joelpaling.is-best.net,404,Suspended,https://suspended-domain.net/index.php?host=joelpaling.is-best.net,2026-09-07 05:29:12
http://thedailyobserver.great-site.net,404,Error_404,http://thedailyobserver.great-site.net/about-us,2026-09-07 05:29:12
http://jacobymontgo.is-best.net,404,Error_404,http://jacobymontgo.is-best.net/,2026-09-07 05:29:12
http://andrethegrant.nichesite.org,404,Error_404,http://andrethegrant.nichesite.org/privacy-policy,2026-09-07 05:29:12
http://floracarletti.iblogger.org,404,Error_404,http://floracarletti.iblogger.org/about-us,2026-09-07 05:29:12
http://brysonmaddox.lovestoblog.com,404,Error_404,http://brysonmaddox.lovestoblog.com/contact-us,2026-09-07 05:29:12
http://amandaowens.lovestoblog.com,404,Error_404,http://amandaowens.lovestoblog.com/privacy-policy,2026-09-07 05:29:12
http://stellacampbell.lovestoblog.com,404,Error_404,http://stellacampbell.lovestoblog.com/contact-us,2026-09-07 05:29:12
http://lorebeer.great-site.net,404,Error_404,http://lorebeer.great-site.net/about-us,2026-09-07 05:29:12
http://aquablaze.great-site.net,404,Error_404,http://aquablaze.great-site.net/about-us,2026-09-07 05:29:12
http://iradorman.nichesite.org,404,Error_404,http://iradorman.nichesite.org/privacy-policy,2026-09-07 05:29:12
http://adrianbuckley.iblogger.org,404,Error_404,http://adrianbuckley.iblogger.org/privacy-policy,2026-09-07 05:29:12
http://logancowan.wuaze.com,404,Error_404,http://logancowan.wuaze.com/about-us,2026-09-07 05:29:12
http://joycunnin.lovestoblog.com,404,Error_404,http://joycunnin.lovestoblog.com/privacy-policy,2026-09-07 05:29:12
http://mistymystique.wuaze.com,404,Error_404,http://mistymystique.wuaze.com/about-us,2026-09-07 05:29:12
http://jonasbarron.iblogger.org,404,Error_404,http://jonasbarron.iblogger.org/about-us,2026-09-07 05:29:12
http://francesbarron.lovestoblog.com,404,Error_404,http://francesbarron.lovestoblog.com/contact-us,2026-09-07 05:29:12
http://jonaswithers.is-best.net,404,Error_404,http://jonaswithers.is-best.net/contact-us,2026-09-07 05:29:12
http://califbeefresno.is-best.net,404,Error_404,http://califbeefresno.is-best.net/privacy-policy,2026-09-07 05:29:12
http://dariachiesa.great-site.net,404,Error_404,http://dariachiesa.great-site.net/privacy-policy,2026-09-07 05:29:12
http://brandonwilson.iblogger.org,404,Error_404,http://brandonwilson.iblogger.org/contact-us,2026-09-07 05:29:12
http://geraldjarvis.lovestoblog.com,404,Error_404,http://geraldjarvis.lovestoblog.com/about-us,2026-09-07 05:29:12
http://evanlyman.is-best.net,404,Error_404,http://evanlyman.is-best.net/privacy-policy,2026-09-07 05:29:12
http://graciebass.is-best.net,404,Error_404,http://graciebass.is-best.net/contact-us,2026-09-07 05:29:12
http://cillipostl.great-site.net,404,Error_404,http://cillipostl.great-site.net/contact-us,2026-09-07 05:29:12
http://berndscher.my-style.in,404,Error_404,http://berndscher.my-style.in/,2026-09-07 05:29:12
http://phoenixflame.iblogger.org,404,Error_404,http://phoenixflame.iblogger.org/about-us,2026-09-07 05:29:12
http://matildasaunders.lovestoblog.com,404,Error_404,http://matildasaunders.lovestoblog.com/privacy-policy,2026-09-07 05:29:12
http://kristiantrommler.is-best.net,404,Error_404,http://kristiantrommler.is-best.net/privacy-policy,2026-09-07 05:29:12
http://gretawebster.kesug.com,0,Invalid/Down,N/A,2026-09-07 05:29:12
http://luccamendez.is-great.org,404,Error_404,http://luccamendez.is-great.org/about-us,2026-09-07 05:29:12
http://richreilly.kesug.com,0,Invalid/Down,N/A,2026-09-07 05:29:12
http://dominiquerodriguez.is-great.net,404,Error_404,http://dominiquerodriguez.is-great.net/contact-us,2026-09-07 05:29:12
http://blazebreez.iblogger.org,404,Error_404,http://blazebreez.iblogger.org/privacy-policy,2026-09-07 05:29:12
http://damiongilmore.lovestoblog.com,404,Error_404,http://damiongilmore.lovestoblog.com/contact-us,2026-09-07 05:29:12
http://jasiahsims.iblogger.org,404,Error_404,http://jasiahsims.iblogger.org/about-us,2026-09-07 05:29:12
http://globeandthemail.social-networking.me,404,Error_404,http://globeandthemail.social-networking.me/privacy-policy,2026-09-07 05:29:12
http://bernabaines.lovestoblog.com,404,Error_404,http://bernabaines.lovestoblog.com/,2026-09-07 05:29:12
http://tyanahernd.wuaze.com,404,Error_404,http://tyanahernd.wuaze.com/about-us,2026-09-07 05:29:12
http://marionmack.is-great.net,404,Error_404,http://marionmack.is-great.net/about-us,2026-09-07 05:29:12
http://drakesalas.great-site.net,404,Error_404,http://drakesalas.great-site.net/privacy-policy,2026-09-07 05:29:12
http://nathanedgley.is-great.net,404,Error_404,http://nathanedgley.is-great.net/about-us,2026-09-07 05:29:12
http://tamaraturner.great-site.net,404,Error_404,http://tamaraturner.great-site.net/privacy-policy,2026-09-07 05:29:12
http://connorburford.great-site.net,404,Error_404,http://connorburford.great-site.net/contact-us,2026-09-07 05:29:12
http://fredmalone.iblogger.org,404,Error_404,http://fredmalone.iblogger.org/about-us,2026-09-07 05:29:12
http://koreathetimes.kesug.com,404,Error_404,http://koreathetimes.kesug.com/privacy-policy,2026-09-07 05:29:12
http://tovelatvala.great-site.net,404,Error_404,http://tovelatvala.great-site.net/about-us,2026-09-07 05:29:12
http://ronniefarland.is-best.net,404,Error_404,http://ronniefarland.is-best.net/privacy-policy,2026-09-07 05:29:12
http://booneramos.is-great.net,404,Error_404,http://booneramos.is-great.net/privacy-policy,2026-09-07 05:29:12
http://songspirit.kesug.com,404,Error_404,http://songspirit.kesug.com/contact-us,2026-09-07 05:29:12
http://sureshmilner.is-great.org,404,Error_404,http://sureshmilner.is-great.org/privacy-policy,2026-09-07 05:29:12
http://joegrigsby.infinityfree.me,0,Invalid/Down,N/A,2026-09-07 05:29:12
http://josefmeixner.iblogger.org,404,Error_404,http://josefmeixner.iblogger.org/about-us,2026-09-07 05:29:12
http://hunkietournal.fanclub.rocks,404,Error_404,http://hunkietournal.fanclub.rocks/contact-us,2026-09-07 05:29:12
http://michellemccarthy.is-best.net/wp-admin,404,Error_404,http://michellemccarthy.is-best.net/wp-admin/about-us,2026-09-07 05:29:12
http://jacklazzarini.great-site.net,404,Error_404,http://jacklazzarini.great-site.net/,2026-09-07 05:29:12
http://maximiliano.kesug.com,404,Error_404,http://maximiliano.kesug.com/privacy-policy,2026-09-07 05:29:12
http://karsynkelley.is-great.net,404,Error_404,http://karsynkelley.is-great.net/privacy-policy,2026-09-07 05:29:12
http://forestmoss.is-best.net,404,Error_404,http://forestmoss.is-best.net/about-us,2026-09-07 05:29:12
http://jonycorner.lovestoblog.com,404,Error_404,http://jonycorner.lovestoblog.com/about-us,2026-09-07 05:29:12
http://lachlancollie.is-best.net,404,Error_404,http://lachlancollie.is-best.net/privacy-policy,2026-09-07 05:29:12
http://pujachary.iblogger.org,404,Error_404,http://pujachary.iblogger.org/contact-us,2026-09-07 05:29:12
http://crewhobbs.iblogger.org,404,Error_404,http://crewhobbs.iblogger.org/contact-us,2026-09-07 05:29:12
http://natashamairinger.lovestoblog.com,404,Error_404,http://natashamairinger.lovestoblog.com/contact-us,2026-09-07 05:29:12
http://mauermargo.great-site.net,404,Error_404,http://mauermargo.great-site.net/about-us,2026-09-07 05:29:12
http://erichamilton.kesug.com,404,Error_404,http://erichamilton.kesug.com/about-us,2026-09-07 05:29:12
http://vincenzatomasi.iblogger.org,404,Error_404,http://vincenzatomasi.iblogger.org/about-us,2026-09-07 05:29:12
http://bulletinboard.kesug.com,404,Error_404,http://bulletinboard.kesug.com/contact-us,2026-09-07 05:29:12
http://kobymagnus.is-great.net,404,Error_404,http://kobymagnus.is-great.net/about-us,2026-09-07 05:29:12
http://bridgetherman.great-site.net,404,Error_404,http://bridgetherman.great-site.net/about-us,2026-09-07 05:29:12
http://adelmoprivitera.is-best.net,404,Error_404,http://adelmoprivitera.is-best.net/privacy-policy,2026-09-07 05:29:12
http://cornelibrand.is-great.org,404,Error_404,http://cornelibrand.is-great.org/contact-us,2026-09-07 05:29:12
http://klaudiawalter.is-great.net,404,Error_404,http://klaudiawalter.is-great.net/privacy-policy,2026-09-07 05:29:12
http://katehail.kesug.com,404,Error_404,http://katehail.kesug.com/privacy-policy,2026-09-07 05:29:12
http://scoutschwar.lovestoblog.com,404,Error_404,http://scoutschwar.lovestoblog.com/contact-us,2026-09-07 05:29:12
http://stefaniebranch.kesug.com,404,Error_404,http://stefaniebranch.kesug.com/privacy-policy,2026-09-07 05:29:12
http://briareverett.great-site.net,404,Error_404,http://briareverett.great-site.net/contact-us,2026-09-07 05:29:12
http://lunaluminescence.wuaze.com,404,Error_404,http://lunaluminescence.wuaze.com/contact-us,2026-09-07 05:29:12
http://gatlintanner.is-great.net,404,Error_404,http://gatlintanner.is-great.net/about-us,2026-09-07 05:29:12
http://jordynkhan.page.gd,0,Invalid/Down,N/A,2026-09-07 05:29:12
http://walterdixon.lovestoblog.com,404,Error_404,http://walterdixon.lovestoblog.com/privacy-policy,2026-09-07 05:29:12
http://chroniclethesunday.great-site.net,404,Error_404,http://chroniclethesunday.great-site.net/privacy-policy,2026-09-07 05:29:12
http://frostyflame.kesug.com,404,Error_404,http://frostyflame.kesug.com/contact-us,2026-09-07 05:29:12
http://thunderspark.great-site.net,404,Error_404,http://thunderspark.great-site.net/privacy-policy,2026-09-07 05:29:12
http://traveltalesnews.my-board.org,404,Error_404,http://traveltalesnews.my-board.org/contact-us,2026-09-07 05:29:12
http://aliciafewings.kesug.com,404,Error_404,http://aliciafewings.kesug.com/about-us,2026-09-07 05:29:12
http://ricardomills.is-great.org,404,Error_404,http://ricardomills.is-great.org/about-us,2026-09-07 05:29:12
http://angelstaff.is-best.net,404,Error_404,http://angelstaff.is-best.net/about-us,2026-09-07 05:29:12
http://codynaaneart.is-great.net,404,Error_404,http://codynaaneart.is-great.net/privacy-policy,2026-09-07 05:29:12
http://blazebree.iblogger.org,404,Error_404,http://blazebree.iblogger.org/contact-us,2026-09-07 05:29:12
http://chiaracappelli.iblogger.org,404,Error_404,http://chiaracappelli.iblogger.org/contact-us,2026-09-07 05:29:12
http://joshandrade.lovestoblog.com,404,Error_404,http://joshandrade.lovestoblog.com/contact-us,2026-09-07 05:29:12
http://ednaramsey.iblogger.org,404,Error_404,http://ednaramsey.iblogger.org/contact-us,2026-09-07 05:29:12
http://thenewsledevoir.lovestoblog.com,404,Error_404,http://thenewsledevoir.lovestoblog.com/contact-us,2026-09-07 05:29:12
http://sabrinachilds.lovestoblog.com,404,Error_404,http://sabrinachilds.lovestoblog.com/about-us,2026-09-07 05:29:12
http://hassancompton.great-site.net,404,Error_404,http://hassancompton.great-site.net/about-us,2026-09-07 05:29:12
http://defenderdusk.wuaze.com,404,Error_404,http://defenderdusk.wuaze.com/contact-us,2026-09-07 05:29:12
http://philipross.iblogger.org,404,Error_404,http://philipross.iblogger.org/contact-us,2026-09-07 05:29:12
http://legendgarner.iblogger.org,404,Error_404,http://legendgarner.iblogger.org/about-us,2026-09-07 05:29:12
http://darcyorr.iblogger.org,404,Error_404,http://darcyorr.iblogger.org/about-us,2026-09-07 05:29:12
http://zorangeerligs.iblogger.org,404,Error_404,http://zorangeerligs.iblogger.org/contact-us,2026-09-07 05:29:12
http://newsamyhurst.iblogger.org,404,Error_404,http://newsamyhurst.iblogger.org/about-us,2026-09-07 05:29:12
http://saigegallegos.is-best.net,404,Error_404,http://saigegallegos.is-best.net/contact-us,2026-09-07 05:29:12
http://laishacartwr.is-great.net,404,Error_404,http://laishacartwr.is-great.net/privacy-policy,2026-09-07 05:29:12
http://philskinner.wuaze.com,404,Error_404,http://philskinner.wuaze.com/about-us,2026-09-07 05:29:12
http://edwardclunie.is-great.net,404,Error_404,http://edwardclunie.is-great.net/privacy-policy,2026-09-07 05:29:12
http://michaelmoench.is-great.org,404,Error_404,http://michaelmoench.is-great.org/privacy-policy,2026-09-07 05:29:12
http://etherealecho.my-style.in,404,Error_404,http://etherealecho.my-style.in/,2026-09-07 05:29:12
http://midnightwanderer.lovestoblog.com,404,Error_404,http://midnightwanderer.lovestoblog.com/contact-us,2026-09-07 05:29:12
http://deandrmorrow.iblogger.org,404,Error_404,http://deandrmorrow.iblogger.org/about-us,2026-09-07 05:29:12
http://brooksmeza.kesug.com,404,Error_404,http://brooksmeza.kesug.com/about-us,2026-09-07 05:29:12
http://auroraarcher.is-great.net,404,Error_404,http://auroraarcher.is-great.net/privacy-policy,2026-09-07 05:29:12
http://anthonysmall.is-best.net,404,Error_404,http://anthonysmall.is-best.net/about-us,2026-09-07 05:29:12
http://marshallcase.lovestoblog.com,404,Error_404,http://marshallcase.lovestoblog.com/privacy-policy,2026-09-07 05:29:12
http://lreationsdhic.likesyou.org,404,Error_404,http://lreationsdhic.likesyou.org/contact-us,2026-09-07 05:29:12
http://myrnaknight.iblogger.org,404,Error_404,http://myrnaknight.iblogger.org/about-us,2026-09-07 05:29:12
http://drenzyjinancial.is-great.org,404,Error_404,http://drenzyjinancial.is-great.org/about-us,2026-09-07 05:29:12
http://nasreenheath.lovestoblog.com,404,Error_404,http://nasreenheath.lovestoblog.com/contact-us,2026-09-07 05:29:12
http://nikoford.is-great.org,404,Error_404,http://nikoford.is-great.org/about-us,2026-09-07 05:29:12
http://heraldalex.great-site.net,404,Error_404,http://heraldalex.great-site.net/privacy-policy,2026-09-07 05:29:12
http://cataleyajacobs.kesug.com,404,Error_404,http://cataleyajacobs.kesug.com/contact-us,2026-09-07 05:29:12
http://grantharrin.is-best.net,404,Error_404,http://grantharrin.is-best.net/contact-us,2026-09-07 05:29:12
http://dashmoyer.is-best.net,404,Error_404,http://dashmoyer.is-best.net/about-us,2026-09-07 05:29:12
http://philipharris.kesug.com,404,Error_404,http://philipharris.kesug.com/privacy-policy,2026-09-07 05:29:12
http://myraayers.iblogger.org,404,Error_404,http://myraayers.iblogger.org/about-us,2026-09-07 05:29:12
http://spectatortheeogwarts.nichesite.org/wp-admin,404,Error_404,http://spectatortheeogwarts.nichesite.org/wp-admin,2026-09-07 05:29:12
http://jacobgregor.is-best.net,404,Error_404,http://jacobgregor.is-best.net/privacy-policy,2026-09-07 05:29:12
http://timestheindia.kesug.com,404,Error_404,http://timestheindia.kesug.com/contact-us,2026-09-07 05:29:12
http://secoratorsdigest.great-site.net,404,Error_404,http://secoratorsdigest.great-site.net/privacy-policy,2026-09-07 05:29:12
http://jamieboily.is-great.net,404,Error_404,http://jamieboily.is-great.net/contact-us,2026-09-07 05:29:12
http://annetteholman.infinityfree.me,0,Invalid/Down,N/A,2026-09-07 05:29:12
http://sandracharles.iblogger.org,404,Error_404,http://sandracharles.iblogger.org/about-us,2026-09-07 05:29:12
http://leslieatkinson.iblogger.org,404,Error_404,http://leslieatkinson.iblogger.org/about-us,2026-09-07 05:29:12
http://deweyodling.is-best.net,404,Error_404,http://deweyodling.is-best.net/about-us,2026-09-07 05:29:12
http://kevinwalls.lovestoblog.com,404,Error_404,http://kevinwalls.lovestoblog.com/privacy-policy,2026-09-07 05:29:12
http://mysterymoonlit.is-great.net,404,Error_404,http://mysterymoonlit.is-great.net/about-us,2026-09-07 05:29:12
http://torbenbang.is-best.net,404,Error_404,http://torbenbang.is-best.net/privacy-policy,2026-09-07 05:29:12
http://karterbowman.is-great.org,404,Error_404,http://karterbowman.is-great.org/contact-us,2026-09-07 05:29:12
http://elanadesimone.iblogger.org,404,Error_404,http://elanadesimone.iblogger.org/about-us,2026-09-07 05:29:12
http://josefaharrison.wuaze.com,404,Error_404,http://josefaharrison.wuaze.com/privacy-policy,2026-09-07 05:29:12
http://ameliaclarke.wuaze.com,404,Error_404,http://ameliaclarke.wuaze.com/privacy-policy,2026-09-07 05:29:12
http://camryngagnon.lovestoblog.com,404,Error_404,http://camryngagnon.lovestoblog.com/privacy-policy,2026-09-07 05:29:12
http://breanadaily.lovestoblog.com,404,Error_404,http://breanadaily.lovestoblog.com/contact-us,2026-09-07 05:29:12
http://harrytalbot.is-great.org,404,Error_404,http://harrytalbot.is-great.org/contact-us,2026-09-07 05:29:12
http://lillianramsay.wuaze.com,404,Error_404,http://lillianramsay.wuaze.com/about-us,2026-09-07 05:29:12
http://eringould.wuaze.com,404,Error_404,http://eringould.wuaze.com/privacy-policy,2026-09-07 05:29:12
http://jacobcopelas.wuaze.com,404,Error_404,http://jacobcopelas.wuaze.com/about-us,2026-09-07 05:29:12
http://abelinosolano.lovestoblog.com,404,Error_404,http://abelinosolano.lovestoblog.com/privacy-policy,2026-09-07 05:29:12
http://tonicruz.wuaze.com,404,Error_404,http://tonicruz.wuaze.com/about-us,2026-09-07 05:29:12
http://ethanblackman.kesug.com,404,Error_404,http://ethanblackman.kesug.com/contact-us,2026-09-07 05:29:12
http://callumday.kesug.com,404,Error_404,http://callumday.kesug.com/about-us,2026-09-07 05:29:12
http://evangmorrison.kesug.com,404,Error_404,http://evangmorrison.kesug.com/contact-us,2026-09-07 05:29:12
http://katrinalacroix.kesug.com,404,Error_404,http://katrinalacroix.kesug.com/contact-us,2026-09-07 05:29:12
http://sadiejenni.wuaze.com,404,Error_404,http://sadiejenni.wuaze.com/about-us,2026-09-07 05:29:12
http://irishtheindependent.is-great.org,404,Error_404,http://irishtheindependent.is-great.org/about-us,2026-09-07 05:29:12
http://mohamedknox.is-great.org,404,Error_404,http://mohamedknox.is-great.org/about-us,2026-09-07 05:29:12
http://perryhurley.great-site.net,404,Error_404,http://perryhurley.great-site.net/privacy-policy,2026-09-07 05:29:12
http://valkennedy.wuaze.com,404,Error_404,http://valkennedy.wuaze.com/,2026-09-07 05:29:12
http://aspenclayton.wuaze.com,404,Error_404,http://aspenclayton.wuaze.com/contact-us,2026-09-07 05:29:12
http://tannerlloyd.kesug.com,404,Error_404,http://tannerlloyd.kesug.com/about-us,2026-09-07 05:29:12
http://darrenerickson.iblogger.org,404,Error_404,http://darrenerickson.iblogger.org/contact-us,2026-09-07 05:29:12
http://fatematurnews.loveslife.biz,404,Error_404,http://fatematurnews.loveslife.biz/about-us,2026-09-07 05:29:12
http://benitadavies.lovestoblog.com,404,Error_404,http://benitadavies.lovestoblog.com/about-us,2026-09-07 05:29:12
http://looregionwater.my-board.org,404,Error_404,http://looregionwater.my-board.org/privacy-policy,2026-09-07 05:29:12
http://madilynpeterson.great-site.net,404,Error_404,http://madilynpeterson.great-site.net/about-us,2026-09-07 05:29:12
http://dianeince.is-best.net,404,Error_404,http://dianeince.is-best.net/privacy-policy,2026-09-07 05:29:12
http://presspioneer.wuaze.com,404,Error_404,http://presspioneer.wuaze.com/privacy-policy,2026-09-07 05:29:12
http://christianmountga.is-best.net,404,Error_404,http://christianmountga.is-best.net/privacy-policy,2026-09-07 05:29:12
http://arlodusk.wuaze.com,404,Error_404,http://arlodusk.wuaze.com/contact-us,2026-09-07 05:29:12
http://jacobyklein.iblogger.org,0,Invalid/Down,N/A,2026-09-07 05:29:12
http://vernmajor.lovestoblog.com,404,Error_404,http://vernmajor.lovestoblog.com/about-us,2026-09-07 05:29:12
http://esperanirving.wuaze.com,404,Error_404,http://esperanirving.wuaze.com/contact-us,2026-09-07 05:29:12
http://kingvillarreal.is-great.org,404,Error_404,http://kingvillarreal.is-great.org/privacy-policy,2026-09-07 05:29:12
http://irishthetimes.kesug.com,404,Error_404,http://irishthetimes.kesug.com/privacy-policy,2026-09-07 05:29:12
http://dailyworld.nichesite.org,404,Error_404,http://dailyworld.nichesite.org/contact-us,2026-09-07 05:29:12
http://tonyjackson.is-great.net,404,Suspended,https://suspended-domain.net/index.php?host=tonyjackson.is-great.net,2026-09-07 05:29:12
http://zackleist.is-best.net,404,Error_404,http://zackleist.is-best.net/privacy-policy,2026-09-07 05:29:12
http://juliejarvis.is-best.net,404,Error_404,http://juliejarvis.is-best.net/,2026-09-07 05:29:12
http://matildastuart.kesug.com,404,Error_404,http://matildastuart.kesug.com/about-us,2026-09-07 05:29:12
http://solarsailor.great-site.net,404,Error_404,http://solarsailor.great-site.net/privacy-policy,2026-09-07 05:29:12
http://murraypan.kesug.com,404,Error_404,http://murraypan.kesug.com/about-us,2026-09-07 05:29:12
http://laneneill.is-great.org,404,Error_404,http://laneneill.is-great.org/about-us,2026-09-07 05:29:12
http://timesfirstlight.kesug.com,404,Error_404,http://timesfirstlight.kesug.com/contact-us,2026-09-07 05:29:12
http://johnathansmith.wuaze.com,404,Error_404,http://johnathansmith.wuaze.com/privacy-policy,2026-09-07 05:29:12
http://beachflapostpalm.nichesite.org,404,Error_404,http://beachflapostpalm.nichesite.org/contact-us,2026-09-07 05:29:12
http://donnalang.kesug.com,404,Error_404,http://donnalang.kesug.com/about-us,2026-09-07 05:29:12
http://mosheatkins.is-best.net,404,Error_404,http://mosheatkins.is-best.net/contact-us,2026-09-07 05:29:12
http://alister.kesug.com,404,Error_404,http://alister.kesug.com/contact-us,2026-09-07 05:29:12
http://maribelmyers.is-great.net,404,Error_404,http://maribelmyers.is-great.net/privacy-policy,2026-09-07 05:29:12
http://edwardomcmillan.kesug.com,404,Error_404,http://edwardomcmillan.kesug.com/privacy-policy,2026-09-07 05:29:12
http://lylepenner.is-great.net,404,Error_404,http://lylepenner.is-great.net/contact-us,2026-09-07 05:29:12
http://jerrymunoz.is-best.net,404,Error_404,http://jerrymunoz.is-best.net/privacy-policy,2026-09-07 05:29:12
http://jillianfigueroa.iblogger.org,404,Error_404,http://jillianfigueroa.iblogger.org/contact-us,2026-09-07 05:29:12
http://adampagelu.lovestoblog.com,404,Error_404,http://adampagelu.lovestoblog.com/contact-us,2026-09-07 05:29:12
http://ledgerhogwarts.fast-page.org,404,Error_404,http://ledgerhogwarts.fast-page.org/,2026-09-07 05:29:12
http://maricelamalley.likesyou.org,404,Error_404,http://maricelamalley.likesyou.org/about-us,2026-09-07 05:29:12
http://chicagothetribune.mydiscussion.net,404,Error_404,http://chicagothetribune.mydiscussion.net/privacy-policy,2026-09-07 05:29:12
http://dusicawirth.is-best.net,404,Error_404,http://dusicawirth.is-best.net/contact-us,2026-09-07 05:29:12
http://reneelevasseur.is-great.net,404,Error_404,http://reneelevasseur.is-great.net/contact-us,2026-09-07 05:29:12
http://mysticmingle.great-site.net,404,Error_404,http://mysticmingle.great-site.net/about-us,2026-09-07 05:29:12
http://bizbeatnews.wuaze.com,404,Error_404,http://bizbeatnews.wuaze.com/contact-us,2026-09-07 05:29:12
http://karsynlandry.wuaze.com,404,Error_404,http://karsynlandry.wuaze.com/contact-us,2026-09-07 05:29:12
http://sherrythomson.is-best.net,404,Error_404,http://sherrythomson.is-best.net/privacy-policy,2026-09-07 05:29:12
http://jesseclarke.kesug.com,404,Error_404,http://jesseclarke.kesug.com/about-us,2026-09-07 05:29:12
http://jaxtyncarpenter.is-best.net,404,Error_404,http://jaxtyncarpenter.is-best.net/privacy-policy,2026-09-07 05:29:12
http://lucabrookfield.wuaze.com,404,Error_404,http://lucabrookfield.wuaze.com/,2026-09-07 05:29:12
http://everlastingember.wuaze.com,404,Error_404,http://everlastingember.wuaze.com/privacy-policy,2026-09-07 05:29:12
http://sportsspotnews.kesug.com,404,Error_404,http://sportsspotnews.kesug.com/contact-us,2026-09-07 05:29:12
http://maisieherrera.lovestoblog.com,404,Error_404,http://maisieherrera.lovestoblog.com/about-us,2026-09-07 05:29:12
http://jorreneden.great-site.net,404,Error_404,http://jorreneden.great-site.net/privacy-policy,2026-09-07 05:29:12
http://silkekluge.is-great.org,404,Error_404,http://silkekluge.is-great.org/privacy-policy,2026-09-07 05:29:12
http://newsthescotsman.lovestoblog.com,404,Error_404,http://newsthescotsman.lovestoblog.com/about-us,2026-09-07 05:29:12
http://starthewindsor.is-great.org,404,Error_404,http://starthewindsor.is-great.org/contact-us,2026-09-07 05:29:12
http://pattimckenzie.is-great.net,404,Error_404,http://pattimckenzie.is-great.net/contact-us,2026-09-07 05:29:12
http://rachelmurray.great-site.net,404,Error_404,http://rachelmurray.great-site.net/contact-us,2026-09-07 05:29:12
http://oliviamckay.wuaze.com,404,Error_404,http://oliviamckay.wuaze.com/privacy-policy,2026-09-07 05:29:12
http://leroyyoder.wuaze.com,404,Error_404,http://leroyyoder.wuaze.com/about-us,2026-09-07 05:29:12
http://veraburgstaller.iblogger.org,404,Error_404,http://veraburgstaller.iblogger.org/privacy-policy,2026-09-07 05:29:12
http://marleecoffey.wuaze.com,404,Error_404,http://marleecoffey.wuaze.com/privacy-policy,2026-09-07 05:29:12
http://kaiberg.great-site.net,404,Error_404,http://kaiberg.great-site.net/privacy-policy,2026-09-07 05:29:12
http://nickyhorn.lovestoblog.com,404,Error_404,http://nickyhorn.lovestoblog.com/privacy-policy,2026-09-07 05:29:12
http://jasondao.iblogger.org,404,Error_404,http://jasondao.iblogger.org/about-us,2026-09-07 05:29:12
http://viridianashowalter.is-great.org,404,Error_404,http://viridianashowalter.is-great.org/about-us,2026-09-07 05:29:12
http://loganespie.lovestoblog.com,404,Error_404,http://loganespie.lovestoblog.com/privacy-policy,2026-09-07 05:29:12
http://ahmadhogan.is-great.org,404,Error_404,http://ahmadhogan.is-great.org/contact-us,2026-09-07 05:29:12
http://hoytchen.wuaze.com,404,Error_404,http://hoytchen.wuaze.com/about-us,2026-09-07 05:29:12
http://blakesutton.great-site.net,404,Error_404,http://blakesutton.great-site.net/privacy-policy,2026-09-07 05:29:12
http://stanleybowman.lovestoblog.com,404,Error_404,http://stanleybowman.lovestoblog.com/privacy-policy,2026-09-07 05:29:12
http://gaylebritton.is-best.net,404,Error_404,http://gaylebritton.is-best.net/contact-us,2026-09-07 05:29:12
http://alecwells.iblogger.org,404,Error_404,http://alecwells.iblogger.org/contact-us,2026-09-07 05:29:12
http://samaramack.kesug.com,404,Error_404,http://samaramack.kesug.com/privacy-policy,2026-09-07 05:29:12
http://roryrylah.wuaze.com,404,Error_404,http://roryrylah.wuaze.com/contact-us,2026-09-07 05:29:12
http://sculptorshadow.is-best.net,404,Error_404,http://sculptorshadow.is-best.net/about-us,2026-09-07 05:29:12
http://glennabanks.iblogger.org,404,Error_404,http://glennabanks.iblogger.org/about-us,2026-09-07 05:29:12
http://jacobbeeby.great-site.net,404,Error_404,http://jacobbeeby.great-site.net/contact-us,2026-09-07 05:29:12
http://citizenthegogwarts.my-style.in,404,Error_404,http://citizenthegogwarts.my-style.in/contact-us,2026-09-07 05:29:12
http://dietervogel.wuaze.com,404,Error_404,http://dietervogel.wuaze.com/privacy-policy,2026-09-07 05:29:12
http://hattiepetty.iblogger.org,404,Error_404,http://hattiepetty.iblogger.org/about-us,2026-09-07 05:29:12
http://sergestephenson.wuaze.com,404,Error_404,http://sergestephenson.wuaze.com/,2026-09-07 05:29:12
http://aminahayes.great-site.net,404,Error_404,http://aminahayes.great-site.net/contact-us,2026-09-07 05:29:12
http://lillybabbage.is-best.net,404,Error_404,http://lillybabbage.is-best.net/,2026-09-07 05:29:12
http://gemmahenry.lovestoblog.com,404,Error_404,http://gemmahenry.lovestoblog.com/about-us,2026-09-07 05:29:12
http://tonygilmor.is-best.net,404,Error_404,http://tonygilmor.is-best.net/about-us,2026-09-07 05:29:12
http://acsnaborbala.is-great.net,404,Error_404,http://acsnaborbala.is-great.net/about-us,2026-09-07 05:29:12
http://kehlaniarroyo.lovestoblog.com,404,Error_404,http://kehlaniarroyo.lovestoblog.com/privacy-policy,2026-09-07 05:29:12
http://matthewschonel.is-best.net,404,Error_404,http://matthewschonel.is-best.net/privacy-policy,2026-09-07 05:29:12
http://mysticmarauder.my-style.in,404,Error_404,http://mysticmarauder.my-style.in/contact-us,2026-09-07 05:29:12
http://helenehernandez.kesug.com,404,Error_404,http://helenehernandez.kesug.com/,2026-09-07 05:29:12
http://pearliemullo.iblogger.org,404,Error_404,http://pearliemullo.iblogger.org/contact-us,2026-09-07 05:29:12
http://theronvalenz.wuaze.com,404,Error_404,http://theronvalenz.wuaze.com/contact-us,2026-09-07 05:29:12
http://veroniquebeaudin.kesug.com,404,Error_404,http://veroniquebeaudin.kesug.com/privacy-policy,2026-09-07 05:29:12
http://alexisgriffiths.great-site.net,404,Error_404,http://alexisgriffiths.great-site.net/privacy-policy,2026-09-07 05:29:12
http://milansantana.kesug.com,404,Error_404,http://milansantana.kesug.com/about-us,2026-09-07 05:29:12
http://bettieriley.kesug.com,404,Error_404,http://bettieriley.kesug.com/contact-us,2026-09-07 05:29:12
http://appealcommercial.is-great.net,404,Error_404,http://appealcommercial.is-great.net/,2026-09-07 05:29:12
http://duskdrift.kesug.com,404,Error_404,http://duskdrift.kesug.com/about-us,2026-09-07 05:29:12
http://millerherbert.nichesite.org,404,Error_404,http://millerherbert.nichesite.org/about-us,2026-09-07 05:29:12
http://newsdayaogwarts.wuaze.com,404,Error_404,http://newsdayaogwarts.wuaze.com/contact-us,2026-09-07 05:29:12
http://ninadougall.great-site.net,404,Error_404,http://ninadougall.great-site.net/contact-us,2026-09-07 05:29:12
http://alexanvargas.is-best.net,404,Error_404,http://alexanvargas.is-best.net/about-us,2026-09-07 05:29:12
http://fabiolaabbate.iblogger.org,404,Error_404,http://fabiolaabbate.iblogger.org/about-us,2026-09-07 05:29:12
http://tamekawells.iblogger.org,404,Error_404,http://tamekawells.iblogger.org/privacy-policy,2026-09-07 05:29:12
http://jaimebruce.iblogger.org,404,Error_404,http://jaimebruce.iblogger.org/contact-us,2026-09-07 05:29:12
http://julianharris.lovestoblog.com,404,Error_404,http://julianharris.lovestoblog.com/privacy-policy,2026-09-07 05:29:12
http://buttstherufus.kesug.com,404,Error_404,http://buttstherufus.kesug.com/about-us,2026-09-07 05:29:12
http://emmaduke.is-best.net,404,Error_404,http://emmaduke.is-best.net/contact-us,2026-09-07 05:29:12
http://gabrielmcdaniel.kesug.com,404,Error_404,http://gabrielmcdaniel.kesug.com/about-us,2026-09-07 05:29:12
http://melodymoonlit.iblogger.org,404,Error_404,http://melodymoonlit.iblogger.org/about-us,2026-09-07 05:29:12
http://lsonluisne.great-site.net,404,Error_404,http://lsonluisne.great-site.net/contact-us,2026-09-07 05:29:12
http://frankiesantos.is-great.org,404,Error_404,http://frankiesantos.is-great.org/privacy-policy,2026-09-07 05:29:12
http://albertobridges.is-great.net,404,Error_404,http://albertobridges.is-great.net/privacy-policy,2026-09-07 05:29:12
http://lunaluminescence.nichesite.org,404,Error_404,http://lunaluminescence.nichesite.org/privacy-policy,2026-09-07 05:29:12
http://aileenmedley.iblogger.org,404,Error_404,http://aileenmedley.iblogger.org/privacy-policy,2026-09-07 05:29:12
http://pasqualespano.is-great.net,404,Error_404,http://pasqualespano.is-great.net/about-us,2026-09-07 05:29:12
http://carmeladonal.kesug.com,404,Error_404,http://carmeladonal.kesug.com/contact-us,2026-09-07 05:29:12
http://ariannal.great-site.net,404,Error_404,http://ariannal.great-site.net/about-us,2026-09-07 05:29:12
http://camerynkenne.lovestoblog.com,404,Error_404,http://camerynkenne.lovestoblog.com/about-us,2026-09-07 05:29:12
http://wallstreetthejournal.is-great.org,404,Error_404,http://wallstreetthejournal.is-great.org/about-us,2026-09-07 05:29:12
http://silasdaily.iblogger.org,404,Error_404,http://silasdaily.iblogger.org/contact-us,2026-09-07 05:29:12
http://ralphlong.page.gd,0,Invalid/Down,N/A,2026-09-07 05:29:12
http://adamtolkamp.lovestoblog.com,404,Error_404,http://adamtolkamp.lovestoblog.com/about-us,2026-09-07 05:29:12
http://francohamel.is-great.net,404,Error_404,http://francohamel.is-great.net/about-us,2026-09-07 05:29:12
http://marshalcarver.is-great.net,404,Error_404,http://marshalcarver.is-great.net/privacy-policy,2026-09-07 05:29:12
http://tribunedogwarts.my-style.in,404,Error_404,http://tribunedogwarts.my-style.in/contact-us,2026-09-07 05:29:12
http://capesartsnews.kesug.com,404,Error_404,http://capesartsnews.kesug.com/contact-us,2026-09-07 05:29:12
http://currentchronicles.totalh.net,404,Error_404,http://currentchronicles.totalh.net/about-us,2026-09-07 05:29:12
http://ravencobb.wuaze.com,404,Error_404,http://ravencobb.wuaze.com/about-us,2026-09-07 05:29:12
http://miriamlind.wuaze.com,404,Error_404,http://miriamlind.wuaze.com/contact-us,2026-09-07 05:29:12
http://davidzavala.wuaze.com,404,Error_404,http://davidzavala.wuaze.com/,2026-09-07 05:29:12
http://blazebreeze.my-style.in,404,Error_404,http://blazebreeze.my-style.in/contact-us,2026-09-07 05:29:12
http://raycharron.iblogger.org,404,Error_404,http://raycharron.iblogger.org/privacy-policy,2026-09-07 05:29:12
http://seantufnell.is-best.net,404,Error_404,http://seantufnell.is-best.net/contact-us,2026-09-07 05:29:12
http://lizcrane.lovestoblog.com,404,Error_404,http://lizcrane.lovestoblog.com/about-us,2026-09-07 05:29:12
http://ryanhughes.lovestoblog.com,404,Error_404,http://ryanhughes.lovestoblog.com/privacy-policy,2026-09-07 05:29:12
http://jarinlivanews.totalh.net,404,Error_404,http://jarinlivanews.totalh.net/about-us,2026-09-07 05:29:12
http://cookbednewsjose.my-style.in/wp-admin,404,Error_404,http://cookbednewsjose.my-style.in/wp-admin/about-us,2026-09-07 05:29:12
http://chuckthomson.lovestoblog.com,404,Error_404,http://chuckthomson.lovestoblog.com/privacy-policy,2026-09-07 05:29:12
http://tylercawthorn.is-great.org,404,Error_404,http://tylercawthorn.is-great.org/contact-us,2026-09-07 05:29:12
http://grahamejenkins.is-great.org,404,Error_404,http://grahamejenkins.is-great.org/contact-us,2026-09-07 05:29:12
http://charlibeaney.iblogger.org,404,Error_404,http://charlibeaney.iblogger.org/privacy-policy,2026-09-07 05:29:12
http://timothybadger.is-great.net,404,Error_404,http://timothybadger.is-great.net/privacy-policy,2026-09-07 05:29:12
http://novanurturer.kesug.com,404,Error_404,http://novanurturer.kesug.com/privacy-policy,2026-09-07 05:29:12
http://sreviewthehogwart.is-great.org,404,Error_404,http://sreviewthehogwart.is-great.org/contact-us,2026-09-07 05:29:12
http://julianefiedler.is-great.org,404,Error_404,http://julianefiedler.is-great.org/,2026-09-07 05:29:12
http://crimsoncascad.lovestoblog.com,404,Error_404,http://crimsoncascad.lovestoblog.com/contact-us,2026-09-07 05:29:12
http://odinsparks.iblogger.org,404,Error_404,http://odinsparks.iblogger.org/contact-us,2026-09-07 05:29:12
http://lukedaplyn.wuaze.com,404,Error_404,http://lukedaplyn.wuaze.com/privacy-policy,2026-09-07 05:29:12
http://genovarichard.totalh.net,404,Error_404,http://genovarichard.totalh.net/privacy-policy,2026-09-07 05:29:12
http://kateshannon.my-board.org,404,Error_404,http://kateshannon.my-board.org/about-us,2026-09-07 05:29:12
http://willowwatchma.wuaze.com,404,Error_404,http://willowwatchma.wuaze.com/,2026-09-07 05:29:12
http://victoriastrick.is-best.net,404,Error_404,http://victoriastrick.is-best.net/,2026-09-07 05:29:12
http://blakebruce.great-site.net,404,Error_404,http://blakebruce.great-site.net/contact-us,2026-09-07 05:29:12
http://coreissuethe.great-site.net,404,Error_404,http://coreissuethe.great-site.net/privacy-policy,2026-09-07 05:29:12
http://taniyalobos.is-great.org,404,Error_404,http://taniyalobos.is-great.org/privacy-policy,2026-09-07 05:29:12
http://darengraham.wuaze.com,404,Error_404,http://darengraham.wuaze.com/contact-us,2026-09-07 05:29:12
http://lillyrose.kesug.com,404,Error_404,http://lillyrose.kesug.com/contact-us,2026-09-07 05:29:12
http://willianpearson.kesug.com,404,Error_404,http://willianpearson.kesug.com/privacy-policy,2026-09-07 05:29:12
http://tamgandy.iblogger.org,404,Error_404,http://tamgandy.iblogger.org/,2026-09-07 05:29:12
http://karaavery.great-site.net,404,Error_404,http://karaavery.great-site.net/privacy-policy,2026-09-07 05:29:12
http://mildredwilson.lovestoblog.com,404,Error_404,http://mildredwilson.lovestoblog.com/privacy-policy,2026-09-07 05:29:12
http://maribelwallace.is-best.net,404,Error_404,http://maribelwallace.is-best.net/privacy-policy,2026-09-07 05:29:12
http://damiancarson.is-great.org,404,Error_404,http://damiancarson.is-great.org/privacy-policy,2026-09-07 05:29:12
http://christiwalte.lovestoblog.com,404,Error_404,http://christiwalte.lovestoblog.com/privacy-policy,2026-09-07 05:29:12
http://stellashea.wuaze.com,404,Error_404,http://stellashea.wuaze.com/about-us,2026-09-07 05:29:12
http://gregoriospina.is-great.net,404,Error_404,http://gregoriospina.is-great.net/privacy-policy,2026-09-07 05:29:12
http://dorisdanielson.kesug.com,404,Error_404,http://dorisdanielson.kesug.com/contact-us,2026-09-07 05:29:12
http://francehurst.kesug.com,404,Error_404,http://francehurst.kesug.com/privacy-policy,2026-09-07 05:29:12
http://raquelholland.kesug.com,404,Error_404,http://raquelholland.kesug.com/about-us,2026-09-07 05:29:12
http://nikolaskassul.is-great.org,404,Error_404,http://nikolaskassul.is-great.org/,2026-09-07 05:29:12
http://edinkogler.great-site.net,404,Error_404,http://edinkogler.great-site.net/about-us,2026-09-07 05:29:12
http://bonniecline.great-site.net,404,Error_404,http://bonniecline.great-site.net/,2026-09-07 05:29:12
http://minglemystic.my-style.in,404,Error_404,http://minglemystic.my-style.in/about-us,2026-09-07 05:29:12
http://dangeloingra.great-site.net,404,Error_404,http://dangeloingra.great-site.net/contact-us,2026-09-07 05:29:12
http://jeffreywright.is-great.org,404,Error_404,http://jeffreywright.is-great.org/contact-us,2026-09-07 05:29:12
http://gabrielpaulson.wuaze.com,404,Error_404,http://gabrielpaulson.wuaze.com/contact-us,2026-09-07 05:29:12
http://daltonlawrence.is-great.org,404,Error_404,http://daltonlawrence.is-great.org/about-us,2026-09-07 05:29:12
http://lornedelorme.kesug.com,404,Error_404,http://lornedelorme.kesug.com/privacy-policy,2026-09-07 05:29:12
http://fabiancsilla.wuaze.com,404,Error_404,http://fabiancsilla.wuaze.com/contact-us,2026-09-07 05:29:12
http://danyellestur.lovestoblog.com,404,Error_404,http://danyellestur.lovestoblog.com/contact-us,2026-09-07 05:29:12
http://estefadolan.great-site.net,404,Error_404,http://estefadolan.great-site.net/contact-us,2026-09-07 05:29:12
http://ivanrazo.iblogger.org,404,Error_404,http://ivanrazo.iblogger.org/privacy-policy,2026-09-07 05:29:12
http://sungcarey.wuaze.com,404,Error_404,http://sungcarey.wuaze.com/about-us,2026-09-07 05:29:12
http://marycambridge.kesug.com,404,Error_404,http://marycambridge.kesug.com/about-us,2026-09-07 05:29:12
http://brycefoley.is-best.net,404,Error_404,http://brycefoley.is-best.net/,2026-09-07 05:29:12
http://kathlnutt.infinityfree.me,0,Invalid/Down,N/A,2026-09-07 05:29:12
http://angelrobinson.great-site.net,404,Error_404,http://angelrobinson.great-site.net/contact-us,2026-09-07 05:29:12
http://earnestinehunter.lovestoblog.com,404,Error_404,http://earnestinehunter.lovestoblog.com/contact-us,2026-09-07 05:29:12
http://ianhenderson.lovestoblog.com,404,Error_404,http://ianhenderson.lovestoblog.com/,2026-09-07 05:29:12
http://jaynerush.great-site.net,404,Error_404,http://jaynerush.great-site.net/privacy-policy,2026-09-07 05:29:12
http://jacksullivan.iblogger.org,404,Error_404,http://jacksullivan.iblogger.org/privacy-policy,2026-09-07 05:29:12
http://estellesloan.kesug.com,404,Error_404,http://estellesloan.kesug.com/privacy-policy,2026-09-07 05:29:12
http://billygarrison.is-great.net,404,Error_404,http://billygarrison.is-great.net/about-us,2026-09-07 05:29:12
http://lyletony.wuaze.com,404,Error_404,http://lyletony.wuaze.com/contact-us,2026-09-07 05:29:12
http://mercyknight.likesyou.org,404,Error_404,http://mercyknight.likesyou.org/privacy-policy,2026-09-07 05:29:12
http://arthurvasic.is-great.net,404,Error_404,http://arthurvasic.is-great.net/privacy-policy,2026-09-07 05:29:12
http://braedenmayer.kesug.com,404,Error_404,http://braedenmayer.kesug.com/about-us,2026-09-07 05:29:12
http://cosmiccomet.is-best.net,404,Error_404,http://cosmiccomet.is-best.net/contact-us,2026-09-07 05:29:12
http://jennwebster.kesug.com,404,Error_404,http://jennwebster.kesug.com/privacy-policy,2026-09-07 05:29:12
http://aislinndaniels.iblogger.org,404,Error_404,http://aislinndaniels.iblogger.org/privacy-policy,2026-09-07 05:29:12
http://jerrolbowen.is-great.org,404,Error_404,http://jerrolbowen.is-great.org/about-us,2026-09-07 05:29:12
http://danielrees.lovestoblog.com,404,Error_404,http://danielrees.lovestoblog.com/contact-us,2026-09-07 05:29:12
http://adanherring.is-best.net,404,Error_404,http://adanherring.is-best.net/privacy-policy,2026-09-07 05:29:12
http://lunalullaby.iblogger.org,404,Error_404,http://lunalullaby.iblogger.org/privacy-policy,2026-09-07 05:29:12
http://postchirpchant.iblogger.org,404,Error_404,http://postchirpchant.iblogger.org/privacy-policy,2026-09-07 05:29:12
http://isabelrollins.wuaze.com,404,Error_404,http://isabelrollins.wuaze.com/privacy-policy,2026-09-07 05:29:12
http://barneywells.is-best.net,404,Error_404,http://barneywells.is-best.net/about-us,2026-09-07 05:29:12
http://isabelalamb.is-great.net,404,Error_404,http://isabelalamb.is-great.net/privacy-policy,2026-09-07 05:29:12
http://tribuneuogwarts.loveslife.biz,404,Error_404,http://tribuneuogwarts.loveslife.biz/about-us,2026-09-07 05:29:12
http://szigetilinka.great-site.net,404,Error_404,http://szigetilinka.great-site.net/about-us,2026-09-07 05:29:12
http://millarddowns.wuaze.com,404,Error_404,http://millarddowns.wuaze.com/about-us,2026-09-07 05:29:12
http://luzwilson.lovestoblog.com,404,Error_404,http://luzwilson.lovestoblog.com/about-us,2026-09-07 05:29:12
http://devinodell.kesug.com,404,Error_404,http://devinodell.kesug.com/privacy-policy,2026-09-07 05:29:12
http://leticiahancock.iblogger.org,404,Error_404,http://leticiahancock.iblogger.org/about-us,2026-09-07 05:29:12
http://terifiednewsday.wuaze.com,404,Error_404,http://terifiednewsday.wuaze.com/about-us,2026-09-07 05:29:12
http://liampiper.great-site.net,404,Error_404,http://liampiper.great-site.net/privacy-policy,2026-09-07 05:29:12
http://dianasweeney.lovestoblog.com,404,Error_404,http://dianasweeney.lovestoblog.com/about-us,2026-09-07 05:29:12
http://newsroughwords.nichesite.org,404,Error_404,http://newsroughwords.nichesite.org/contact-us,2026-09-07 05:29:12
http://valentinvilla.is-great.org,404,Error_404,http://valentinvilla.is-great.org/privacy-policy,2026-09-07 05:29:12
http://angelitarivas.lovestoblog.com,404,Error_404,http://angelitarivas.lovestoblog.com/about-us,2026-09-07 05:29:12
http://jeremiaslee.is-great.net,404,Error_404,http://jeremiaslee.is-great.net/about-us,2026-09-07 05:29:12
http://abdirarowe.is-best.net,404,Error_404,http://abdirarowe.is-best.net/about-us,2026-09-07 05:29:12
http://millabrownlee.is-great.org,404,Error_404,http://millabrownlee.is-great.org/,2026-09-07 05:29:12
http://jaiprevost.wuaze.com,404,Error_404,http://jaiprevost.wuaze.com/privacy-policy,2026-09-07 05:29:12
http://archiedufield.my-style.in,404,Error_404,http://archiedufield.my-style.in/about-us,2026-09-07 05:29:12
http://esteladoug.iblogger.org,404,Error_404,http://esteladoug.iblogger.org/contact-us,2026-09-07 05:29:12
http://sethcooley.is-great.net,404,Error_404,http://sethcooley.is-great.net/contact-us,2026-09-07 05:29:12
http://dannysheppard.iblogger.org,404,Error_404,http://dannysheppard.iblogger.org/privacy-policy,2026-09-07 05:29:12
http://isabejenkins.is-great.net,404,Error_404,http://isabejenkins.is-great.net/contact-us,2026-09-07 05:29:12
http://fermimill.lovestoblog.com,404,Error_404,http://fermimill.lovestoblog.com/about-us,2026-09-07 05:29:12
http://ambroserodgers.iblogger.org,404,Error_404,http://ambroserodgers.iblogger.org/privacy-policy,2026-09-07 05:29:12
http://mackhammond.is-great.net,404,Error_404,http://mackhammond.is-great.net/about-us,2026-09-07 05:29:12
http://blazebreeze.is-best.net,404,Error_404,http://blazebreeze.is-best.net/contact-us,2026-09-07 05:29:12
http://dailydispatch.infinityfreeapp.com,404,Error_404,http://dailydispatch.infinityfreeapp.com/privacy-policy,2026-09-07 05:29:12
http://angelblackmon.is-best.net,404,Error_404,http://angelblackmon.is-best.net/about-us,2026-09-07 05:29:12
http://estherbaker.wuaze.com,0,Invalid/Down,N/A,2026-09-07 05:29:12
http://newssentinelando.is-best.net,404,Error_404,http://newssentinelando.is-best.net/privacy-policy,2026-09-07 05:29:12
http://elinaholland.kesug.com,404,Error_404,http://elinaholland.kesug.com/privacy-policy,2026-09-07 05:29:12
http://noahnorris.is-great.net,404,Error_404,http://noahnorris.is-great.net/privacy-policy,2026-09-07 05:29:12
http://andilowery.iblogger.org,404,Error_404,http://andilowery.iblogger.org/privacy-policy,2026-09-07 05:29:12
http://xaviernewson.is-best.net,404,Error_404,http://xaviernewson.is-best.net/privacy-policy,2026-09-07 05:29:12
http://alishachavez.is-best.net,404,Error_404,http://alishachavez.is-best.net/,2026-09-07 05:29:12
http://alicrick.kesug.com,404,Error_404,http://alicrick.kesug.com/privacy-policy,2026-09-07 05:29:12
http://lukaswiesner.is-best.net,404,Error_404,http://lukaswiesner.is-best.net/privacy-policy,2026-09-07 05:29:12
http://robertkeller.fanclub.rocks,404,Error_404,http://robertkeller.fanclub.rocks/about-us,2026-09-07 05:29:12
http://heraldcalgary.fanclub.rocks,404,Error_404,http://heraldcalgary.fanclub.rocks/privacy-policy,2026-09-07 05:29:12
http://amayahardin.lovestoblog.com,404,Error_404,http://amayahardin.lovestoblog.com/about-us,2026-09-07 05:29:12
http://benjaminburford.wuaze.com,404,Error_404,http://benjaminburford.wuaze.com/about-us,2026-09-07 05:29:12
http://brigidasalvador.wuaze.com,404,Error_404,http://brigidasalvador.wuaze.com/contact-us,2026-09-07 05:29:12
http://radiantrhapsody.is-great.org,404,Error_404,http://radiantrhapsody.is-great.org/privacy-policy,2026-09-07 05:29:12
http://dianacampbell.lovestoblog.com,404,Error_404,http://dianacampbell.lovestoblog.com/contact-us,2026-09-07 05:29:12
http://lachlansykes.great-site.net,404,Error_404,http://lachlansykes.great-site.net/contact-us,2026-09-07 05:29:12
http://bryanshepard.iblogger.org,404,Error_404,http://bryanshepard.iblogger.org/about-us,2026-09-07 05:29:12
http://zionvargas.iblogger.org,404,Error_404,http://zionvargas.iblogger.org/contact-us,2026-09-07 05:29:12
http://xiomarahof.kesug.com,404,Error_404,http://xiomarahof.kesug.com/privacy-policy,2026-09-07 05:29:12
http://julianaschuster.iblogger.org,404,Error_404,http://julianaschuster.iblogger.org/privacy-policy,2026-09-07 05:29:12
http://leighkimball.kesug.com,404,Error_404,http://leighkimball.kesug.com/contact-us,2026-09-07 05:29:12
http://cornellmorales.wuaze.com,404,Error_404,http://cornellmorales.wuaze.com/contact-us,2026-09-07 05:29:12
http://dhatteraapital.kesug.com,404,Error_404,http://dhatteraapital.kesug.com/privacy-policy,2026-09-07 05:29:12
http://barbaramay.is-best.net,404,Error_404,http://barbaramay.is-best.net/contact-us,2026-09-07 05:29:12
http://stephnieziman.kesug.com,404,Error_404,http://stephnieziman.kesug.com/,2026-09-07 05:29:12
http://penelorush.great-site.net,404,Error_404,http://penelorush.great-site.net/contact-us,2026-09-07 05:29:12
http://lizalaug.is-great.org,404,Error_404,http://lizalaug.is-great.org/about-us,2026-09-07 05:29:12
http://callumfabinyi.is-best.net,404,Error_404,http://callumfabinyi.is-best.net/about-us,2026-09-07 05:29:12
http://denaneff.wuaze.com,404,Error_404,http://denaneff.wuaze.com/about-us,2026-09-07 05:29:12
http://shadowseeke.nichesite.org,404,Error_404,http://shadowseeke.nichesite.org/,2026-09-07 05:29:12
http://bityscopnews.fast-page.org,404,Error_404,http://bityscopnews.fast-page.org/about-us,2026-09-07 05:29:12
http://masongledson.kesug.com,404,Error_404,http://masongledson.kesug.com/privacy-policy,2026-09-07 05:29:12
http://abdielpaul.iblogger.org,404,Error_404,http://abdielpaul.iblogger.org/contact-us,2026-09-07 05:29:12
http://echoesember.wuaze.com,404,Error_404,http://echoesember.wuaze.com/contact-us,2026-09-07 05:29:12
http://harrisonberry.lovestoblog.com,404,Error_404,http://harrisonberry.lovestoblog.com/contact-us,2026-09-07 05:29:12
http://sounderatlanta.wuaze.com,404,Error_404,http://sounderatlanta.wuaze.com/privacy-policy,2026-09-07 05:29:12
http://aidenwright.lovestoblog.com,404,Error_404,http://aidenwright.lovestoblog.com/contact-us,2026-09-07 05:29:12
http://liandean.kesug.com,404,Error_404,http://liandean.kesug.com/privacy-policy,2026-09-07 05:29:12
http://sebstianehrlmann.iblogger.org,404,Error_404,http://sebstianehrlmann.iblogger.org/privacy-policy,2026-09-07 05:29:12
http://janjanovotny.lovestoblog.com,404,Error_404,http://janjanovotny.lovestoblog.com/contact-us,2026-09-07 05:29:12
http://janbright.iblogger.org,404,Error_404,http://janbright.iblogger.org/about-us,2026-09-07 05:29:12
http://makaylamoses.wuaze.com,404,Error_404,http://makaylamoses.wuaze.com/contact-us,2026-09-07 05:29:12
http://leonardolson.is-great.org,404,Error_404,http://leonardolson.is-great.org/contact-us,2026-09-07 05:29:12
http://maximobriggs.great-site.net,404,Error_404,http://maximobriggs.great-site.net/about-us,2026-09-07 05:29:12
http://dangelobaxter.iblogger.org,404,Error_404,http://dangelobaxter.iblogger.org/privacy-policy,2026-09-07 05:29:12
http://geraldsharma.great-site.net,404,Error_404,http://geraldsharma.great-site.net/contact-us,2026-09-07 05:29:12
http://emmafoley.wuaze.com,404,Error_404,http://emmafoley.wuaze.com/contact-us,2026-09-07 05:29:12
http://aydenkenna.wuaze.com,404,Error_404,http://aydenkenna.wuaze.com/about-us,2026-09-07 05:29:12
http://kasonbarrett.is-best.net,404,Error_404,http://kasonbarrett.is-best.net/about-us,2026-09-07 05:29:12
http://callievolkman.is-best.net,404,Error_404,http://callievolkman.is-best.net/privacy-policy,2026-09-07 05:29:12
http://edcarrillo.is-great.net,404,Error_404,http://edcarrillo.is-great.net/contact-us,2026-09-07 05:29:12
http://dorthyculough.iblogger.org,404,Error_404,http://dorthyculough.iblogger.org/about-us,2026-09-07 05:29:12
http://coralialexan.is-great.net,404,Error_404,http://coralialexan.is-great.net/about-us,2026-09-07 05:29:12
http://dailythepost.kesug.com,404,Error_404,http://dailythepost.kesug.com/contact-us,2026-09-07 05:29:12
http://emmymay.is-best.net,404,Error_404,http://emmymay.is-best.net/privacy-policy,2026-09-07 05:29:12
http://kalanipacheco.is-great.net,404,Error_404,http://kalanipacheco.is-great.net/contact-us,2026-09-07 05:29:12
http://thenewsmarkbowman.kesug.com,404,Error_404,http://thenewsmarkbowman.kesug.com/,2026-09-07 05:29:12
http://arthursavage.wuaze.com,404,Error_404,http://arthursavage.wuaze.com/privacy-policy,2026-09-07 05:29:12
http://alanreid.is-great.net,404,Error_404,http://alanreid.is-great.net/contact-us,2026-09-07 05:29:12
http://tyriqsuthe.iblogger.org,404,Error_404,http://tyriqsuthe.iblogger.org/about-us,2026-09-07 05:29:12
http://anaisperkins.wuaze.com,404,Error_404,http://anaisperkins.wuaze.com/about-us,2026-09-07 05:29:12
http://lukemulvany.great-site.net,404,Error_404,http://lukemulvany.great-site.net/privacy-policy,2026-09-07 05:29:12
http://cecilhardy.is-best.net,404,Error_404,http://cecilhardy.is-best.net/about-us,2026-09-07 05:29:12
http://dylanaguirre.iblogger.org,404,Error_404,http://dylanaguirre.iblogger.org/privacy-policy,2026-09-07 05:29:12
http://mariafragoso.lovestoblog.com,404,Error_404,http://mariafragoso.lovestoblog.com/about-us,2026-09-07 05:29:12
http://travismcintosh.iblogger.org,404,Error_404,http://travismcintosh.iblogger.org/,2026-09-07 05:29:12
http://chloesowers.great-site.net,404,Error_404,http://chloesowers.great-site.net/privacy-policy,2026-09-07 05:29:12
http://theresagraham.lovestoblog.com,404,Error_404,http://theresagraham.lovestoblog.com/about-us,2026-09-07 05:29:12
http://michaelaorozco.lovestoblog.com,404,Error_404,http://michaelaorozco.lovestoblog.com/contact-us,2026-09-07 05:29:12
http://elexiswilley.is-best.net,404,Error_404,http://elexiswilley.is-best.net/privacy-policy,2026-09-07 05:29:12
http://striderstorm.kesug.com,404,Error_404,http://striderstorm.kesug.com/about-us,2026-09-07 05:29:12
http://sandrareiniger.is-great.org,404,Error_404,http://sandrareiniger.is-great.org/about-us,2026-09-07 05:29:12
http://carmenmacias.wuaze.com,0,Invalid/Down,N/A,2026-09-07 05:29:12
http://esmerameyer.lovestoblog.com,404,Error_404,http://esmerameyer.lovestoblog.com/about-us,2026-09-07 05:29:12
http://erikflynn.likesyou.org,0,Invalid/Down,N/A,2026-09-07 05:29:12
http://zaynford.iblogger.org,404,Error_404,http://zaynford.iblogger.org/privacy-policy,2026-09-07 05:29:12
http://steanflcher.loveslife.biz,404,Error_404,http://steanflcher.loveslife.biz/contact-us,2026-09-07 05:29:12
http://willynewman.kesug.com,404,Error_404,http://willynewman.kesug.com/contact-us,2026-09-07 05:29:12
http://daisysheppard.wuaze.com,404,Error_404,http://daisysheppard.wuaze.com/contact-us,2026-09-07 05:29:12
http://leilarios.is-best.net,404,Error_404,http://leilarios.is-best.net/contact-us,2026-09-07 05:29:12
http://meganmorrison.kesug.com,404,Error_404,http://meganmorrison.kesug.com/about-us,2026-09-07 05:29:12
http://hannahrempel.iblogger.org,404,Error_404,http://hannahrempel.iblogger.org/,2026-09-07 05:29:12
http://rosalbazani.is-best.net,404,Error_404,http://rosalbazani.is-best.net/about-us,2026-09-07 05:29:12
http://corewagner.iblogger.org,404,Error_404,http://corewagner.iblogger.org/about-us,2026-09-07 05:29:12
http://alyssafrederic.is-great.net,404,Error_404,http://alyssafrederic.is-great.net/privacy-policy,2026-09-07 05:29:12
http://ariannapratt.iblogger.org,404,Error_404,http://ariannapratt.iblogger.org/contact-us,2026-09-07 05:29:12
http://glennblevin.is-great.org,404,Error_404,http://glennblevin.is-great.org/about-us,2026-09-07 05:29:12
http://vanbauer.is-great.net,404,Error_404,http://vanbauer.is-great.net/about-us,2026-09-07 05:29:12
http://denisstaggs.lovestoblog.com,404,Error_404,http://denisstaggs.lovestoblog.com/privacy-policy,2026-09-07 05:29:12
http://independentthenews.wuaze.com,404,Error_404,http://independentthenews.wuaze.com/privacy-policy,2026-09-07 05:29:12
http://gemmaperini.iblogger.org,404,Error_404,http://gemmaperini.iblogger.org/about-us,2026-09-07 05:29:12
http://alexanderxu.great-site.net,404,Error_404,http://alexanderxu.great-site.net/privacy-policy,2026-09-07 05:29:12
http://ronanmeyers.is-best.net,404,Error_404,http://ronanmeyers.is-best.net/about-us,2026-09-07 05:29:12
http://publicsouthre.lovestoblog.com,404,Error_404,http://publicsouthre.lovestoblog.com/,2026-09-07 05:29:12
http://ayaibarra.lovestoblog.com,404,Error_404,http://ayaibarra.lovestoblog.com/privacy-policy,2026-09-07 05:29:12
http://levioxenham.kesug.com,404,Error_404,http://levioxenham.kesug.com/privacy-policy,2026-09-07 05:29:12
http://lukedehamel.great-site.net,404,Error_404,http://lukedehamel.great-site.net/about-us,2026-09-07 05:29:12
http://emberphoenix.wuaze.com,404,Error_404,http://emberphoenix.wuaze.com/privacy-policy,2026-09-07 05:29:12
http://eloraford.kesug.com,404,Error_404,http://eloraford.kesug.com/contact-us,2026-09-07 05:29:12
http://emberechoes.my-board.org,404,Error_404,http://emberechoes.my-board.org/contact-us,2026-09-07 05:29:12
http://davidschoenheimer.is-great.org,404,Error_404,http://davidschoenheimer.is-great.org/privacy-policy,2026-09-07 05:29:12
http://xaviermota.lovestoblog.com,404,Error_404,http://xaviermota.lovestoblog.com/privacy-policy,2026-09-07 05:29:12
http://jinklapwijk.is-great.net,404,Error_404,http://jinklapwijk.is-great.net/,2026-09-07 05:29:12
http://oliverkeller.kesug.com,404,Error_404,http://oliverkeller.kesug.com/contact-us,2026-09-07 05:29:12
http://rubenmullen.wuaze.com,404,Error_404,http://rubenmullen.wuaze.com/about-us,2026-09-07 05:29:12
http://arturoserrano.wuaze.com,404,Error_404,http://arturoserrano.wuaze.com/privacy-policy,2026-09-07 05:29:12
http://aligreiner.is-great.net,404,Error_404,http://aligreiner.is-great.net/contact-us,2026-09-07 05:29:12
http://chicagotribune.is-best.net,404,Error_404,http://chicagotribune.is-best.net/,2026-09-07 05:29:12
http://valarieanthony.is-great.net,404,Error_404,http://valarieanthony.is-great.net/about-us,2026-09-07 05:29:12
http://spectrumsentinel.wuaze.com,404,Error_404,http://spectrumsentinel.wuaze.com/contact-us,2026-09-07 05:29:12
http://kailikwon.is-best.net,0,Invalid/Down,N/A,2026-09-07 05:29:12
http://danalowery.kesug.com,404,Error_404,http://danalowery.kesug.com/privacy-policy,2026-09-07 05:29:12
http://deborapesce.kesug.com,404,Error_404,http://deborapesce.kesug.com/privacy-policy,2026-09-07 05:29:12
http://emilybailey.great-site.net,404,Error_404,http://emilybailey.great-site.net/about-us,2026-09-07 05:29:12
http://miltonbenitez.is-best.net,404,Error_404,http://miltonbenitez.is-best.net/privacy-policy,2026-09-07 05:29:12
http://theinsidekogwarts.is-best.net,404,Error_404,http://theinsidekogwarts.is-best.net/,2026-09-07 05:29:12
http://devonouimet.iblogger.org,404,Error_404,http://devonouimet.iblogger.org/contact-us,2026-09-07 05:29:12
http://rachelleruss.is-great.org,404,Error_404,http://rachelleruss.is-great.org/privacy-policy,2026-09-07 05:29:12
http://lennyfinley.lovestoblog.com,404,Error_404,http://lennyfinley.lovestoblog.com/about-us,2026-09-07 05:29:12
http://washingtonpost.lovestoblog.com,404,Error_404,http://washingtonpost.lovestoblog.com/contact-us,2026-09-07 05:29:12
http://citystarkansas.kesug.com,404,Error_404,http://citystarkansas.kesug.com/about-us,2026-09-07 05:29:12
http://edwinvelas.is-best.net,404,Error_404,http://edwinvelas.is-best.net/about-us,2026-09-07 05:29:12
http://sierranixon.iblogger.org,404,Error_404,http://sierranixon.iblogger.org/about-us,2026-09-07 05:29:12
http://alessblack.is-great.org,404,Error_404,http://alessblack.is-great.org/contact-us,2026-09-07 05:29:12
http://shirleyparsons.kesug.com,404,Error_404,http://shirleyparsons.kesug.com/contact-us,2026-09-07 05:29:12
http://leonardsampson.kesug.com,404,Error_404,http://leonardsampson.kesug.com/privacy-policy,2026-09-07 05:29:12
http://dianaschaefer.is-great.net,404,Error_404,http://dianaschaefer.is-great.net/about-us,2026-09-07 05:29:12
http://waltherlettner.kesug.com,404,Error_404,http://waltherlettner.kesug.com/privacy-policy,2026-09-07 05:29:12
http://zyairearnold.is-great.net,404,Error_404,http://zyairearnold.is-great.net/privacy-policy,2026-09-07 05:29:12
http://rishibambacht.wuaze.com,404,Error_404,http://rishibambacht.wuaze.com/contact-us,2026-09-07 05:29:12
http://trishashook.kesug.com,404,Error_404,http://trishashook.kesug.com/about-us,2026-09-07 05:29:12
http://coryhopper.wuaze.com,404,Error_404,http://coryhopper.wuaze.com/contact-us,2026-09-07 05:29:12
http://ninaschmitt.lovestoblog.com,404,Error_404,http://ninaschmitt.lovestoblog.com/contact-us,2026-09-07 05:29:12
http://nathancampbell.great-site.net,404,Error_404,http://nathancampbell.great-site.net/contact-us,2026-09-07 05:29:12
http://alicelang.lovestoblog.com,404,Error_404,http://alicelang.lovestoblog.com/privacy-policy,2026-09-07 05:29:12
http://jillslack.is-best.net,404,Error_404,http://jillslack.is-best.net/about-us,2026-09-07 05:29:12
http://bilaldoyle.is-great.org,404,Error_404,http://bilaldoyle.is-great.org/about-us,2026-09-07 05:29:12
http://everettcarter.is-great.org,404,Error_404,http://everettcarter.is-great.org/about-us,2026-09-07 05:29:12
http://lashleymargaret.totalh.net,404,Error_404,http://lashleymargaret.totalh.net/contact-us,2026-09-07 05:29:12
http://stonesteen.wuaze.com,404,Error_404,http://stonesteen.wuaze.com/contact-us,2026-09-07 05:29:12
http://eclipsember.great-site.net,404,Error_404,http://eclipsember.great-site.net/contact-us,2026-09-07 05:29:12
http://sarahmay.lovestoblog.com,404,Error_404,http://sarahmay.lovestoblog.com/privacy-policy,2026-09-07 05:29:12
http://tvrtkomarusic.likesyou.org,404,Error_404,http://tvrtkomarusic.likesyou.org/contact-us,2026-09-07 05:29:12
http://elvafarmer.is-great.net,404,Error_404,http://elvafarmer.is-great.net/,2026-09-07 05:29:12
http://storyseeker.iblogger.org,404,Error_404,http://storyseeker.iblogger.org/privacy-policy,2026-09-07 05:29:12
http://adolphjacobs.great-site.net,404,Error_404,http://adolphjacobs.great-site.net/privacy-policy,2026-09-07 05:29:12
http://raquelcarreon.wuaze.com,404,Error_404,http://raquelcarreon.wuaze.com/about-us,2026-09-07 05:29:12
http://gomezjeffery.great-site.net,404,Error_404,http://gomezjeffery.great-site.net/privacy-policy,2026-09-07 05:29:12
http://nathansimpson.wuaze.com,404,Error_404,http://nathansimpson.wuaze.com/contact-us,2026-09-07 05:29:12
http://noelleung.is-great.net,404,Error_404,http://noelleung.is-great.net/privacy-policy,2026-09-07 05:29:12
http://drewfry.kesug.com,404,Error_404,http://drewfry.kesug.com/contact-us,2026-09-07 05:29:12
http://nixonpadilla.iblogger.org,404,Error_404,http://nixonpadilla.iblogger.org/about-us,2026-09-07 05:29:12
http://lulasmith.iblogger.org,404,Error_404,http://lulasmith.iblogger.org/privacy-policy,2026-09-07 05:29:12
http://dominiclush.kesug.com,404,Error_404,http://dominiclush.kesug.com/privacy-policy,2026-09-07 05:29:12
http://surorarospect.loveslife.biz,404,Error_404,http://surorarospect.loveslife.biz/privacy-policy,2026-09-07 05:29:12
http://madelynshelton.kesug.com,404,Error_404,http://madelynshelton.kesug.com/about-us,2026-09-07 05:29:12
http://dianedurham.is-best.net,404,Error_404,http://dianedurham.is-best.net/privacy-policy,2026-09-07 05:29:12
http://kraigoneal.kesug.com,404,Error_404,http://kraigoneal.kesug.com/privacy-policy,2026-09-07 05:29:12
http://blazebloom.is-great.net,404,Error_404,http://blazebloom.is-great.net/privacy-policy,2026-09-07 05:29:12
http://christophermealmaker.is-best.net,404,Error_404,http://christophermealmaker.is-best.net/contact-us,2026-09-07 05:29:12
http://maryharry.is-best.net,404,Suspended,https://suspended-domain.net/index.php?host=maryharry.is-best.net,2026-09-07 05:29:12
http://huckleelmthenews.great-site.net,404,Error_404,http://huckleelmthenews.great-site.net/privacy-policy,2026-09-07 05:29:12
http://vanessamacleod.is-best.net,404,Error_404,http://vanessamacleod.is-best.net/about-us,2026-09-07 05:29:12
http://anastabazan.is-great.net,404,Error_404,http://anastabazan.is-great.net/privacy-policy,2026-09-07 05:29:12
http://carlyschaefer.iblogger.org,404,Error_404,http://carlyschaefer.iblogger.org/about-us,2026-09-07 05:29:12
http://dharmlhic.lovestoblog.com,404,Error_404,http://dharmlhic.lovestoblog.com/about-us,2026-09-07 05:29:12
http://kelsieashcraft.great-site.net,404,Error_404,http://kelsieashcraft.great-site.net/about-us,2026-09-07 05:29:12
http://carriecalhoun.iblogger.org,404,Error_404,http://carriecalhoun.iblogger.org/about-us,2026-09-07 05:29:12
http://tanishaflaher.lovestoblog.com,404,Error_404,http://tanishaflaher.lovestoblog.com/,2026-09-07 05:29:12
http://kellinewsome.is-great.net,404,Error_404,http://kellinewsome.is-great.net/privacy-policy,2026-09-07 05:29:12
http://elwoodsanford.is-best.net,404,Error_404,http://elwoodsanford.is-best.net/privacy-policy,2026-09-07 05:29:12
http://kellytanner.wuaze.com,404,Error_404,http://kellytanner.wuaze.com/about-us,2026-09-07 05:29:12
http://eileenarnold.great-site.net,404,Error_404,http://eileenarnold.great-site.net/contact-us,2026-09-07 05:29:12
http://giustolazzaro.wuaze.com,404,Error_404,http://giustolazzaro.wuaze.com/privacy-policy,2026-09-07 05:29:12
http://jiaschoots.is-best.net,404,Error_404,http://jiaschoots.is-best.net/privacy-policy,2026-09-07 05:29:12
http://axellambert.iblogger.org,404,Error_404,http://axellambert.iblogger.org/contact-us,2026-09-07 05:29:12
http://magjovanovic.is-great.net,404,Error_404,http://magjovanovic.is-great.net/about-us,2026-09-07 05:29:12
http://milahickman.kesug.com,404,Error_404,http://milahickman.kesug.com/about-us,2026-09-07 05:29:12
http://lorabaker.iblogger.org,404,Error_404,http://lorabaker.iblogger.org/contact-us,2026-09-07 05:29:12
http://jahinstevens.is-great.net,404,Error_404,http://jahinstevens.is-great.net/about-us,2026-09-07 05:29:12
http://sequoiahamel.is-best.net,404,Error_404,http://sequoiahamel.is-best.net/contact-us,2026-09-07 05:29:12
http://gamefamenews.fast-page.org,404,Error_404,http://gamefamenews.fast-page.org/,2026-09-07 05:29:12
http://keirasodeman.wuaze.com,404,Error_404,http://keirasodeman.wuaze.com/about-us,2026-09-07 05:29:12
http://huntermcgir.is-great.net,404,Error_404,http://huntermcgir.is-great.net/about-us,2026-09-07 05:29:12
http://jaelynntruji.wuaze.com,404,Error_404,http://jaelynntruji.wuaze.com/privacy-policy,2026-09-07 05:29:12
http://alisonware.great-site.net,404,Error_404,http://alisonware.great-site.net/privacy-policy,2026-09-07 05:29:12
http://jaxenrogers.is-great.org,404,Error_404,http://jaxenrogers.is-great.org/contact-us,2026-09-07 05:29:12
http://sybillloyd.is-great.net,404,Error_404,http://sybillloyd.is-great.net/contact-us,2026-09-07 05:29:12
http://cierrashell.wuaze.com,404,Error_404,http://cierrashell.wuaze.com/about-us,2026-09-07 05:29:12
http://kevinrees.wuaze.com,0,Invalid/Down,N/A,2026-09-07 05:29:12
http://luisahuber.is-best.net,404,Error_404,http://luisahuber.is-best.net/privacy-policy,2026-09-07 05:29:12
http://lilyfranklin.lovestoblog.com,404,Error_404,http://lilyfranklin.lovestoblog.com/about-us,2026-09-07 05:29:12
http://kyronpatton.is-best.net,404,Error_404,http://kyronpatton.is-best.net/about-us,2026-09-07 05:29:12
http://anasimmons.kesug.com,404,Error_404,http://anasimmons.kesug.com/contact-us,2026-09-07 05:29:12
http://bridgergray.is-best.net,404,Error_404,http://bridgergray.is-best.net/privacy-policy,2026-09-07 05:29:12
http://jessicameudell.lovestoblog.com,404,Error_404,http://jessicameudell.lovestoblog.com/about-us,2026-09-07 05:29:12
http://donkerr.wuaze.com,404,Error_404,http://donkerr.wuaze.com/,2026-09-07 05:29:12
http://aurelioalexander.is-best.net,404,Error_404,http://aurelioalexander.is-best.net/about-us,2026-09-07 05:29:12
http://spencerwootton.lovestoblog.com,404,Error_404,http://spencerwootton.lovestoblog.com/contact-us,2026-09-07 05:29:12
http://kelseyboone.is-best.net,404,Error_404,http://kelseyboone.is-best.net/about-us,2026-09-07 05:29:12
http://skylarvance.kesug.com,404,Error_404,http://skylarvance.kesug.com/privacy-policy,2026-09-07 05:29:12
http://shadowshade.nichesite.org,404,Error_404,http://shadowshade.nichesite.org/privacy-policy,2026-09-07 05:29:12
http://muhammadcadieux.kesug.com,404,Error_404,http://muhammadcadieux.kesug.com/about-us,2026-09-07 05:29:12
http://everettshah.iblogger.org,404,Error_404,http://everettshah.iblogger.org/about-us,2026-09-07 05:29:12
http://dewigille.is-best.net,404,Error_404,http://dewigille.is-best.net/privacy-policy,2026-09-07 05:29:12
http://thereseauclair.is-best.net,404,Error_404,http://thereseauclair.is-best.net/contact-us,2026-09-07 05:29:12
http://mohammadgunn.wuaze.com,404,Error_404,http://mohammadgunn.wuaze.com/privacy-policy,2026-09-07 05:29:12
http://marycarr.iblogger.org,404,Error_404,http://marycarr.iblogger.org/contact-us,2026-09-07 05:29:12
http://vilmacurry.wuaze.com,404,Error_404,http://vilmacurry.wuaze.com/,2026-09-07 05:29:12
http://pamhood.kesug.com,404,Error_404,http://pamhood.kesug.com/privacy-policy,2026-09-07 05:29:12
http://hollyquinn.is-best.net,404,Error_404,http://hollyquinn.is-best.net/privacy-policy,2026-09-07 05:29:12
http://thomasdelacruz.wuaze.com,404,Error_404,http://thomasdelacruz.wuaze.com/contact-us,2026-09-07 05:29:12
http://fredherman.wuaze.com,404,Error_404,http://fredherman.wuaze.com/,2026-09-07 05:29:12
http://briannaortega.kesug.com,404,Error_404,http://briannaortega.kesug.com/about-us,2026-09-07 05:29:12
http://porcarobrandon.great-site.net,404,Error_404,http://porcarobrandon.great-site.net/about-us,2026-09-07 05:29:12
http://laytonkraus.wuaze.com,404,Error_404,http://laytonkraus.wuaze.com/privacy-policy,2026-09-07 05:29:12
http://deloresshaw.great-site.net,404,Error_404,http://deloresshaw.great-site.net/contact-us,2026-09-07 05:29:12
http://rickeyfuller.wuaze.com,404,Error_404,http://rickeyfuller.wuaze.com/contact-us,2026-09-07 05:29:12
http://antonycole.great-site.net,404,Error_404,http://antonycole.great-site.net/privacy-policy,2026-09-07 05:29:12
http://colettechristie.great-site.net,404,Error_404,http://colettechristie.great-site.net/contact-us,2026-09-07 05:29:12
http://bettiebright.is-best.net,404,Error_404,http://bettiebright.is-best.net/contact-us,2026-09-07 05:29:12
http://sunlitshadow.is-great.net,404,Error_404,http://sunlitshadow.is-great.net/about-us,2026-09-07 05:29:12
http://poppyjordan.lovestoblog.com,404,Error_404,http://poppyjordan.lovestoblog.com/contact-us,2026-09-07 05:29:12
http://phenolthenews.lovestoblog.com,404,Error_404,http://phenolthenews.lovestoblog.com/about-us,2026-09-07 05:29:12
http://nertilasharma.wuaze.com,404,Error_404,http://nertilasharma.wuaze.com/about-us,2026-09-07 05:29:12
http://sabastamayo.iblogger.org,404,Error_404,http://sabastamayo.iblogger.org/about-us,2026-09-07 05:29:12
http://alliballard.is-best.net,404,Error_404,http://alliballard.is-best.net/privacy-policy,2026-09-07 05:29:12
http://bradleyshepherd.is-best.net,404,Error_404,http://bradleyshepherd.is-best.net/about-us,2026-09-07 05:29:12
http://giusifusco.lovestoblog.com,404,Error_404,http://giusifusco.lovestoblog.com/privacy-policy,2026-09-07 05:29:12
http://bryantbenton.is-best.net,404,Error_404,http://bryantbenton.is-best.net/privacy-policy,2026-09-07 05:29:12
http://zaneshea.lovestoblog.com,404,Error_404,http://zaneshea.lovestoblog.com/privacy-policy,2026-09-07 05:29:12
http://pressodde.lovestoblog.com,404,Error_404,http://pressodde.lovestoblog.com/contact-us,2026-09-07 05:29:12
http://edwardross.is-great.net,404,Error_404,http://edwardross.is-great.net/privacy-policy,2026-09-07 05:29:12
http://sunlitsoul.my-style.in,404,Error_404,http://sunlitsoul.my-style.in/about-us,2026-09-07 05:29:12
http://norahdutton.kesug.com,404,Error_404,http://norahdutton.kesug.com/privacy-policy,2026-09-07 05:29:12
http://harmonyharbinger.lovestoblog.com,404,Error_404,http://harmonyharbinger.lovestoblog.com/about-us,2026-09-07 05:29:12
http://oceanoracle.iblogger.org,404,Error_404,http://oceanoracle.iblogger.org/about-us,2026-09-07 05:29:12
http://ruthierowe.kesug.com,404,Error_404,http://ruthierowe.kesug.com/privacy-policy,2026-09-07 05:29:12
http://todaytheindian.iblogger.org,404,Error_404,http://todaytheindian.iblogger.org/about-us,2026-09-07 05:29:12
http://countryssource.nichesite.org,404,Error_404,http://countryssource.nichesite.org/privacy-policy,2026-09-07 05:29:12
http://athenastalling.is-great.org,404,Error_404,http://athenastalling.is-great.org/about-us,2026-09-07 05:29:12
http://johnsoncody.is-great.net,404,Error_404,http://johnsoncody.is-great.net/privacy-policy,2026-09-07 05:29:12
http://maxtonlozano.iblogger.org,404,Error_404,http://maxtonlozano.iblogger.org/about-us,2026-09-07 05:29:12
http://cristinalogan.kesug.com,404,Error_404,http://cristinalogan.kesug.com/contact-us,2026-09-07 05:29:12
http://hannahduke.is-great.org,404,Error_404,http://hannahduke.is-great.org/privacy-policy,2026-09-07 05:29:12
http://drewbrock.kesug.com,404,Error_404,http://drewbrock.kesug.com/contact-us,2026-09-07 05:29:12
http://spencerlind.great-site.net,404,Error_404,http://spencerlind.great-site.net/privacy-policy,2026-09-07 05:29:12
http://pamelakeefe.is-great.net,404,Error_404,http://pamelakeefe.is-great.net/privacy-policy,2026-09-07 05:29:12
http://auroraalloy.is-best.net,404,Error_404,http://auroraalloy.is-best.net/about-us,2026-09-07 05:29:12
http://bronspalermo.lovestoblog.com,404,Error_404,http://bronspalermo.lovestoblog.com/contact-us,2026-09-07 05:29:12
http://zenithzen.totalh.net,404,Error_404,http://zenithzen.totalh.net/,2026-09-07 05:29:12
http://sonnewsthehughnel.lovestoblog.com,404,Error_404,http://sonnewsthehughnel.lovestoblog.com/,2026-09-07 05:29:12
http://everethines.iblogger.org,404,Error_404,http://everethines.iblogger.org/about-us,2026-09-07 05:29:12
http://hongdelisle.my-board.org,404,Error_404,http://hongdelisle.my-board.org/about-us,2026-09-07 05:29:12
http://leannefitz.iblogger.org,404,Error_404,http://leannefitz.iblogger.org/about-us,2026-09-07 05:29:12
http://madisondownes.wuaze.com,404,Error_404,http://madisondownes.wuaze.com/contact-us,2026-09-07 05:29:12
http://wilsonguerin.is-great.net,404,Error_404,http://wilsonguerin.is-great.net/about-us,2026-09-07 05:29:12
http://reginasamson.is-best.net,404,Error_404,http://reginasamson.is-best.net/privacy-policy,2026-09-07 05:29:12
http://karsynkemp.iblogger.org,404,Error_404,http://karsynkemp.iblogger.org/about-us,2026-09-07 05:29:12
http://bowmanalexan.iblogger.org,404,Error_404,http://bowmanalexan.iblogger.org/privacy-policy,2026-09-07 05:29:12
http://evergreenenigma.kesug.com,404,Error_404,http://evergreenenigma.kesug.com/about-us,2026-09-07 05:29:12
http://earleduncan.wuaze.com,404,Error_404,http://earleduncan.wuaze.com/privacy-policy,2026-09-07 05:29:12
http://legacytrejo.kesug.com,404,Error_404,http://legacytrejo.kesug.com/contact-us,2026-09-07 05:29:12
http://warnertyler.iblogger.org,404,Error_404,http://warnertyler.iblogger.org/privacy-policy,2026-09-07 05:29:12
http://edeltrauthuber.is-best.net,404,Error_404,http://edeltrauthuber.is-best.net/about-us,2026-09-07 05:29:12
http://oscarlush.is-best.net,404,Error_404,http://oscarlush.is-best.net/about-us,2026-09-07 05:29:12
http://brandyclements.is-best.net,404,Error_404,http://brandyclements.is-best.net/privacy-policy,2026-09-07 05:29:12
http://tempestthunder.great-site.net,404,Error_404,http://tempestthunder.great-site.net/contact-us,2026-09-07 05:29:12
http://morgansutton.lovestoblog.com,404,Error_404,http://morgansutton.lovestoblog.com/privacy-policy,2026-09-07 05:29:12
http://emmaroth.great-site.net,404,Error_404,http://emmaroth.great-site.net/about-us,2026-09-07 05:29:12
http://ignacioreed.is-great.org,404,Error_404,http://ignacioreed.is-great.org/contact-us,2026-09-07 05:29:12
http://victorhurst.lovestoblog.com,404,Error_404,http://victorhurst.lovestoblog.com/contact-us,2026-09-07 05:29:12
http://jadwigaauer.is-best.net,404,Error_404,http://jadwigaauer.is-best.net/about-us,2026-09-07 05:29:12
http://ehsanayala.iblogger.org,404,Error_404,http://ehsanayala.iblogger.org/,2026-09-07 05:29:12
http://jessicawarren.great-site.net,404,Error_404,http://jessicawarren.great-site.net/contact-us,2026-09-07 05:29:12
http://martinosansone.great-site.net,404,Error_404,http://martinosansone.great-site.net/privacy-policy,2026-09-07 05:29:12
http://alfredhagan.kesug.com,404,Error_404,http://alfredhagan.kesug.com/about-us,2026-09-07 05:29:12
http://denawelch.is-great.org,404,Error_404,http://denawelch.is-great.org/privacy-policy,2026-09-07 05:29:12
http://notnamedaustin.is-great.net,404,Error_404,http://notnamedaustin.is-great.net/privacy-policy,2026-09-07 05:29:12
http://jettlusbent.is-best.net,404,Error_404,http://jettlusbent.is-best.net/privacy-policy,2026-09-07 05:29:12
http://angiechung.is-best.net,404,Error_404,http://angiechung.is-best.net/privacy-policy,2026-09-07 05:29:12
http://brodydelong.lovestoblog.com,404,Error_404,http://brodydelong.lovestoblog.com/contact-us,2026-09-07 05:29:12
http://keatonfarley.kesug.com,404,Error_404,http://keatonfarley.kesug.com/about-us,2026-09-07 05:29:12
http://oliverhensman.is-great.org,404,Error_404,http://oliverhensman.is-great.org/about-us,2026-09-07 05:29:12
http://monikabelt.is-great.org,404,Error_404,http://monikabelt.is-great.org/about-us,2026-09-07 05:29:12
http://oliviaemanuel.is-great.org,404,Error_404,http://oliviaemanuel.is-great.org/about-us,2026-09-07 05:29:12
http://utenawanmaker.fanclub.rocks/wp-admin,404,Error_404,http://utenawanmaker.fanclub.rocks/wp-admin/about-us,2026-09-07 05:29:12
http://brynhanley.iblogger.org,404,Error_404,http://brynhanley.iblogger.org/contact-us,2026-09-07 05:29:12
http://starlightwhisper.wuaze.com,404,Error_404,http://starlightwhisper.wuaze.com/privacy-policy,2026-09-07 05:29:12
http://neilglover.iblogger.org,404,Error_404,http://neilglover.iblogger.org/privacy-policy,2026-09-07 05:29:12
http://daltonkilback.kesug.com,404,Error_404,http://daltonkilback.kesug.com/,2026-09-07 05:29:12
http://janethwillson.wuaze.com,404,Error_404,http://janethwillson.wuaze.com/contact-us,2026-09-07 05:29:12
http://hudsonconnolly.synergize.co,404,Error_404,http://hudsonconnolly.synergize.co/contact-us,2026-09-07 05:29:12
http://santobruno.lovestoblog.com,0,Invalid/Down,N/A,2026-09-07 05:29:12
http://princedoyle.is-great.net,404,Error_404,http://princedoyle.is-great.net/contact-us,2026-09-07 05:29:12
http://jamesrees.great-site.net,404,Error_404,http://jamesrees.great-site.net/contact-us,2026-09-07 05:29:12
http://crimsoncrown.nichesite.org,404,Error_404,http://crimsoncrown.nichesite.org/,2026-09-07 05:29:12
http://abelcarlos.great-site.net,404,Error_404,https://errors.infinityfree.net/errors/404/,2026-09-07 05:29:12
http://florinecurry.lovestoblog.com,404,Error_404,http://florinecurry.lovestoblog.com/,2026-09-07 05:29:12
http://bryleeramsey.lovestoblog.com,404,Error_404,http://bryleeramsey.lovestoblog.com/contact-us,2026-09-07 05:29:12
http://marquezanna.kesug.com,404,Error_404,http://marquezanna.kesug.com/privacy-policy,2026-09-07 05:29:12
http://amycoates.lovestoblog.com,404,Error_404,http://amycoates.lovestoblog.com/about-us,2026-09-07 05:29:12
http://yinggill.is-great.org,404,Error_404,http://yinggill.is-great.org/privacy-policy,2026-09-07 05:29:12
http://aydinmiranda.is-best.net,404,Error_404,http://aydinmiranda.is-best.net/about-us,2026-09-07 05:29:12
http://bradfordmatthews.is-great.net,404,Error_404,http://bradfordmatthews.is-great.net/about-us,2026-09-07 05:29:12
http://eileenbutt.kesug.com,404,Error_404,http://eileenbutt.kesug.com/,2026-09-07 05:29:12
http://tommywilkinson.is-great.net,404,Error_404,http://tommywilkinson.is-great.net/about-us,2026-09-07 05:29:12
http://simkapaliki.kesug.com,404,Error_404,http://simkapaliki.kesug.com/about-us,2026-09-07 05:29:12
http://briarportillo.is-best.net,404,Error_404,http://briarportillo.is-best.net/contact-us,2026-09-07 05:29:12
http://dreamdazzler.lovestoblog.com,404,Error_404,http://dreamdazzler.lovestoblog.com/about-us,2026-09-07 05:29:12
http://yaretziarellano.lovestoblog.com,404,Error_404,http://yaretziarellano.lovestoblog.com/contact-us,2026-09-07 05:29:12
http://coltencull.lovestoblog.com,404,Error_404,http://coltencull.lovestoblog.com/contact-us,2026-09-07 05:29:12
http://chroniclefogwarts.great-site.net,404,Error_404,http://chroniclefogwarts.great-site.net/contact-us,2026-09-07 05:29:12
http://rachellefairc.is-best.net,404,Error_404,http://rachellefairc.is-best.net/privacy-policy,2026-09-07 05:29:12
http://santiathegotimes.kesug.com,404,Error_404,http://santiathegotimes.kesug.com/privacy-policy,2026-09-07 05:29:12
http://giuseppegaudet.is-great.net,404,Error_404,http://giuseppegaudet.is-great.net/about-us,2026-09-07 05:29:12
http://lawsonkim.iblogger.org,404,Error_404,http://lawsonkim.iblogger.org/contact-us,2026-09-07 05:29:12
http://milesfair.free.nf,404,Error_404,http://milesfair.free.nf/contact-us,2026-09-07 05:29:12
http://marialambert.is-great.net,404,Error_404,http://marialambert.is-great.net/,2026-09-07 05:29:12
http://kaliecasas.kesug.com,404,Error_404,http://kaliecasas.kesug.com/contact-us,2026-09-07 05:29:12
http://aaronvondoussa.is-best.net,404,Error_404,http://aaronvondoussa.is-best.net/about-us,2026-09-07 05:29:12
http://vitnessforumnews.likesyou.org,404,Error_404,http://vitnessforumnews.likesyou.org/contact-us,2026-09-07 05:29:12
http://jerrypalmer.is-great.org,404,Error_404,http://jerrypalmer.is-great.org/about-us,2026-09-07 05:29:12
http://carolmartens.is-great.net,404,Error_404,http://carolmartens.is-great.net/contact-us,2026-09-07 05:29:12
http://kristaball.great-site.net,404,Error_404,http://kristaball.great-site.net/contact-us,2026-09-07 05:29:12
http://amieherman.great-site.net,404,Error_404,http://amieherman.great-site.net/about-us,2026-09-07 05:29:12
http://tinabeckett.iblogger.org,404,Error_404,http://tinabeckett.iblogger.org/,2026-09-07 05:29:12
http://franzkaglokner.great-site.net,404,Error_404,http://franzkaglokner.great-site.net/contact-us,2026-09-07 05:29:12
http://madisynhouston.lovestoblog.com,404,Error_404,http://madisynhouston.lovestoblog.com/about-us,2026-09-07 05:29:12
http://lucydawson.wuaze.com,404,Error_404,http://lucydawson.wuaze.com/privacy-policy,2026-09-07 05:29:12
http://kylabelcher.great-site.net,404,Error_404,http://kylabelcher.great-site.net/about-us,2026-09-07 05:29:12
http://karinawallis.is-great.org,404,Error_404,http://karinawallis.is-great.org/privacy-policy,2026-09-07 05:29:12
http://kellyfernan.is-best.net,404,Error_404,http://kellyfernan.is-best.net/contact-us,2026-09-07 05:29:12
http://sunnewsottawa.nichesite.org,404,Error_404,http://sunnewsottawa.nichesite.org/privacy-policy,2026-09-07 05:29:12
http://margadean.iblogger.org,0,Invalid/Down,N/A,2026-09-07 05:29:12
http://diverdream.my-style.in,404,Error_404,http://diverdream.my-style.in/contact-us,2026-09-07 05:29:12
http://valeriozampieri.wuaze.com,404,Error_404,http://valeriozampieri.wuaze.com/privacy-policy,2026-09-07 05:29:12
http://caseydumas.lovestoblog.com,0,Invalid/Down,N/A,2026-09-07 05:29:12
http://shadowdancer.great-site.net,404,Error_404,http://shadowdancer.great-site.net/privacy-policy,2026-09-07 05:29:12
http://jasmineoconn.iblogger.org,404,Error_404,http://jasmineoconn.iblogger.org/about-us,2026-09-07 05:29:12
http://renatabuchegger.iblogger.org,404,Error_404,http://renatabuchegger.iblogger.org/about-us,2026-09-07 05:29:12
http://zacharymawby.lovestoblog.com/wp-admin,404,Error_404,http://zacharymawby.lovestoblog.com/wp-admin,2026-09-07 05:29:12
http://whisperingwhisper.totalh.net,404,Error_404,http://whisperingwhisper.totalh.net/,2026-09-07 05:29:12
http://scottiedaugherty.great-site.net,404,Error_404,http://scottiedaugherty.great-site.net/,2026-09-07 05:29:12
http://aishacarroll.kesug.com,404,Error_404,http://aishacarroll.kesug.com/privacy-policy,2026-09-07 05:29:12
http://raquelesteban.wuaze.com,404,Error_404,http://raquelesteban.wuaze.com/privacy-policy,2026-09-07 05:29:12
http://thomasthomson.iblogger.org,404,Error_404,http://thomasthomson.iblogger.org/contact-us,2026-09-07 05:29:12
http://alistewart.lovestoblog.com,404,Error_404,http://alistewart.lovestoblog.com/privacy-policy,2026-09-07 05:29:12
http://irvinroush.iblogger.org,404,Error_404,http://irvinroush.iblogger.org/contact-us,2026-09-07 05:29:12
http://shadowsunlit.totalh.net,404,Error_404,http://shadowsunlit.totalh.net/,2026-09-07 05:29:12
http://sanjidashoha.is-best.net,404,Error_404,http://sanjidashoha.is-best.net/contact-us,2026-09-07 05:29:12
http://eogwartsdailynews.wuaze.com,404,Error_404,http://eogwartsdailynews.wuaze.com/contact-us,2026-09-07 05:29:12
http://noahspringfield.nichesite.org,404,Error_404,http://noahspringfield.nichesite.org/contact-us,2026-09-07 05:29:12
http://annickphillips.is-great.net,404,Error_404,http://annickphillips.is-great.net/privacy-policy,2026-09-07 05:29:12
http://titanmerritt.is-great.net,404,Error_404,http://titanmerritt.is-great.net/privacy-policy,2026-09-07 05:29:12
http://cassandrasimard.iblogger.org,404,Error_404,http://cassandrasimard.iblogger.org/privacy-policy,2026-09-07 05:29:12
http://chrishaynes.is-best.net,404,Error_404,http://chrishaynes.is-best.net/about-us,2026-09-07 05:29:12
http://smitjarake.fanclub.rocks,404,Error_404,http://smitjarake.fanclub.rocks/contact-us,2026-09-07 05:29:12
http://kristianbattle.iblogger.org,404,Error_404,http://kristianbattle.iblogger.org/about-us,2026-09-07 05:29:12
http://zacharylawes.wuaze.com,404,Error_404,http://zacharylawes.wuaze.com/,2026-09-07 05:29:12
http://esmeracha.kesug.com,404,Error_404,http://esmeracha.kesug.com/privacy-policy,2026-09-07 05:29:12
http://gastonburn.lovestoblog.com,404,Error_404,http://gastonburn.lovestoblog.com/privacy-policy,2026-09-07 05:29:12
http://jaremyers.kesug.com,404,Error_404,http://jaremyers.kesug.com/contact-us,2026-09-07 05:29:12
http://indiekeller.lovestoblog.com,404,Error_404,http://indiekeller.lovestoblog.com/contact-us,2026-09-07 05:29:12
http://haleyayala.wuaze.com,404,Error_404,http://haleyayala.wuaze.com/about-us,2026-09-07 05:29:12
http://adrielwiley.iblogger.org,404,Error_404,http://adrielwiley.iblogger.org/privacy-policy,2026-09-07 05:29:12
http://luminlun.wuaze.com,404,Error_404,http://luminlun.wuaze.com/about-us,2026-09-07 05:29:12
http://hennaharikkala.is-best.net,404,Error_404,http://hennaharikkala.is-best.net/contact-us,2026-09-07 05:29:12
http://etheldesjar.great-site.net,404,Error_404,http://etheldesjar.great-site.net/privacy-policy,2026-09-07 05:29:12
http://nataleeduffie.wuaze.com,404,Error_404,http://nataleeduffie.wuaze.com/contact-us,2026-09-07 05:29:12
http://marcuslogan.is-best.net,404,Error_404,http://marcuslogan.is-best.net/privacy-policy,2026-09-07 05:29:12
http://aledlara.kesug.com,404,Error_404,http://aledlara.kesug.com/contact-us,2026-09-07 05:29:12
http://elmerodom.kesug.com,404,Error_404,http://elmerodom.kesug.com/privacy-policy,2026-09-07 05:29:12
http://sophiekrause.iblogger.org,404,Error_404,http://sophiekrause.iblogger.org/privacy-policy,2026-09-07 05:29:12
http://gianninorenna.kesug.com,404,Error_404,http://gianninorenna.kesug.com/privacy-policy,2026-09-07 05:29:12
http://kodyintyre.is-great.org,0,Invalid/Down,N/A,2026-09-07 05:29:12
http://vizfeatlan.lovestoblog.com,404,Error_404,http://vizfeatlan.lovestoblog.com/about-us,2026-09-07 05:29:12
http://lydiaday.lovestoblog.com,404,Error_404,http://lydiaday.lovestoblog.com/contact-us,2026-09-07 05:29:12
http://registerhogwarts.kesug.com,404,Error_404,http://registerhogwarts.kesug.com/privacy-policy,2026-09-07 05:29:12
http://elainasantiag.great-site.net,404,Error_404,http://elainasantiag.great-site.net/contact-us,2026-09-07 05:29:12
http://jessicacremean.is-great.net,404,Suspended,https://suspended-domain.net/index.php?host=jessicacremean.is-great.net,2026-09-07 05:29:12
http://patriciaplouffe.is-best.net,404,Error_404,http://patriciaplouffe.is-best.net/about-us,2026-09-07 05:29:12
http://joelallen.wuaze.com,404,Error_404,http://joelallen.wuaze.com/contact-us,2026-09-07 05:29:12
http://kongtsou.is-best.net,404,Error_404,http://kongtsou.is-best.net/contact-us,2026-09-07 05:29:12
http://alanturgeon.iblogger.org,404,Error_404,http://alanturgeon.iblogger.org/contact-us,2026-09-07 05:29:12
http://mildredbarret.wuaze.com,404,Error_404,http://mildredbarret.wuaze.com/about-us,2026-09-07 05:29:12
http://moonbeammystic.kesug.com,404,Error_404,http://moonbeammystic.kesug.com/about-us,2026-09-07 05:29:12
http://spiritstargazer.wuaze.com,404,Error_404,http://spiritstargazer.wuaze.com/privacy-policy,2026-09-07 05:29:12
http://soptimistwogwart.likesyou.org,404,Error_404,http://soptimistwogwart.likesyou.org/contact-us,2026-09-07 05:29:12
http://flythesun.my-style.in,404,Error_404,http://flythesun.my-style.in/contact-us,2026-09-07 05:29:12
http://luthergovern.my-style.in,404,Error_404,http://luthergovern.my-style.in/privacy-policy,2026-09-07 05:29:12
http://michealvaldez.kesug.com,404,Error_404,http://michealvaldez.kesug.com/privacy-policy,2026-09-07 05:29:12
http://orlandobolton.lovestoblog.com,404,Error_404,http://orlandobolton.lovestoblog.com/about-us,2026-09-07 05:29:12
http://martinabiermann.lovestoblog.com,404,Error_404,http://martinabiermann.lovestoblog.com/privacy-policy,2026-09-07 05:29:12
http://brookshenry.wuaze.com,404,Error_404,http://brookshenry.wuaze.com/contact-us,2026-09-07 05:29:12
http://susannalamb.great-site.net,404,Error_404,http://susannalamb.great-site.net/,2026-09-07 05:29:12
http://lillywright.great-site.net,404,Error_404,http://lillywright.great-site.net/contact-us,2026-09-07 05:29:12
http://gabriefiguer.lovestoblog.com,404,Error_404,http://gabriefiguer.lovestoblog.com/contact-us,2026-09-07 05:29:12
http://walterrichards.wuaze.com,404,Error_404,http://walterrichards.wuaze.com/contact-us,2026-09-07 05:29:12
http://novanavigator.nichesite.org,404,Error_404,http://novanavigator.nichesite.org/privacy-policy,2026-09-07 05:29:12
http://irfangale.is-best.net,404,Error_404,http://irfangale.is-best.net/privacy-policy,2026-09-07 05:29:12
http://dirkfriedman.fanclub.rocks,404,Error_404,http://dirkfriedman.fanclub.rocks/privacy-policy,2026-09-07 05:29:12
http://dajataft.gamer.gd,0,Invalid/Down,N/A,2026-09-07 05:29:12
http://emberechoes.kesug.com,404,Error_404,http://emberechoes.kesug.com/contact-us,2026-09-07 05:29:12
http://jefferystrom.iblogger.org,404,Error_404,http://jefferystrom.iblogger.org/privacy-policy,2026-09-07 05:29:12
http://conradbarnes.is-great.net,404,Error_404,http://conradbarnes.is-great.net/privacy-policy,2026-09-07 05:29:12
http://phyllisballard.lovestoblog.com,404,Error_404,http://phyllisballard.lovestoblog.com/about-us,2026-09-07 05:29:12
http://joecobb.is-best.net,404,Error_404,http://joecobb.is-best.net/about-us,2026-09-07 05:29:12
http://stellapalacios.kesug.com,404,Error_404,http://stellapalacios.kesug.com/privacy-policy,2026-09-07 05:29:12
http://jeanvallieres.kesug.com,404,Error_404,http://jeanvallieres.kesug.com/contact-us,2026-09-07 05:29:12
http://feliciabiggs.lovestoblog.com,404,Error_404,http://feliciabiggs.lovestoblog.com/contact-us,2026-09-07 05:29:12
http://jessiebeck.is-great.net,404,Error_404,http://jessiebeck.is-great.net/contact-us,2026-09-07 05:29:12
http://nolahayes.great-site.net,404,Error_404,http://nolahayes.great-site.net/privacy-policy,2026-09-07 05:29:12
http://patriziabian.kesug.com,404,Error_404,http://patriziabian.kesug.com/contact-us,2026-09-07 05:29:12
http://longjenkin.iblogger.org,404,Error_404,http://longjenkin.iblogger.org/about-us,2026-09-07 05:29:12
http://michaelkalb.wuaze.com,404,Error_404,http://michaelkalb.wuaze.com/,2026-09-07 05:29:12
http://ambrosiosalas.wuaze.com,404,Error_404,http://ambrosiosalas.wuaze.com/about-us,2026-09-07 05:29:12
http://andershansen.great-site.net,404,Error_404,http://andershansen.great-site.net/privacy-policy,2026-09-07 05:29:12
http://brendenrichard.is-great.org,404,Error_404,http://brendenrichard.is-great.org/,2026-09-07 05:29:12
http://demarcusburke.is-best.net,404,Error_404,http://demarcusburke.is-best.net/about-us,2026-09-07 05:29:12
http://hannaevelyn.iblogger.org,404,Error_404,http://hannaevelyn.iblogger.org/contact-us,2026-09-07 05:29:12
http://lukeireland.great-site.net,404,Error_404,http://lukeireland.great-site.net/privacy-policy,2026-09-07 05:29:12
http://tysongask.wuaze.com,404,Error_404,http://tysongask.wuaze.com/contact-us,2026-09-07 05:29:12
http://forumfitnessnews.totalh.net,404,Error_404,http://forumfitnessnews.totalh.net/privacy-policy,2026-09-07 05:29:12
http://addysonpittman.is-best.net,404,Error_404,http://addysonpittman.is-best.net/contact-us,2026-09-07 05:29:12
http://rachelpalmer.kesug.com,404,Error_404,http://rachelpalmer.kesug.com/privacy-policy,2026-09-07 05:29:12
http://christiankinross.great-site.net,404,Error_404,http://christiankinross.great-site.net/privacy-policy,2026-09-07 05:29:12
http://ashtonspears.is-best.net,404,Suspended,https://suspended-domain.net/index.php?host=ashtonspears.is-best.net,2026-09-07 05:29:12
http://samuelcampbell.wuaze.com,404,Error_404,http://samuelcampbell.wuaze.com/contact-us,2026-09-07 05:29:12
http://mishazuidweg.is-great.net,404,Error_404,http://mishazuidweg.is-great.net/privacy-policy,2026-09-07 05:29:12
http://morgangonz.is-best.net,404,Error_404,http://morgangonz.is-best.net/privacy-policy,2026-09-07 05:29:12
http://marbellanevarez.lovestoblog.com,404,Error_404,http://marbellanevarez.lovestoblog.com/privacy-policy,2026-09-07 05:29:12
http://jackcorbett.iblogger.org,404,Error_404,http://jackcorbett.iblogger.org/privacy-policy,2026-09-07 05:29:12
http://embereclip.kesug.com,404,Error_404,http://embereclip.kesug.com/contact-us,2026-09-07 05:29:12
http://lyricbau.is-great.org,404,Error_404,http://lyricbau.is-great.org/contact-us,2026-09-07 05:29:12
http://diegoramirez.lovestoblog.com,404,Error_404,http://diegoramirez.lovestoblog.com/contact-us,2026-09-07 05:29:12
http://christianhenderson.is-great.net,404,Error_404,http://christianhenderson.is-great.net/contact-us,2026-09-07 05:29:12
http://lizatasfianews.fanclub.rocks,404,Error_404,http://lizatasfianews.fanclub.rocks/about-us,2026-09-07 05:29:12
http://glennnickerson.great-site.net,404,Error_404,http://glennnickerson.great-site.net/about-us,2026-09-07 05:29:12
http://chwartzruths.wuaze.com,404,Error_404,http://chwartzruths.wuaze.com/about-us,2026-09-07 05:29:12
http://emmanuelhood.great-site.net,404,Error_404,http://emmanuelhood.great-site.net/privacy-policy,2026-09-07 05:29:12
http://hassanpreston.is-great.org,404,Error_404,http://hassanpreston.is-great.org/about-us,2026-09-07 05:29:12
http://brownernest.kesug.com,404,Error_404,http://brownernest.kesug.com/about-us,2026-09-07 05:29:12
http://alysiamalcolm.kesug.com,404,Error_404,http://alysiamalcolm.kesug.com/about-us,2026-09-07 05:29:12
http://luisrichardson.is-best.net,404,Error_404,http://luisrichardson.is-best.net/about-us,2026-09-07 05:29:12
http://prtscapesnews.great-site.net/wp-admin,404,Error_404,http://prtscapesnews.great-site.net/wp-admin/privacy-policy,2026-09-07 05:29:12
http://patriziasignv.is-best.net,404,Error_404,http://patriziasignv.is-best.net/privacy-policy,2026-09-07 05:29:12
http://benjaminkoch.is-best.net,404,Error_404,http://benjaminkoch.is-best.net/privacy-policy,2026-09-07 05:29:12
http://willwwisp.great-site.net,404,Error_404,http://willwwisp.great-site.net/privacy-policy,2026-09-07 05:29:12
http://hollybecker.wuaze.com,404,Error_404,http://hollybecker.wuaze.com/contact-us,2026-09-07 05:29:12
http://judithbenson.wuaze.com,404,Error_404,http://judithbenson.wuaze.com/about-us,2026-09-07 05:29:12
http://jalynbroome.wuaze.com,404,Error_404,http://jalynbroome.wuaze.com/contact-us,2026-09-07 05:29:12
http://johanneskaiser.is-best.net,404,Error_404,http://johanneskaiser.is-best.net/privacy-policy,2026-09-07 05:29:12
http://willowwatchman.totalh.net,404,Error_404,http://willowwatchman.totalh.net/privacy-policy,2026-09-07 05:29:12
http://irwingutierr.is-best.net,404,Error_404,http://irwingutierr.is-best.net/privacy-policy,2026-09-07 05:29:12
http://tylermarshall.great-site.net,404,Error_404,http://tylermarshall.great-site.net/privacy-policy,2026-09-07 05:29:12
http://newsthetimes.nichesite.org/wp-admin,0,Invalid/Down,N/A,2026-09-07 05:29:12
http://desmonddent.is-best.net,404,Error_404,http://desmonddent.is-best.net/privacy-policy,2026-09-07 05:29:12
http://renepertl.iblogger.org,404,Error_404,http://renepertl.iblogger.org/about-us,2026-09-07 05:29:12
http://elizabethellison.is-great.org,404,Error_404,http://elizabethellison.is-great.org/privacy-policy,2026-09-07 05:29:12
http://denisghilardi.is-great.org,404,Error_404,http://denisghilardi.is-great.org/privacy-policy,2026-09-07 05:29:12
http://pansymayer.is-best.net,404,Error_404,http://pansymayer.is-best.net/privacy-policy,2026-09-07 05:29:12
http://williamalcock.great-site.net,404,Error_404,http://williamalcock.great-site.net/about-us,2026-09-07 05:29:12
http://oceannewton.is-best.net,404,Error_404,http://oceannewton.is-best.net/privacy-policy,2026-09-07 05:29:12
http://alyssaschmidt.is-great.net,404,Error_404,http://alyssaschmidt.is-great.net/about-us,2026-09-07 05:29:12
http://nadinemiles.is-great.net,404,Error_404,http://nadinemiles.is-great.net/about-us,2026-09-07 05:29:12
http://stormsurg.wuaze.com,404,Suspended,https://suspended-domain.net/index.php?host=stormsurg.wuaze.com,2026-09-07 05:29:12
http://dailyhub.kesug.com,404,Error_404,http://dailyhub.kesug.com/contact-us,2026-09-07 05:29:12
http://kelligreene.is-great.net,404,Error_404,http://kelligreene.is-great.net/privacy-policy,2026-09-07 05:29:12
http://irwincampos.lovestoblog.com,404,Error_404,http://irwincampos.lovestoblog.com/privacy-policy,2026-09-07 05:29:12
http://baileyprichard.is-great.net,404,Error_404,http://baileyprichard.is-great.net/about-us,2026-09-07 05:29:12
http://matthewsmith.is-best.net,404,Error_404,http://matthewsmith.is-best.net/privacy-policy,2026-09-07 05:29:12
http://isabellemason.wuaze.com,404,Error_404,http://isabellemason.wuaze.com/privacy-policy,2026-09-07 05:29:12
http://anjaklug.is-great.net,404,Error_404,http://anjaklug.is-great.net/about-us,2026-09-07 05:29:12
http://carlopiscopo.lovestoblog.com,404,Error_404,http://carlopiscopo.lovestoblog.com/privacy-policy,2026-09-07 05:29:12
http://milanaknox.kesug.com,404,Error_404,http://milanaknox.kesug.com/about-us,2026-09-07 05:29:12
http://willowwhisperer.kesug.com,404,Error_404,http://willowwhisperer.kesug.com/contact-us,2026-09-07 05:29:12
http://florarath.lovestoblog.com,404,Error_404,http://florarath.lovestoblog.com/privacy-policy,2026-09-07 05:29:12
http://bobbyperkins.is-best.net,404,Error_404,http://bobbyperkins.is-best.net/privacy-policy,2026-09-07 05:29:12
http://victoriamacleay.great-site.net,404,Error_404,http://victoriamacleay.great-site.net/privacy-policy,2026-09-07 05:29:12
http://lancebenitez.is-great.net,404,Error_404,http://lancebenitez.is-great.net/contact-us,2026-09-07 05:29:12
http://sunionhogwart.fast-page.org,404,Error_404,http://sunionhogwart.fast-page.org/contact-us,2026-09-07 05:29:12
http://williamsteel.great-site.net,404,Error_404,http://williamsteel.great-site.net/about-us,2026-09-07 05:29:12
http://jeaniewilli.wuaze.com,404,Error_404,http://jeaniewilli.wuaze.com/contact-us,2026-09-07 05:29:12
http://vicenhowell.is-great.org,404,Error_404,http://vicenhowell.is-great.org/contact-us,2026-09-07 05:29:12
http://joukolintula.is-best.net,404,Error_404,http://joukolintula.is-best.net/,2026-09-07 05:29:12
http://stardustsilver.lovestoblog.com,404,Error_404,http://stardustsilver.lovestoblog.com/contact-us,2026-09-07 05:29:12
http://tripphunt.iblogger.org,404,Error_404,http://tripphunt.iblogger.org/privacy-policy,2026-09-07 05:29:12
http://mysticmoon.my-board.org,404,Suspended,https://suspended-domain.net/index.php?host=mysticmoon.my-board.org,2026-09-07 05:29:12
http://crystalgazer.my-board.org,404,Error_404,http://crystalgazer.my-board.org/contact-us,2026-09-07 05:29:12
http://bogdanzehetner.is-best.net,404,Error_404,http://bogdanzehetner.is-best.net/about-us,2026-09-07 05:29:12
http://percysutton.great-site.net,404,Error_404,http://percysutton.great-site.net/about-us,2026-09-07 05:29:12
http://silkeschmitt.is-best.net,404,Error_404,http://silkeschmitt.is-best.net/contact-us,2026-09-07 05:29:12
http://brandonmcgrath.iblogger.org,404,Error_404,http://brandonmcgrath.iblogger.org/,2026-09-07 05:29:12
http://mitchelhenty.lovestoblog.com,404,Error_404,http://mitchelhenty.lovestoblog.com/about-us,2026-09-07 05:29:12
http://cameronskelton.kesug.com,404,Error_404,http://cameronskelton.kesug.com/about-us,2026-09-07 05:29:12
http://treverisaacs.kesug.com,404,Error_404,http://treverisaacs.kesug.com/privacy-policy,2026-09-07 05:29:12
http://dionrice.is-best.net,404,Error_404,http://dionrice.is-best.net/privacy-policy,2026-09-07 05:29:12
http://ruthshort.kesug.com,404,Error_404,http://ruthshort.kesug.com/contact-us,2026-09-07 05:29:12
http://alenakim.lovestoblog.com,404,Error_404,http://alenakim.lovestoblog.com/privacy-policy,2026-09-07 05:29:12
http://giselleholmes.iblogger.org,404,Error_404,http://giselleholmes.iblogger.org/privacy-policy,2026-09-07 05:29:12
http://bodeweiss.iblogger.org,404,Error_404,http://bodeweiss.iblogger.org/privacy-policy,2026-09-07 05:29:12
http://anabelfleischmann.iblogger.org,404,Error_404,http://anabelfleischmann.iblogger.org/about-us,2026-09-07 05:29:12
http://monitorinstant.totalh.net,404,Error_404,http://monitorinstant.totalh.net/privacy-policy,2026-09-07 05:29:12
http://thronethunder.great-site.net,404,Error_404,http://thronethunder.great-site.net/about-us,2026-09-07 05:29:12
http://lillianabailey.is-great.org,404,Error_404,http://lillianabailey.is-great.org/about-us,2026-09-07 05:29:12
http://honoriocolli.kesug.com,404,Suspended,https://suspended-domain.net/index.php?host=honoriocolli.kesug.com,2026-09-07 05:29:12
http://delorisarellano.iblogger.org,404,Error_404,http://delorisarellano.iblogger.org/about-us,2026-09-07 05:29:12
http://edoardomarras.is-great.net,404,Error_404,http://edoardomarras.is-great.net/about-us,2026-09-07 05:29:12
http://ioancarey.great-site.net,404,Error_404,http://ioancarey.great-site.net/about-us,2026-09-07 05:29:12
http://bulletinfiveword.is-best.net,404,Error_404,http://bulletinfiveword.is-best.net/privacy-policy,2026-09-07 05:29:12
http://santosprado.wuaze.com,404,Error_404,http://santosprado.wuaze.com/contact-us,2026-09-07 05:29:12
http://dougcase.iblogger.org,404,Error_404,http://dougcase.iblogger.org/contact-us,2026-09-07 05:29:12
http://auroraaegis.my-board.org,404,Suspended,https://suspended-domain.net/index.php?host=auroraaegis.my-board.org,2026-09-07 05:29:12
http://jamiecrook.is-great.net,404,Error_404,http://jamiecrook.is-great.net/contact-us,2026-09-07 05:29:12
http://sallyprince.iblogger.org,404,Error_404,http://sallyprince.iblogger.org/about-us,2026-09-07 05:29:12
http://rorypetherick.lovestoblog.com,404,Error_404,http://rorypetherick.lovestoblog.com/privacy-policy,2026-09-07 05:29:12
http://anthonysuther.is-great.net,404,Error_404,http://anthonysuther.is-great.net/privacy-policy,2026-09-07 05:29:12
http://willowwhisper.wuaze.com,404,Error_404,http://willowwhisper.wuaze.com/contact-us,2026-09-07 05:29:12
http://porteravery.is-best.net,404,Error_404,http://porteravery.is-best.net/about-us,2026-09-07 05:29:12
http://lonitorsarket.wuaze.com,404,Error_404,http://lonitorsarket.wuaze.com/about-us,2026-09-07 05:29:12
http://maggieward.is-best.net,404,Error_404,http://maggieward.is-best.net/contact-us,2026-09-07 05:29:12
http://spectaclespirit.wuaze.com,404,Error_404,http://spectaclespirit.wuaze.com/privacy-policy,2026-09-07 05:29:12
http://lindsaylindsay.is-best.net,404,Error_404,http://lindsaylindsay.is-best.net/contact-us,2026-09-07 05:29:12
http://moonlitmarvel.is-best.net,404,Error_404,http://moonlitmarvel.is-best.net/contact-us,2026-09-07 05:29:12
http://billiepage.is-best.net,404,Error_404,http://billiepage.is-best.net/privacy-policy,2026-09-07 05:29:12
http://ayaankane.is-great.net,404,Error_404,http://ayaankane.is-great.net/about-us,2026-09-07 05:29:12
http://rosapage.my-style.in,404,Error_404,http://rosapage.my-style.in/privacy-policy,2026-09-07 05:29:12
http://jakarthetaglobe.wuaze.com,404,Error_404,http://jakarthetaglobe.wuaze.com/about-us,2026-09-07 05:29:12
http://analianolan.great-site.net,404,Error_404,http://analianolan.great-site.net/contact-us,2026-09-07 05:29:12
http://paigeellis.great-site.net,404,Error_404,http://paigeellis.great-site.net/contact-us,2026-09-07 05:29:12
http://economicthetimes.great-site.net,404,Error_404,http://economicthetimes.great-site.net/contact-us,2026-09-07 05:29:12
http://holliepriestley.iblogger.org,404,Error_404,http://holliepriestley.iblogger.org/about-us,2026-09-07 05:29:12
http://simonlugo.iblogger.org,404,Error_404,http://simonlugo.iblogger.org/about-us,2026-09-07 05:29:12
http://jerimiahhaman.lovestoblog.com,404,Error_404,http://jerimiahhaman.lovestoblog.com/privacy-policy,2026-09-07 05:29:12
http://maciquintana.lovestoblog.com,404,Error_404,http://maciquintana.lovestoblog.com/,2026-09-07 05:29:12
http://peterzimmerman.great-site.net,404,Error_404,http://peterzimmerman.great-site.net/about-us,2026-09-07 05:29:12
http://distillate.great-site.net,404,Error_404,http://distillate.great-site.net/about-us,2026-09-07 05:29:12
http://blazecascade.my-board.org,404,Error_404,http://blazecascade.my-board.org/privacy-policy,2026-09-07 05:29:12
http://marleywright.kesug.com,404,Error_404,http://marleywright.kesug.com/privacy-policy,2026-09-07 05:29:12
http://terrangask.is-best.net,404,Error_404,http://terrangask.is-best.net/contact-us,2026-09-07 05:29:12
http://guidethelondon.lovestoblog.com,404,Error_404,http://guidethelondon.lovestoblog.com/about-us,2026-09-07 05:29:12
http://journalthecrest.iblogger.org,404,Error_404,http://journalthecrest.iblogger.org/,2026-09-07 05:29:12
http://arielletyler.wuaze.com,404,Error_404,http://arielletyler.wuaze.com/about-us,2026-09-07 05:29:12
http://madeleinecremor.lovestoblog.com,404,Error_404,http://madeleinecremor.lovestoblog.com/privacy-policy,2026-09-07 05:29:12
http://olgamcdowell.great-site.net,404,Error_404,http://olgamcdowell.great-site.net/contact-us,2026-09-07 05:29:12
http://alelowe.is-best.net,404,Error_404,http://alelowe.is-best.net/privacy-policy,2026-09-07 05:29:12
http://deaconbowers.wuaze.com,404,Error_404,http://deaconbowers.wuaze.com/contact-us,2026-09-07 05:29:12
http://stetsoncarilo.is-best.net,404,Error_404,http://stetsoncarilo.is-best.net/,2026-09-07 05:29:12
http://moonlitmelody.totalh.net,404,Error_404,http://moonlitmelody.totalh.net/privacy-policy,2026-09-07 05:29:12
http://edgenewsurban.kesug.com,404,Error_404,http://edgenewsurban.kesug.com/about-us,2026-09-07 05:29:12
http://burkhardsommer.is-best.net,404,Error_404,http://burkhardsommer.is-best.net/privacy-policy,2026-09-07 05:29:12
http://annybkternews.iblogger.org,404,Error_404,http://annybkternews.iblogger.org/about-us,2026-09-07 05:29:12
http://alvincrooks.is-great.org,404,Error_404,http://alvincrooks.is-great.org/privacy-policy,2026-09-07 05:29:12
http://evergreenember.wuaze.com,404,Error_404,http://evergreenember.wuaze.com/contact-us,2026-09-07 05:29:12
http://ernestosmall.iblogger.org,404,Error_404,http://ernestosmall.iblogger.org/about-us,2026-09-07 05:29:12
http://moneypip.iblogger.org,404,Error_404,http://moneypip.iblogger.org/contact-us,2026-09-07 05:29:12
http://mariapinna.is-best.net,404,Error_404,http://mariapinna.is-best.net/about-us,2026-09-07 05:29:12
http://luannoneill.kesug.com,404,Error_404,http://luannoneill.kesug.com/about-us,2026-09-07 05:29:12
http://herbertfoster.iblogger.org,404,Error_404,http://herbertfoster.iblogger.org/contact-us,2026-09-07 05:29:12
http://budhensley.great-site.net,404,Error_404,http://budhensley.great-site.net/,2026-09-07 05:29:12
http://anisablogg.lovestoblog.com,404,Error_404,http://anisablogg.lovestoblog.com/contact-us,2026-09-07 05:29:12
http://michaelgilman.is-best.net,404,Error_404,http://michaelgilman.is-best.net/privacy-policy,2026-09-07 05:29:12
http://duncannichols.is-best.net,404,Error_404,http://duncannichols.is-best.net/about-us,2026-09-07 05:29:12
http://georginacollins.lovestoblog.com,404,Error_404,http://georginacollins.lovestoblog.com/privacy-policy,2026-09-07 05:29:12
http://iralivingston.is-great.org,404,Error_404,http://iralivingston.is-great.org/privacy-policy,2026-09-07 05:29:12
http://cordellharrin.iblogger.org,404,Error_404,http://cordellharrin.iblogger.org/about-us,2026-09-07 05:29:12
http://rauljones.is-great.org,404,Error_404,http://rauljones.is-great.org/privacy-policy,2026-09-07 05:29:12
http://avelinagirons.iblogger.org,404,Error_404,http://avelinagirons.iblogger.org/about-us,2026-09-07 05:29:12
http://rosemaperkins.is-great.org,404,Error_404,http://rosemaperkins.is-great.org/privacy-policy,2026-09-07 05:29:12
http://distillatenews.lovestoblog.com,404,Error_404,http://distillatenews.lovestoblog.com/about-us,2026-09-07 05:29:12
http://waipatry.iblogger.org,404,Error_404,http://waipatry.iblogger.org/about-us,2026-09-07 05:29:12
http://margaretestes.great-site.net,404,Error_404,http://margaretestes.great-site.net/contact-us,2026-09-07 05:29:12
http://asd.com/,0,Invalid/Down,N/A,2026-09-07 05:29:12
http://jillekruithof.is-great.net,404,Error_404,http://jillekruithof.is-great.net/about-us,2026-09-07 05:29:12
http://defenderdream.totalh.net,404,Error_404,http://defenderdream.totalh.net/about-us,2026-09-07 05:29:12
http://judekim.iblogger.org,404,Error_404,http://judekim.iblogger.org/,2026-09-07 05:29:12
http://verified.42web.io,404,Error_404,http://verified.42web.io/about-us,2026-09-07 05:29:12
http://olivertruji.is-best.net,404,Error_404,http://olivertruji.is-best.net/privacy-policy,2026-09-07 05:29:12
http://nationthenews.wuaze.com,404,Error_404,http://nationthenews.wuaze.com/about-us,2026-09-07 05:29:12
http://agnesdunn.is-best.net,404,Error_404,http://agnesdunn.is-best.net/privacy-policy,2026-09-07 05:29:12
http://harrykemble.is-great.org,404,Suspended,https://suspended-domain.net/index.php?host=harrykemble.is-great.org,2026-09-07 05:29:12
http://fortcourantwhite.my-board.org,404,Error_404,http://fortcourantwhite.my-board.org/contact-us,2026-09-07 05:29:12
http://anguswilding.lovestoblog.com,404,Error_404,http://anguswilding.lovestoblog.com/privacy-policy,2026-09-07 05:29:12
http://lmayledanie.lovestoblog.com,404,Error_404,http://lmayledanie.lovestoblog.com/privacy-policy,2026-09-07 05:29:12
http://dilankennedy.is-best.net,404,Error_404,http://dilankennedy.is-best.net/privacy-policy,2026-09-07 05:29:12
http://dilanchapman.wuaze.com,404,Error_404,http://dilanchapman.wuaze.com/privacy-policy,2026-09-07 05:29:12
http://ebonytuckfield.wuaze.com,404,Suspended,https://suspended-domain.net/index.php?host=ebonytuckfield.wuaze.com,2026-09-07 05:29:12
http://moonlitmelody.my-board.org,404,Error_404,http://moonlitmelody.my-board.org/,2026-09-07 05:29:12
http://aprilbrooks.lovestoblog.com,404,Error_404,http://aprilbrooks.lovestoblog.com/privacy-policy,2026-09-07 05:29:12
http://delbermaynar.wuaze.com,404,Error_404,http://delbermaynar.wuaze.com/privacy-policy,2026-09-07 05:29:12
http://silviacourtney.lovestoblog.com,404,Error_404,http://silviacourtney.lovestoblog.com/contact-us,2026-09-07 05:29:12
http://dreamydelight.iblogger.org,404,Error_404,http://dreamydelight.iblogger.org/about-us,2026-09-07 05:29:12
http://mandyaachen.wuaze.com,404,Error_404,http://mandyaachen.wuaze.com/contact-us,2026-09-07 05:29:12
http://gilbertsearcy.kesug.com,404,Error_404,http://gilbertsearcy.kesug.com/about-us,2026-09-07 05:29:12
http://rochgardner.great-site.net,404,Error_404,http://rochgardner.great-site.net/about-us,2026-09-07 05:29:12
http://elvisadair.is-best.net,404,Error_404,http://elvisadair.is-best.net/about-us,2026-09-07 05:29:12
http://brunomarangon.lovestoblog.com,404,Error_404,http://brunomarangon.lovestoblog.com/,2026-09-07 05:29:12
http://islanathan.wuaze.com,404,Error_404,http://islanathan.wuaze.com/privacy-policy,2026-09-07 05:29:12
http://obinsondaniel.my-board.org,404,Error_404,http://obinsondaniel.my-board.org/about-us,2026-09-07 05:29:12
http://darinstephen.kesug.com,404,Error_404,http://darinstephen.kesug.com/contact-us,2026-09-07 05:29:12
http://tasiakarr.is-great.org,404,Error_404,http://tasiakarr.is-great.org/about-us,2026-09-07 05:29:12
http://lyricdawson.is-best.net,404,Error_404,http://lyricdawson.is-best.net/contact-us,2026-09-07 05:29:12
http://roycealfaro.wuaze.com,404,Error_404,http://roycealfaro.wuaze.com/contact-us,2026-09-07 05:29:12
http://johncabe.is-best.net,404,Error_404,http://johncabe.is-best.net/privacy-policy,2026-09-07 05:29:12
http://allanbucha.iblogger.org,404,Error_404,http://allanbucha.iblogger.org/about-us,2026-09-07 05:29:12
http://albinagrieco.is-great.org,404,Error_404,http://albinagrieco.is-great.org/privacy-policy,2026-09-07 05:29:12
http://myrablanton.kesug.com,404,Error_404,http://myrablanton.kesug.com/about-us,2026-09-07 05:29:12
http://hamishblack.wuaze.com,404,Error_404,http://hamishblack.wuaze.com/about-us,2026-09-07 05:29:12
http://amylaroche.is-best.net,404,Error_404,http://amylaroche.is-best.net/contact-us,2026-09-07 05:29:12
http://joserrano.kesug.com,404,Error_404,http://joserrano.kesug.com/contact-us,2026-09-07 05:29:12
http://florabrowni.is-best.net,404,Error_404,http://florabrowni.is-best.net/privacy-policy,2026-09-07 05:29:12
http://transfers.wuaze.com,404,Error_404,http://transfers.wuaze.com/about-us,2026-09-07 05:29:12
http://frankfay.is-best.net,404,Error_404,http://frankfay.is-best.net/privacy-policy,2026-09-07 05:29:12
http://luciusmartin.is-best.net,404,Error_404,http://luciusmartin.is-best.net/contact-us,2026-09-07 05:29:12
http://reinholdhofbauer.wuaze.com,404,Error_404,http://reinholdhofbauer.wuaze.com/about-us,2026-09-07 05:29:12
http://caidenbond.is-best.net,404,Error_404,http://caidenbond.is-best.net/privacy-policy,2026-09-07 05:29:12
http://boltblaze.great-site.net,404,Error_404,http://boltblaze.great-site.net/about-us,2026-09-07 05:29:12
http://ethansaranealis.great-site.net,404,Error_404,http://ethansaranealis.great-site.net/contact-us,2026-09-07 05:29:12
http://korasolomon.wuaze.com,404,Error_404,http://korasolomon.wuaze.com/about-us,2026-09-07 05:29:12
http://kareemwilcox.is-great.net,404,Error_404,http://kareemwilcox.is-great.net/about-us,2026-09-07 05:29:12
http://nathansidins.wuaze.com,404,Error_404,http://nathansidins.wuaze.com/privacy-policy,2026-09-07 05:29:12
http://ethankidlun.is-great.net,404,Error_404,http://ethankidlun.is-great.net/privacy-policy,2026-09-07 05:29:12
http://kaylanirollins.wuaze.com,404,Error_404,http://kaylanirollins.wuaze.com/contact-us,2026-09-07 05:29:12
http://quantumquasar.my-board.org,404,Error_404,http://quantumquasar.my-board.org/privacy-policy,2026-09-07 05:29:12
http://azielrobles.is-great.net,404,Error_404,http://azielrobles.is-great.net/about-us,2026-09-07 05:29:12
http://freyawelch.is-great.net,404,Error_404,http://freyawelch.is-great.net/about-us,2026-09-07 05:29:12
http://mohamedcerny.is-great.net,404,Error_404,http://mohamedcerny.is-great.net/contact-us,2026-09-07 05:29:12
http://independentatlanta.synergize.co,404,Error_404,http://independentatlanta.synergize.co/about-us,2026-09-07 05:29:12
http://reynaldogilbert.is-best.net,404,Error_404,http://reynaldogilbert.is-best.net/privacy-policy,2026-09-07 05:29:12
http://postrogwarts.great-site.net,404,Error_404,http://postrogwarts.great-site.net/contact-us,2026-09-07 05:29:12
http://hassanmonroe.is-great.org,404,Error_404,http://hassanmonroe.is-great.org/contact-us,2026-09-07 05:29:12
http://cameronkerr.is-great.net,404,Error_404,http://cameronkerr.is-great.net/contact-us,2026-09-07 05:29:12
http://duskdrifte.wuaze.com,404,Error_404,http://duskdrifte.wuaze.com/privacy-policy,2026-09-07 05:29:12
http://deliaedwards.lovestoblog.com,404,Error_404,http://deliaedwards.lovestoblog.com/contact-us,2026-09-07 05:29:12
http://amariswade.is-great.net,404,Error_404,http://amariswade.is-great.net/privacy-policy,2026-09-07 05:29:12
http://consuelosegura.kesug.com,404,Error_404,http://consuelosegura.kesug.com/,2026-09-07 05:29:12
http://florenruelas.is-best.net,404,Error_404,http://florenruelas.is-best.net/about-us,2026-09-07 05:29:12
http://trendytravel.totalh.net,404,Error_404,http://trendytravel.totalh.net/about-us,2026-09-07 05:29:12
http://gglobemornin.great-site.net,404,Error_404,http://gglobemornin.great-site.net/privacy-policy,2026-09-07 05:29:12
http://andrewduran.iblogger.org,404,Error_404,http://andrewduran.iblogger.org/about-us,2026-09-07 05:29:12
http://marconaumann.is-best.net,404,Error_404,http://marconaumann.is-best.net/about-us,2026-09-07 05:29:12
http://citythescoopnews.totalh.net,404,Error_404,http://citythescoopnews.totalh.net/about-us,2026-09-07 05:29:12
http://miamiherald.great-site.net,404,Error_404,http://miamiherald.great-site.net/privacy-policy,2026-09-07 05:29:12
http://sunlitspecter.kesug.com,404,Error_404,http://sunlitspecter.kesug.com/privacy-policy,2026-09-07 05:29:12
http://gregcairns.is-best.net,404,Error_404,http://gregcairns.is-best.net/about-us,2026-09-07 05:29:12
http://sophiaknapp.lovestoblog.com,404,Error_404,http://sophiaknapp.lovestoblog.com/about-us,2026-09-07 05:29:12
http://edithrodriguez.wuaze.com,404,Error_404,http://edithrodriguez.wuaze.com/about-us,2026-09-07 05:29:12
http://joannelam.is-great.net,404,Error_404,http://joannelam.is-great.net/contact-us,2026-09-07 05:29:12
http://houstongreene.iblogger.org,404,Error_404,http://houstongreene.iblogger.org/contact-us,2026-09-07 05:29:12
http://willzhang.great-site.net,404,Error_404,http://willzhang.great-site.net/privacy-policy,2026-09-07 05:29:12
http://philippaarmstrong.kesug.com,404,Error_404,http://philippaarmstrong.kesug.com/about-us,2026-09-07 05:29:12
http://nathanheadley.lovestoblog.com,404,Error_404,http://nathanheadley.lovestoblog.com/,2026-09-07 05:29:12
http://alexcavalli.wuaze.com,404,Error_404,http://alexcavalli.wuaze.com/privacy-policy,2026-09-07 05:29:12
http://huberthanna.kesug.com,404,Error_404,http://huberthanna.kesug.com/privacy-policy,2026-09-07 05:29:12
http://guardianthenews.great-site.net,404,Error_404,http://guardianthenews.great-site.net/about-us,2026-09-07 05:29:12
http://dustinmichael.wuaze.com,404,Error_404,http://dustinmichael.wuaze.com/,2026-09-07 05:29:12
http://darrylkim.lovestoblog.com,404,Error_404,http://darrylkim.lovestoblog.com/privacy-policy,2026-09-07 05:29:12
http://oceanwhisperer.is-best.net,404,Error_404,http://oceanwhisperer.is-best.net/contact-us,2026-09-07 05:29:12
http://blazebright.nichesite.org,404,Error_404,http://blazebright.nichesite.org/contact-us,2026-09-07 05:29:12
http://hogwartsthemetro.wuaze.com,404,Error_404,http://hogwartsthemetro.wuaze.com/contact-us,2026-09-07 05:29:12
http://peterlee.is-best.net,404,Error_404,http://peterlee.is-best.net/privacy-policy,2026-09-07 05:29:12
http://dailythegraphic.great-site.net,404,Error_404,http://dailythegraphic.great-site.net/contact-us,2026-09-07 05:29:12
http://vanesamurillo.iblogger.org,404,Error_404,http://vanesamurillo.iblogger.org/privacy-policy,2026-09-07 05:29:12
http://morninthegepoch.fast-page.org,404,Error_404,http://morninthegepoch.fast-page.org/privacy-policy,2026-09-07 05:29:12
http://juanitawelsh.is-best.net,404,Error_404,http://juanitawelsh.is-best.net/privacy-policy,2026-09-07 05:29:12
http://gaylordpitts.lovestoblog.com,404,Error_404,http://gaylordpitts.lovestoblog.com/about-us,2026-09-07 05:29:12
http://brucegleason.iblogger.org,404,Error_404,http://brucegleason.iblogger.org/contact-us,2026-09-07 05:29:12
http://niameyer.is-great.org,404,Error_404,http://niameyer.is-great.org/,2026-09-07 05:29:12
http://tribuneunion.wuaze.com,404,Error_404,http://tribuneunion.wuaze.com/privacy-policy,2026-09-07 05:29:12
http://robledobarreto.wuaze.com,404,Error_404,http://robledobarreto.wuaze.com/privacy-policy,2026-09-07 05:29:12
http://yvanlariviere.lovestoblog.com,404,Error_404,http://yvanlariviere.lovestoblog.com/privacy-policy,2026-09-07 05:29:12
http://kevinboyd.wuaze.com,404,Error_404,http://kevinboyd.wuaze.com/contact-us,2026-09-07 05:29:12
http://oscarbaird.kesug.com,404,Error_404,http://oscarbaird.kesug.com/about-us,2026-09-07 05:29:12
http://aidenburnell.great-site.net,404,Suspended,https://suspended-domain.net/index.php?host=aidenburnell.great-site.net,2026-09-07 05:29:12
http://guyknox.is-great.net,404,Error_404,http://guyknox.is-great.net/contact-us,2026-09-07 05:29:12
http://liamunderwood.is-great.org,404,Error_404,http://liamunderwood.is-great.org/privacy-policy,2026-09-07 05:29:12
http://gavinroth.is-great.org,404,Error_404,http://gavinroth.is-great.org/contact-us,2026-09-07 05:29:12
http://lanerichard.is-great.net,404,Error_404,http://lanerichard.is-great.net/privacy-policy,2026-09-07 05:29:12
http://marcobarlow.kesug.com,404,Error_404,http://marcobarlow.kesug.com/privacy-policy,2026-09-07 05:29:12
http://valentinomagana.wuaze.com,404,Error_404,http://valentinomagana.wuaze.com/about-us,2026-09-07 05:29:12
http://fernandkim.is-great.net,404,Error_404,http://fernandkim.is-great.net/privacy-policy,2026-09-07 05:29:12
http://groverpaul.iblogger.org,404,Error_404,http://groverpaul.iblogger.org/,2026-09-07 05:29:12
http://edwardcowan.wuaze.com,404,Error_404,http://edwardcowan.wuaze.com/privacy-policy,2026-09-07 05:29:12
http://dominperrin.great-site.net,404,Error_404,http://dominperrin.great-site.net/contact-us,2026-09-07 05:29:12
http://shadowseeker.is-great.net,404,Error_404,http://shadowseeker.is-great.net/privacy-policy,2026-09-07 05:29:12
http://mysticmarauder.mydiscussion.net,404,Error_404,http://mysticmarauder.mydiscussion.net/privacy-policy,2026-09-07 05:29:12
http://commentatorsogwarts.kesug.com,404,Error_404,http://commentatorsogwarts.kesug.com/about-us,2026-09-07 05:29:12
http://avianawalter.is-great.net,404,Error_404,http://avianawalter.is-great.net/contact-us,2026-09-07 05:29:12
http://jacopomarchese.is-best.net,404,Error_404,http://jacopomarchese.is-best.net/about-us,2026-09-07 05:29:12
http://archerstein.kesug.com,404,Error_404,http://archerstein.kesug.com/privacy-policy,2026-09-07 05:29:12
http://ardenmenendez.is-great.org,404,Error_404,http://ardenmenendez.is-great.org/contact-us,2026-09-07 05:29:12
http://faustinarueda.is-great.net,404,Suspended,https://suspended-domain.net/index.php?host=faustinarueda.is-great.net,2026-09-07 05:29:12
http://brucemendez.wuaze.com,404,Error_404,http://brucemendez.wuaze.com/,2026-09-07 05:29:12
http://duskdefender.iblogger.org,0,Invalid/Down,N/A,2026-09-07 05:29:12
http://ulisesgalaviz.is-best.net,404,Error_404,http://ulisesgalaviz.is-best.net/,2026-09-07 05:29:12
http://gwenmack.kesug.com,404,Error_404,http://gwenmack.kesug.com/privacy-policy,2026-09-07 05:29:12
http://nationalthenewsen.kesug.com,404,Error_404,http://nationalthenewsen.kesug.com/privacy-policy,2026-09-07 05:29:12
http://glenharrington.iblogger.org,404,Error_404,http://glenharrington.iblogger.org/about-us,2026-09-07 05:29:12
http://zainthomas.lovestoblog.com,404,Error_404,http://zainthomas.lovestoblog.com/contact-us,2026-09-07 05:29:12
http://dakotamoney.lovestoblog.com,404,Error_404,http://dakotamoney.lovestoblog.com/privacy-policy,2026-09-07 05:29:12
http://christinalove.kesug.com,404,Error_404,http://christinalove.kesug.com/about-us,2026-09-07 05:29:12
http://fosterlara.kesug.com,404,Error_404,http://fosterlara.kesug.com/contact-us,2026-09-07 05:29:12
http://osmanmargreiter.kesug.com,404,Error_404,http://osmanmargreiter.kesug.com/contact-us,2026-09-07 05:29:12
http://prisepressenter.kesug.com,404,Error_404,http://prisepressenter.kesug.com/about-us,2026-09-07 05:29:12
http://delaneymalone.lovestoblog.com,404,Error_404,http://delaneymalone.lovestoblog.com/privacy-policy,2026-09-07 05:29:12
http://patricefarmer.wuaze.com,404,Error_404,http://patricefarmer.wuaze.com/about-us,2026-09-07 05:29:12
http://newsfiledbooks.kesug.com,404,Error_404,http://newsfiledbooks.kesug.com/privacy-policy,2026-09-07 05:29:12
http://tysonbunker.kesug.com,404,Error_404,http://tysonbunker.kesug.com/privacy-policy,2026-09-07 05:29:12
http://belensolis.great-site.net,404,Error_404,http://belensolis.great-site.net/privacy-policy,2026-09-07 05:29:12
http://spiritsong.kesug.com,404,Suspended,https://suspended-domain.net/index.php?host=spiritsong.kesug.com,2026-09-07 05:29:12
http://zakirullalam.is-great.net,404,Error_404,http://zakirullalam.is-great.net/privacy-policy,2026-09-07 05:29:12
http://britnehorn.is-great.org,404,Error_404,http://britnehorn.is-great.org/privacy-policy,2026-09-07 05:29:12
http://aydinroy.is-great.net,404,Error_404,http://aydinroy.is-great.net/about-us,2026-09-07 05:29:12
http://bartlandry.is-great.org,404,Error_404,http://bartlandry.is-great.org/contact-us,2026-09-07 05:29:12
http://mlaicianfarper.is-great.net,404,Error_404,http://mlaicianfarper.is-great.net/privacy-policy,2026-09-07 05:29:12
http://sineadkim.lovestoblog.com,404,Error_404,http://sineadkim.lovestoblog.com/about-us,2026-09-07 05:29:12
http://indigoleafnews.social-networking.me,404,Error_404,http://indigoleafnews.social-networking.me/contact-us,2026-09-07 05:29:12
http://blainetrevino.great-site.net,404,Error_404,http://blainetrevino.great-site.net/privacy-policy,2026-09-07 05:29:12
http://francembry.my-style.in,404,Error_404,http://francembry.my-style.in/contact-us,2026-09-07 05:29:12
http://adalynriley.lovestoblog.com,404,Error_404,http://adalynriley.lovestoblog.com/,2026-09-07 05:29:12
http://gretweeks.iblogger.org,404,Error_404,http://gretweeks.iblogger.org/privacy-policy,2026-09-07 05:29:12
http://ianzhu.great-site.net,404,Error_404,http://ianzhu.great-site.net/privacy-policy,2026-09-07 05:29:12
http://federidiaz.lovestoblog.com,404,Error_404,http://federidiaz.lovestoblog.com/privacy-policy,2026-09-07 05:29:12
http://arielalfaro.iblogger.org,404,Error_404,http://arielalfaro.iblogger.org/about-us,2026-09-07 05:29:12
http://kathryndennis.wuaze.com,404,Error_404,http://kathryndennis.wuaze.com/about-us,2026-09-07 05:29:12
http://mariebonnie.lovestoblog.com,404,Error_404,http://mariebonnie.lovestoblog.com/contact-us,2026-09-07 05:29:12
http://amaripeters.is-great.org,404,Error_404,http://amaripeters.is-great.org/privacy-policy,2026-09-07 05:29:12
http://lanevalentine.iblogger.org,404,Error_404,http://lanevalentine.iblogger.org/privacy-policy,2026-09-07 05:29:12
http://batementul.is-great.net,404,Error_404,http://batementul.is-great.net/contact-us,2026-09-07 05:29:12
http://jamewest.wuaze.com,404,Error_404,http://jamewest.wuaze.com/contact-us,2026-09-07 05:29:12
http://rogeliolawrence.is-best.net,404,Error_404,http://rogeliolawrence.is-best.net/about-us,2026-09-07 05:29:12
http://naziaparkin.is-great.net,404,Error_404,http://naziaparkin.is-great.net/privacy-policy,2026-09-07 05:29:12
http://observernews.kesug.com,404,Error_404,http://observernews.kesug.com/about-us,2026-09-07 05:29:12
http://melaniestout.is-best.net,404,Error_404,http://melaniestout.is-best.net/privacy-policy,2026-09-07 05:29:12
http://alloyaurora.talk4fun.net,404,Error_404,http://alloyaurora.talk4fun.net/contact-us,2026-09-07 05:29:12
http://franleon.great-site.net,404,Error_404,http://franleon.great-site.net/privacy-policy,2026-09-07 05:29:12
http://ameliamorgan.is-great.net,404,Error_404,http://ameliamorgan.is-great.net/contact-us,2026-09-07 05:29:12
http://hudsoningram.lovestoblog.com,404,Error_404,http://hudsoningram.lovestoblog.com/about-us,2026-09-07 05:29:12
http://aglayarocha.my-style.in,404,Error_404,http://aglayarocha.my-style.in/privacy-policy,2026-09-07 05:29:12
http://vincenttafoya.is-best.net,404,Error_404,http://vincenttafoya.is-best.net/privacy-policy,2026-09-07 05:29:12
http://margaretblan.wuaze.com,404,Error_404,http://margaretblan.wuaze.com/about-us,2026-09-07 05:29:12
http://haleylara.kesug.com,404,Error_404,http://haleylara.kesug.com/privacy-policy,2026-09-07 05:29:12
http://moonmysti.nichesite.org,404,Error_404,http://moonmysti.nichesite.org/privacy-policy,2026-09-07 05:29:12
http://milenanorth.kesug.com,404,Error_404,http://milenanorth.kesug.com/contact-us,2026-09-07 05:29:12
http://phoenixmaynard.kesug.com,404,Error_404,http://phoenixmaynard.kesug.com/about-us,2026-09-07 05:29:12
http://jamircannon.is-great.net,404,Error_404,http://jamircannon.is-great.net/about-us,2026-09-07 05:29:12
http://laurencemills.is-best.net,404,Error_404,http://laurencemills.is-best.net/privacy-policy,2026-09-07 05:29:12
http://leiathomas.likesyou.org,404,Error_404,http://leiathomas.likesyou.org/contact-us,2026-09-07 05:29:12
http://tristinhite.is-great.org,404,Error_404,http://tristinhite.is-great.org/about-us,2026-09-07 05:29:12
http://simonemoroni.great-site.net,404,Error_404,http://simonemoroni.great-site.net/,2026-09-07 05:29:12
http://liliannamoss.lovestoblog.com,404,Error_404,http://liliannamoss.lovestoblog.com/privacy-policy,2026-09-07 05:29:12
http://dailytherecord.loveslife.biz,404,Error_404,http://dailytherecord.loveslife.biz/privacy-policy,2026-09-07 05:29:12
http://dixiemills.iblogger.org,404,Error_404,http://dixiemills.iblogger.org/contact-us,2026-09-07 05:29:12
http://trentenstoll.great-site.net,404,Error_404,http://trentenstoll.great-site.net/contact-us,2026-09-07 05:29:12
http://lucyfisher.wuaze.com,404,Error_404,http://lucyfisher.wuaze.com/privacy-policy,2026-09-07 05:29:12
http://robynrivers.kesug.com,404,Error_404,http://robynrivers.kesug.com/privacy-policy,2026-09-07 05:29:12
http://ambercroft.lovestoblog.com,404,Error_404,http://ambercroft.lovestoblog.com/about-us,2026-09-07 05:29:12
http://fayeporter.wuaze.com,404,Error_404,http://fayeporter.wuaze.com/about-us,2026-09-07 05:29:12
http://novanavigator.lovestoblog.com,404,Error_404,http://novanavigator.lovestoblog.com/contact-us,2026-09-07 05:29:12
http://jeffjacobs.is-best.net,404,Error_404,http://jeffjacobs.is-best.net/about-us,2026-09-07 05:29:12
http://collindejesus.lovestoblog.com,404,Error_404,http://collindejesus.lovestoblog.com/contact-us,2026-09-07 05:29:12
http://kirstennewman.lovestoblog.com,404,Error_404,http://kirstennewman.lovestoblog.com/privacy-policy,2026-09-07 05:29:12
http://birmintheghamail.nichesite.org,404,Error_404,http://birmintheghamail.nichesite.org/about-us,2026-09-07 05:29:12
http://jacksoncorfield.likesyou.org,404,Error_404,http://jacksoncorfield.likesyou.org/contact-us,2026-09-07 05:29:12
http://abbienolan.kesug.com,404,Error_404,http://abbienolan.kesug.com/about-us,2026-09-07 05:29:12
http://ethanfreehill.is-best.net,404,Error_404,http://ethanfreehill.is-best.net/,2026-09-07 05:29:12
http://giuseppeknight.great-site.net,404,Error_404,http://giuseppeknight.great-site.net/contact-us,2026-09-07 05:29:12
http://fredrickweston.iblogger.org,404,Error_404,http://fredrickweston.iblogger.org/contact-us,2026-09-07 05:29:12
http://lovrepranjic.wuaze.com,404,Error_404,http://lovrepranjic.wuaze.com/about-us,2026-09-07 05:29:12
http://mikelcameron.wuaze.com,404,Error_404,http://mikelcameron.wuaze.com/privacy-policy,2026-09-07 05:29:12
http://emanuelrubio.iblogger.org,404,Error_404,http://emanuelrubio.iblogger.org/contact-us,2026-09-07 05:29:12
http://colettejennin.wuaze.com,404,Error_404,http://colettejennin.wuaze.com/contact-us,2026-09-07 05:29:12
http://auroraalloy.my-board.org,404,Error_404,http://auroraalloy.my-board.org/privacy-policy,2026-09-07 05:29:12
http://abelfowler.great-site.net,404,Error_404,http://abelfowler.great-site.net/,2026-09-07 05:29:12
http://montgomeryhenry.nichesite.org,404,Error_404,http://montgomeryhenry.nichesite.org/privacy-policy,2026-09-07 05:29:12
http://alicreamer.great-site.net,404,Error_404,http://alicreamer.great-site.net/contact-us,2026-09-07 05:29:12
http://ladonnatanner.kesug.com,404,Error_404,http://ladonnatanner.kesug.com/about-us,2026-09-07 05:29:12
http://monicadietrich.iblogger.org,404,Error_404,http://monicadietrich.iblogger.org/about-us,2026-09-07 05:29:12
http://charliecarson.iblogger.org,404,Error_404,http://charliecarson.iblogger.org/privacy-policy,2026-09-07 05:29:12
http://griffinaustin.is-great.net,404,Error_404,http://griffinaustin.is-great.net/contact-us,2026-09-07 05:29:12
http://fidelcrosby.kesug.com,404,Error_404,http://fidelcrosby.kesug.com/,2026-09-07 05:29:12
http://alejandroshah.is-great.net,404,Error_404,http://alejandroshah.is-great.net/about-us,2026-09-07 05:29:12
http://benburkitt.lovestoblog.com,404,Error_404,http://benburkitt.lovestoblog.com/about-us,2026-09-07 05:29:12
http://douglasscott.is-best.net,404,Error_404,http://douglasscott.is-best.net/about-us,2026-09-07 05:29:12
http://benmaltais.my-style.in,404,Error_404,http://benmaltais.my-style.in/about-us,2026-09-07 05:29:12
http://quintinmaples.my-style.in,404,Error_404,http://quintinmaples.my-style.in/contact-us,2026-09-07 05:29:12
http://attorehefline.great-site.net,404,Error_404,http://attorehefline.great-site.net/contact-us,2026-09-07 05:29:12
http://lucianoschmitt.is-great.net,404,Error_404,http://lucianoschmitt.is-great.net/privacy-policy,2026-09-07 05:29:12
http://techwiki.nichesite.org,404,Error_404,http://techwiki.nichesite.org/contact-us,2026-09-07 05:29:12
http://rubythebulletin.lovestoblog.com,404,Error_404,http://rubythebulletin.lovestoblog.com/privacy-policy,2026-09-07 05:29:12
http://goldenstarthe.wuaze.com,404,Error_404,http://goldenstarthe.wuaze.com/,2026-09-07 05:29:12
http://jakerowntree.wuaze.com,404,Error_404,http://jakerowntree.wuaze.com/about-us,2026-09-07 05:29:12
http://careerchronicle.iblogger.org,404,Error_404,http://careerchronicle.iblogger.org/about-us,2026-09-07 05:29:12
http://rosanparsons.wuaze.com,404,Error_404,http://rosanparsons.wuaze.com/privacy-policy,2026-09-07 05:29:12
http://amaliecarlsen.is-great.net,404,Error_404,http://amaliecarlsen.is-great.net/about-us,2026-09-07 05:29:12
http://emmagrant.lovestoblog.com,404,Error_404,http://emmagrant.lovestoblog.com/about-us,2026-09-07 05:29:12
http://elliannalaughlin.great-site.net,404,Error_404,http://elliannalaughlin.great-site.net/about-us,2026-09-07 05:29:12
http://ernestodover.is-best.net,404,Error_404,http://ernestodover.is-best.net/about-us,2026-09-07 05:29:12
http://newsthenewtimes.fanclub.rocks,404,Error_404,http://newsthenewtimes.fanclub.rocks/,2026-09-07 05:29:12
http://rykerclayton.iblogger.org,0,Invalid/Down,N/A,2026-09-07 05:29:12
http://samanbindels.is-best.net,404,Error_404,http://samanbindels.is-best.net/about-us,2026-09-07 05:29:12
http://rainbowrealm.my-board.org,404,Error_404,http://rainbowrealm.my-board.org/privacy-policy,2026-09-07 05:29:12
http://gustavooliver.is-great.net,404,Error_404,http://gustavooliver.is-great.net/contact-us,2026-09-07 05:29:12
http://swendrechsler.my-style.in,404,Error_404,http://swendrechsler.my-style.in/contact-us,2026-09-07 05:29:12
http://minglemystic.loveslife.biz,404,Error_404,http://minglemystic.loveslife.biz/contact-us,2026-09-07 05:29:12
http://nazariozamrano.loveslife.biz,404,Error_404,http://nazariozamrano.loveslife.biz/privacy-policy,2026-09-07 05:29:12
http://thaddeusgill.is-best.net,404,Error_404,http://thaddeusgill.is-best.net/privacy-policy,2026-09-07 05:29:12
http://bertroberts.wuaze.com,404,Error_404,http://bertroberts.wuaze.com/about-us,2026-09-07 05:29:12
http://zayleerivera.lovestoblog.com,404,Error_404,http://zayleerivera.lovestoblog.com/contact-us,2026-09-07 05:29:12
http://berndkuhn.wuaze.com,404,Error_404,http://berndkuhn.wuaze.com/privacy-policy,2026-09-07 05:29:12
http://stacydonaldson.lovestoblog.com,404,Error_404,http://stacydonaldson.lovestoblog.com/privacy-policy,2026-09-07 05:29:12
http://clintlevine.wuaze.com,404,Error_404,http://clintlevine.wuaze.com/contact-us,2026-09-07 05:29:12
http://connorarmytage.is-great.org,404,Error_404,http://connorarmytage.is-great.org/contact-us,2026-09-07 05:29:12
http://deshauntang.is-best.net,404,Error_404,http://deshauntang.is-best.net/about-us,2026-09-07 05:29:12
http://harrystrong.is-great.org,404,Error_404,http://harrystrong.is-great.org/about-us,2026-09-07 05:29:12
http://rosaholt.lovestoblog.com,404,Error_404,http://rosaholt.lovestoblog.com/contact-us,2026-09-07 05:29:12
http://harrisonstapleton.is-great.org,404,Error_404,http://harrisonstapleton.is-great.org/contact-us,2026-09-07 05:29:12
http://mathewmacmillan.lovestoblog.com,404,Error_404,http://mathewmacmillan.lovestoblog.com/about-us,2026-09-07 05:29:12
http://stephaniewhite.kesug.com,404,Error_404,http://stephaniewhite.kesug.com/about-us,2026-09-07 05:29:12
http://moonlitmystery.great-site.net,404,Error_404,http://moonlitmystery.great-site.net/contact-us,2026-09-07 05:29:12
http://oceanoverture.is-best.net,404,Suspended,https://suspended-domain.net/index.php?host=oceanoverture.is-best.net,2026-09-07 05:29:12
http://silverstardust.wuaze.com,404,Error_404,http://silverstardust.wuaze.com/about-us,2026-09-07 05:29:12
http://yilmazwallner.kesug.com,404,Error_404,http://yilmazwallner.kesug.com/,2026-09-07 05:29:12
http://whisperingwillow.wuaze.com,404,Error_404,http://whisperingwillow.wuaze.com/contact-us,2026-09-07 05:29:12
http://vincentmathieu.is-great.net,404,Error_404,http://vincentmathieu.is-great.net/contact-us,2026-09-07 05:29:12
http://jessikaoster.wuaze.com,404,Error_404,http://jessikaoster.wuaze.com/contact-us,2026-09-07 05:29:12
http://ahmedparvez.fanclub.rocks,404,Error_404,http://ahmedparvez.fanclub.rocks/contact-us,2026-09-07 05:29:12
http://malcolmmarsden.iblogger.org,404,Error_404,http://malcolmmarsden.iblogger.org/contact-us,2026-09-07 05:29:12
http://jakartathepost.great-site.net/wp-admin,404,Suspended,https://suspended-domain.net/index.php?host=jakartathepost.great-site.net,2026-09-07 05:29:12
http://shadowseeke.iblogger.org,404,Error_404,http://shadowseeke.iblogger.org/about-us,2026-09-07 05:29:12
http://mysticmoon.my-style.in,404,Error_404,http://mysticmoon.my-style.in/contact-us,2026-09-07 05:29:12
http://moonlitmarvel.great-site.net,404,Error_404,http://moonlitmarvel.great-site.net/about-us,2026-09-07 05:29:12
http://oceanoracle.kesug.com,404,Error_404,http://oceanoracle.kesug.com/contact-us,2026-09-07 05:29:12
http://grahamblank.lovestoblog.com,404,Error_404,http://grahamblank.lovestoblog.com/contact-us,2026-09-07 05:29:12
http://pilotvirginian.kesug.com,404,Error_404,http://pilotvirginian.kesug.com/contact-us,2026-09-07 05:29:12
http://cristianhuang.wuaze.com,404,Error_404,http://cristianhuang.wuaze.com/about-us,2026-09-07 05:29:12
http://drintskoshlata.likesyou.org,404,Error_404,http://drintskoshlata.likesyou.org/about-us,2026-09-07 05:29:12
http://emmahooper.is-great.net,404,Error_404,http://emmahooper.is-great.net/about-us,2026-09-07 05:29:12
http://cesarcarrillo.wuaze.com,404,Error_404,http://cesarcarrillo.wuaze.com/about-us,2026-09-07 05:29:12
http://sarahurd.nichesite.org,404,Error_404,http://sarahurd.nichesite.org/privacy-policy,2026-09-07 05:29:12
http://brennenlind.wuaze.com,0,Invalid/Down,N/A,2026-09-07 05:29:12
http://clairwright.kesug.com,0,Invalid/Down,N/A,2026-09-07 05:29:12
http://agustinself.nichesite.org,404,Error_404,http://agustinself.nichesite.org/contact-us,2026-09-07 05:29:12
http://elliotmeyer.wuaze.com,404,Error_404,http://elliotmeyer.wuaze.com/contact-us,2026-09-07 05:29:12
http://pegsunwinni.mydiscussion.net,404,Error_404,http://pegsunwinni.mydiscussion.net/privacy-policy,2026-09-07 05:29:12
http://lauriemitchell.great-site.net,404,Error_404,http://lauriemitchell.great-site.net/about-us,2026-09-07 05:29:12
http://jackwilson.great-site.net,404,Error_404,http://jackwilson.great-site.net/about-us,2026-09-07 05:29:12
http://oliviacarney.kesug.com,404,Error_404,http://oliviacarney.kesug.com/,2026-09-07 05:29:12
http://brookewilkes.is-great.net,404,Error_404,http://brookewilkes.is-great.net/about-us,2026-09-07 05:29:12
http://samanthacantu.is-best.net,404,Error_404,http://samanthacantu.is-best.net/contact-us,2026-09-07 05:29:12
http://sunlitspectacle.nichesite.org,404,Error_404,http://sunlitspectacle.nichesite.org/privacy-policy,2026-09-07 05:29:12
http://blazebliss.totalh.net,404,Error_404,http://blazebliss.totalh.net/privacy-policy,2026-09-07 05:29:12
http://leonohickle.iblogger.org,404,Error_404,http://leonohickle.iblogger.org/privacy-policy,2026-09-07 05:29:12
http://moonlitmarvel.mydiscussion.net,404,Error_404,http://moonlitmarvel.mydiscussion.net/about-us,2026-09-07 05:29:12
http://archerselfe.lovestoblog.com,404,Error_404,http://archerselfe.lovestoblog.com/about-us,2026-09-07 05:29:12
http://wilfredclemen.iblogger.org,404,Error_404,http://wilfredclemen.iblogger.org/privacy-policy,2026-09-07 05:29:12
http://issaccalderon.is-great.net,404,Error_404,http://issaccalderon.is-great.net/privacy-policy,2026-09-07 05:29:12
http://chaimruiz.is-great.net,404,Error_404,http://chaimruiz.is-great.net/contact-us,2026-09-07 05:29:12
http://metroherald.great-site.net,404,Error_404,http://metroherald.great-site.net/privacy-policy,2026-09-07 05:29:12
http://poppypace.kesug.com,404,Error_404,http://poppypace.kesug.com/about-us,2026-09-07 05:29:12
http://peterhopkins.is-great.net,404,Error_404,http://peterhopkins.is-great.net/contact-us,2026-09-07 05:29:12
http://gianniheller.likesyou.org,404,Error_404,http://gianniheller.likesyou.org/about-us,2026-09-07 05:29:12
http://tristwillm.iblogger.org,404,Error_404,http://tristwillm.iblogger.org/contact-us,2026-09-07 05:29:12
http://leodelacruz.is-best.net,404,Error_404,http://leodelacruz.is-best.net/contact-us,2026-09-07 05:29:12
http://jordendurant.iblogger.org,404,Error_404,http://jordendurant.iblogger.org/contact-us,2026-09-07 05:29:12
http://daniellebenja.wuaze.com,404,Error_404,http://daniellebenja.wuaze.com/contact-us,2026-09-07 05:29:12
http://shadowshade.wuaze.com,404,Error_404,http://shadowshade.wuaze.com/contact-us,2026-09-07 05:29:12
http://tysondalton.kesug.com,404,Error_404,http://tysondalton.kesug.com/privacy-policy,2026-09-07 05:29:12
http://gabriellapala.lovestoblog.com,404,Error_404,http://gabriellapala.lovestoblog.com/contact-us,2026-09-07 05:29:12
http://trinarocha.iblogger.org,404,Error_404,http://trinarocha.iblogger.org/,2026-09-07 05:29:12
http://mcdanieljeanete.kesug.com,404,Error_404,http://mcdanieljeanete.kesug.com/,2026-09-07 05:29:12
http://abigailhawkins.iblogger.org,404,Error_404,http://abigailhawkins.iblogger.org/contact-us,2026-09-07 05:29:12
http://liamdicks.lovestoblog.com/wp-admin,404,Error_404,http://liamdicks.lovestoblog.com/wp-admin/contact-us,2026-09-07 05:29:12
http://zahirsawyer.is-great.net,404,Error_404,http://zahirsawyer.is-great.net/about-us,2026-09-07 05:29:12
http://jasikajemi.is-great.net,404,Error_404,http://jasikajemi.is-great.net/contact-us,2026-09-07 05:29:12
http://wilberlozano.kesug.com,404,Error_404,http://wilberlozano.kesug.com/privacy-policy,2026-09-07 05:29:12
http://gwenkaufman.is-best.net,404,Error_404,http://gwenkaufman.is-best.net/about-us,2026-09-07 05:29:12
http://rosendobarragan.great-site.net,404,Error_404,http://rosendobarragan.great-site.net/privacy-policy,2026-09-07 05:29:12
http://erinsut.is-great.net,404,Error_404,http://erinsut.is-great.net/,2026-09-07 05:29:12
http://nathanmarch.is-great.net,404,Error_404,http://nathanmarch.is-great.net/about-us,2026-09-07 05:29:12
http://randalpatter.iblogger.org,404,Error_404,http://randalpatter.iblogger.org/privacy-policy,2026-09-07 05:29:12
http://robbinstheearl.totalh.net,404,Error_404,http://robbinstheearl.totalh.net/contact-us,2026-09-07 05:29:12
http://marshariggs.is-great.org,404,Error_404,http://marshariggs.is-great.org/privacy-policy,2026-09-07 05:29:12
http://rebekahrojas.lovestoblog.com,404,Error_404,http://rebekahrojas.lovestoblog.com/privacy-policy,2026-09-07 05:29:12
http://eunicecraig.is-best.net,404,Error_404,http://eunicecraig.is-best.net/contact-us,2026-09-07 05:29:12
http://szollosyjolan.iblogger.org,404,Error_404,http://szollosyjolan.iblogger.org/privacy-policy,2026-09-07 05:29:12
http://fannieriggs.lovestoblog.com,404,Error_404,http://fannieriggs.lovestoblog.com/contact-us,2026-09-07 05:29:12
http://hogwartthedaily.wuaze.com,404,Error_404,http://hogwartthedaily.wuaze.com/about-us,2026-09-07 05:29:12
http://couranthogwarts.fanclub.rocks,404,Error_404,http://couranthogwarts.fanclub.rocks/privacy-policy,2026-09-07 05:29:12
http://serenadoyle.lovestoblog.com,404,Error_404,http://serenadoyle.lovestoblog.com/contact-us,2026-09-07 05:29:12
http://aliaely.is-great.org,404,Error_404,http://aliaely.is-great.org/privacy-policy,2026-09-07 05:29:12
http://rorymacarthur.is-great.org,404,Error_404,http://rorymacarthur.is-great.org/privacy-policy,2026-09-07 05:29:12
http://terryponce.wuaze.com,404,Error_404,http://terryponce.wuaze.com/contact-us,2026-09-07 05:29:12
http://donaldrhodes.iblogger.org,404,Error_404,http://donaldrhodes.iblogger.org/contact-us,2026-09-07 05:29:12
http://morganlove.lovestoblog.com,404,Error_404,http://morganlove.lovestoblog.com/about-us,2026-09-07 05:29:12
http://devonteglover.kesug.com,404,Error_404,http://devonteglover.kesug.com/privacy-policy,2026-09-07 05:29:12
http://freelancerhogwarts.is-best.net,404,Error_404,http://freelancerhogwarts.is-best.net/privacy-policy,2026-09-07 05:29:12
http://ottodaniel.iblogger.org,404,Error_404,http://ottodaniel.iblogger.org/contact-us,2026-09-07 05:29:12
http://santaguada.wuaze.com,404,Error_404,http://santaguada.wuaze.com/about-us,2026-09-07 05:29:12
http://currentsnew.great-site.net,404,Error_404,http://currentsnew.great-site.net/privacy-policy,2026-09-07 05:29:12
http://vanessamaynard.iblogger.org,404,Error_404,http://vanessamaynard.iblogger.org/contact-us,2026-09-07 05:29:12
http://lnicholsdonnel.totalh.net,404,Error_404,http://lnicholsdonnel.totalh.net/about-us,2026-09-07 05:29:12
http://couturecorner.nichesite.org,404,Error_404,http://couturecorner.nichesite.org/contact-us,2026-09-07 05:29:12
http://darciebruce.is-great.org,404,Error_404,http://darciebruce.is-great.org/,2026-09-07 05:29:12
http://dailythegleaner.lovestoblog.com,404,Error_404,http://dailythegleaner.lovestoblog.com/privacy-policy,2026-09-07 05:29:12
http://spectersunlit.is-best.net,404,Error_404,http://spectersunlit.is-best.net/contact-us,2026-09-07 05:29:12
http://artisanarctic.nichesite.org,404,Error_404,http://artisanarctic.nichesite.org/contact-us,2026-09-07 05:29:12
http://dylanlees.is-best.net,404,Error_404,http://dylanlees.is-best.net/,2026-09-07 05:29:12
http://japanthetimes.lovestoblog.com,404,Error_404,http://japanthetimes.lovestoblog.com/privacy-policy,2026-09-07 05:29:12
http://ilonakrug.lovestoblog.com,404,Error_404,http://ilonakrug.lovestoblog.com/contact-us,2026-09-07 05:29:12
http://albamosley.iblogger.org,404,Error_404,http://albamosley.iblogger.org/privacy-policy,2026-09-07 05:29:12
http://landynmassey.iblogger.org,404,Error_404,http://landynmassey.iblogger.org/contact-us,2026-09-07 05:29:12
http://latashamcneil.great-site.net,404,Error_404,http://latashamcneil.great-site.net/contact-us,2026-09-07 05:29:12
http://erikbridges.lovestoblog.com,404,Error_404,http://erikbridges.lovestoblog.com/about-us,2026-09-07 05:29:12
http://samuelsaville.is-great.org,0,Invalid/Down,N/A,2026-09-07 05:29:12
http://cameronwilkinson.wuaze.com,404,Error_404,http://cameronwilkinson.wuaze.com/privacy-policy,2026-09-07 05:29:12
http://elwoodhanna.lovestoblog.com,404,Error_404,http://elwoodhanna.lovestoblog.com/about-us,2026-09-07 05:29:12
http://archermcgowen.lovestoblog.com,0,Invalid/Down,N/A,2026-09-07 05:29:12
http://francescacarr.is-great.net,404,Error_404,http://francescacarr.is-great.net/about-us,2026-09-07 05:29:12
http://houstonstoll.great-site.net,404,Error_404,http://houstonstoll.great-site.net/contact-us,2026-09-07 05:29:12
http://natedease.wuaze.com,404,Error_404,http://natedease.wuaze.com/contact-us,2026-09-07 05:29:12
http://crimsoncomet.kesug.com,404,Error_404,http://crimsoncomet.kesug.com/about-us,2026-09-07 05:29:12
http://zoieriley.kesug.com,404,Error_404,http://zoieriley.kesug.com/,2026-09-07 05:29:12
http://thenewslejournal.wuaze.com,404,Error_404,http://thenewslejournal.wuaze.com/contact-us,2026-09-07 05:29:12
http://danielproctor.is-great.org,404,Error_404,http://danielproctor.is-great.org/privacy-policy,2026-09-07 05:29:12
http://discoverydailynews.kesug.com,404,Error_404,http://discoverydailynews.kesug.com/about-us,2026-09-07 05:29:12
http://daniloporta.kesug.com,404,Error_404,http://daniloporta.kesug.com/privacy-policy,2026-09-07 05:29:12
http://eclipseember.great-site.net,404,Error_404,http://eclipseember.great-site.net/about-us,2026-09-07 05:29:12
http://annaleak.great-site.net,404,Suspended,https://suspended-domain.net/index.php?host=annaleak.great-site.net,2026-09-07 05:29:12
http://ronandrews.great-site.net,404,Error_404,http://ronandrews.great-site.net/privacy-policy,2026-09-07 05:29:12
http://corinemcintyre.is-great.net,404,Error_404,http://corinemcintyre.is-great.net/contact-us,2026-09-07 05:29:12
http://athenaleonard.kesug.com,404,Error_404,http://athenaleonard.kesug.com/contact-us,2026-09-07 05:29:12
http://mekhivaughn.is-great.net,404,Error_404,http://mekhivaughn.is-great.net/contact-us,2026-09-07 05:29:12
http://andreawilcox.kesug.com/wp-admin,404,Error_404,http://andreawilcox.kesug.com/wp-admin/contact-us,2026-09-07 05:29:12
http://thundertempest.lovestoblog.com,404,Error_404,http://thundertempest.lovestoblog.com/about-us,2026-09-07 05:29:12
http://globethemail.my-board.org,404,Error_404,http://globethemail.my-board.org/contact-us,2026-09-07 05:29:12
http://laniamedia.is-best.net,404,Error_404,http://laniamedia.is-best.net/privacy-policy,2026-09-07 05:29:12
http://carliephelps.iblogger.org,404,Error_404,http://carliephelps.iblogger.org/privacy-policy,2026-09-07 05:29:12
http://guylainemcmahon.great-site.net,404,Error_404,http://guylainemcmahon.great-site.net/privacy-policy,2026-09-07 05:29:12
http://renacruz.wuaze.com,404,Error_404,http://renacruz.wuaze.com/about-us,2026-09-07 05:29:12
http://toriblackburn.wuaze.com,404,Error_404,http://toriblackburn.wuaze.com/about-us,2026-09-07 05:29:12
http://adadudley.iblogger.org,404,Error_404,http://adadudley.iblogger.org/about-us,2026-09-07 05:29:12
http://jarodlindberg.kesug.com,404,Error_404,http://jarodlindberg.kesug.com/contact-us,2026-09-07 05:29:12
http://bhroniclevareer.is-great.net,404,Error_404,http://bhroniclevareer.is-great.net/,2026-09-07 05:29:12
http://zohaibgardner.is-great.net,404,Error_404,http://zohaibgardner.is-great.net/,2026-09-07 05:29:12
http://mistmystic.iblogger.org,404,Error_404,http://mistmystic.iblogger.org/privacy-policy,2026-09-07 05:29:12
http://laynebernal.kesug.com,404,Error_404,http://laynebernal.kesug.com/about-us,2026-09-07 05:29:12
http://karenchurchill.iblogger.org,404,Error_404,http://karenchurchill.iblogger.org/privacy-policy,2026-09-07 05:29:12
http://karinkoehler.great-site.net,404,Error_404,http://karinkoehler.great-site.net/about-us,2026-09-07 05:29:12
http://ginabruner.lovestoblog.com,404,Error_404,http://ginabruner.lovestoblog.com/contact-us,2026-09-07 05:29:12
http://opheliavargas.lovestoblog.com,404,Error_404,http://opheliavargas.lovestoblog.com/privacy-policy,2026-09-07 05:29:12
http://levibarkly.lovestoblog.com,404,Error_404,http://levibarkly.lovestoblog.com/privacy-policy,2026-09-07 05:29:12
http://kathekeller.lovestoblog.com,404,Error_404,http://kathekeller.lovestoblog.com/privacy-policy,2026-09-07 05:29:12
http://brodiemalley.kesug.com,404,Error_404,http://brodiemalley.kesug.com/about-us,2026-09-07 05:29:12
http://elsieblevins.kesug.com,404,Error_404,http://elsieblevins.kesug.com/about-us,2026-09-07 05:29:12
http://sleekstylenews.lovestoblog.com,404,Error_404,http://sleekstylenews.lovestoblog.com/contact-us,2026-09-07 05:29:12
http://garfieldpitts.kesug.com,404,Error_404,http://garfieldpitts.kesug.com/contact-us,2026-09-07 05:29:12
http://francescraven.wuaze.com,404,Error_404,http://francescraven.wuaze.com/about-us,2026-09-07 05:29:12
http://denverhuynh.is-great.net,404,Error_404,http://denverhuynh.is-great.net/about-us,2026-09-07 05:29:12
http://newsmercury.kesug.com,0,Invalid/Down,N/A,2026-09-07 05:29:12
http://eddiepetiet.wuaze.com,404,Error_404,http://eddiepetiet.wuaze.com/contact-us,2026-09-07 05:29:12
http://marcelinobryant.great-site.net,404,Error_404,http://marcelinobryant.great-site.net/about-us,2026-09-07 05:29:12
http://ledgermitchell.is-great.net,404,Error_404,http://ledgermitchell.is-great.net/about-us,2026-09-07 05:29:12
http://jerusathelempost.lovestoblog.com,404,Error_404,http://jerusathelempost.lovestoblog.com/contact-us,2026-09-07 05:29:12
http://opheliapadi.lovestoblog.com,404,Error_404,http://opheliapadi.lovestoblog.com/about-us,2026-09-07 05:29:12
http://georgepaterson.kesug.com,404,Error_404,http://georgepaterson.kesug.com/contact-us,2026-09-07 05:29:12
http://enochbridges.iblogger.org,404,Error_404,http://enochbridges.iblogger.org/privacy-policy,2026-09-07 05:29:12
http://blainemeehan.great-site.net,404,Error_404,http://blainemeehan.great-site.net/about-us,2026-09-07 05:29:12
http://urbanexpress.wuaze.com/wp-admin,404,Error_404,http://urbanexpress.wuaze.com/wp-admin/privacy-policy,2026-09-07 05:29:12
http://willowcoleman.wuaze.com,404,Error_404,http://willowcoleman.wuaze.com/about-us,2026-09-07 05:29:12
http://karlisaylor.is-best.net,404,Error_404,http://karlisaylor.is-best.net/contact-us,2026-09-07 05:29:12
http://hogwartsfreepress.great-site.net,404,Error_404,http://hogwartsfreepress.great-site.net/,2026-09-07 05:29:12
http://matemercedesz.loveslife.biz,404,Error_404,http://matemercedesz.loveslife.biz/,2026-09-07 05:29:12
http://marciabanks.great-site.net,404,Error_404,http://marciabanks.great-site.net/privacy-policy,2026-09-07 05:29:12
http://vitomilano.lovestoblog.com,404,Error_404,http://vitomilano.lovestoblog.com/contact-us,2026-09-07 05:29:12
http://warneradkins.wuaze.com,404,Error_404,http://warneradkins.wuaze.com/privacy-policy,2026-09-07 05:29:12
http://judyperron.is-best.net,404,Error_404,http://judyperron.is-best.net/contact-us,2026-09-07 05:29:12
http://shaynarobert.kesug.com,404,Error_404,http://shaynarobert.kesug.com/privacy-policy,2026-09-07 05:29:12
http://dailythetelegraph.iblogger.org,404,Error_404,http://dailythetelegraph.iblogger.org/about-us,2026-09-07 05:29:12
http://amarimosier.wuaze.com,404,Error_404,http://amarimosier.wuaze.com/privacy-policy,2026-09-07 05:29:12
http://sambruxner.lovestoblog.com,404,Error_404,http://sambruxner.lovestoblog.com/privacy-policy,2026-09-07 05:29:12
http://nichodobson.lovestoblog.com,404,Error_404,http://nichodobson.lovestoblog.com/about-us,2026-09-07 05:29:12
http://gwynethcamacho.lovestoblog.com,404,Error_404,http://gwynethcamacho.lovestoblog.com/contact-us,2026-09-07 05:29:12
http://patsycaldwell.wuaze.com,404,Error_404,http://patsycaldwell.wuaze.com/privacy-policy,2026-09-07 05:29:12
http://helenbutt.is-best.net,404,Error_404,http://helenbutt.is-best.net/privacy-policy,2026-09-07 05:29:12
http://newsculturopedia.lovestoblog.com/wp-admin,404,Error_404,http://newsculturopedia.lovestoblog.com/wp-admin/privacy-policy,2026-09-07 05:29:12
http://oscarheadlam.kesug.com/wp-admin,404,Error_404,http://oscarheadlam.kesug.com/wp-admin/privacy-policy,2026-09-07 05:29:12
http://nurturernova.lovestoblog.com,404,Error_404,http://nurturernova.lovestoblog.com/contact-us,2026-09-07 05:29:12
http://opalbarry.wuaze.com,404,Error_404,http://opalbarry.wuaze.com/about-us,2026-09-07 05:29:12
http://joshuabeasley.lovestoblog.com,404,Suspended,https://suspended-domain.net/index.php?host=joshuabeasley.lovestoblog.com,2026-09-07 05:29:12
http://annabellaponce.is-great.org,404,Error_404,http://annabellaponce.is-great.org/privacy-policy,2026-09-07 05:29:12
http://echoethereal.wuaze.com,404,Error_404,http://echoethereal.wuaze.com/privacy-policy,2026-09-07 05:29:12
http://lunaluminescenc.great-site.net,404,Error_404,http://lunaluminescenc.great-site.net/privacy-policy,2026-09-07 05:29:12
http://kellenbranch.is-best.net,404,Error_404,http://kellenbranch.is-best.net/contact-us,2026-09-07 05:29:12
http://juneduchesne.lovestoblog.com,404,Error_404,http://juneduchesne.lovestoblog.com/about-us,2026-09-07 05:29:12
http://virgilgallegos.lovestoblog.com,404,Error_404,http://virgilgallegos.lovestoblog.com/about-us,2026-09-07 05:29:12
http://patricemedina.is-best.net,404,Error_404,http://patricemedina.is-best.net/contact-us,2026-09-07 05:29:12
http://columbmoris.wuaze.com,404,Error_404,http://columbmoris.wuaze.com/privacy-policy,2026-09-07 05:29:12
http://trentonwinters.is-best.net,404,Error_404,http://trentonwinters.is-best.net/privacy-policy,2026-09-07 05:29:12
http://itreadabout.great-site.net,404,Error_404,http://itreadabout.great-site.net/about-us,2026-09-07 05:29:12
http://annettkappel.lovestoblog.com,404,Error_404,http://annettkappel.lovestoblog.com/about-us,2026-09-07 05:29:12
http://abdulkong.wuaze.com,404,Error_404,http://abdulkong.wuaze.com/contact-us,2026-09-07 05:29:12
http://ceciliaduckwo.lovestoblog.com,404,Error_404,http://ceciliaduckwo.lovestoblog.com/contact-us,2026-09-07 05:29:12
http://davinamaynard.iblogger.org,404,Error_404,http://davinamaynard.iblogger.org/about-us,2026-09-07 05:29:12
http://verifiednews.great-site.net,404,Error_404,http://verifiednews.great-site.net/about-us,2026-09-07 05:29:12
http://lunadaythedavid.synergize.co,404,Error_404,http://lunadaythedavid.synergize.co/about-us,2026-09-07 05:29:12
http://dorianapisani.is-great.org,404,Error_404,http://dorianapisani.is-great.org/privacy-policy,2026-09-07 05:29:12
http://alchemistarctic.iblogger.org,404,Error_404,http://alchemistarctic.iblogger.org/privacy-policy,2026-09-07 05:29:12
http://meghanhorne.lovestoblog.com,404,Error_404,http://meghanhorne.lovestoblog.com/privacy-policy,2026-09-07 05:29:12
http://theinsighttimes.great-site.net,404,Error_404,http://theinsighttimes.great-site.net/about-us,2026-09-07 05:29:12
http://karinazazueta.is-best.net,404,Suspended,https://suspended-domain.net/index.php?host=karinazazueta.is-best.net,2026-09-07 05:29:12
http://allysahargis.wuaze.com,404,Error_404,http://allysahargis.wuaze.com/,2026-09-07 05:29:12
http://dereksmall.wuaze.com,404,Error_404,http://dereksmall.wuaze.com/privacy-policy,2026-09-07 05:29:12
http://johannacorbett.iblogger.org,404,Error_404,http://johannacorbett.iblogger.org/about-us,2026-09-07 05:29:12
http://thenewstorontosun.iblogger.org,404,Error_404,http://thenewstorontosun.iblogger.org/contact-us,2026-09-07 05:29:12
http://michaelyagan.iblogger.org,404,Suspended,https://suspended-domain.net/index.php?host=michaelyagan.iblogger.org,2026-09-07 05:29:12
http://justinowens.is-best.net,404,Error_404,http://justinowens.is-best.net/privacy-policy,2026-09-07 05:29:12
http://soniaingram.wuaze.com,404,Error_404,http://soniaingram.wuaze.com/about-us,2026-09-07 05:29:12
http://rioclark.iblogger.org,404,Error_404,http://rioclark.iblogger.org/about-us,2026-09-07 05:29:12
http://journalprovi.great-site.net,404,Error_404,http://journalprovi.great-site.net/,2026-09-07 05:29:12
http://kriszimmer.is-great.org,404,Error_404,http://kriszimmer.is-great.org/privacy-policy,2026-09-07 05:29:12
http://crawfordtomnews.fanclub.rocks,404,Error_404,http://crawfordtomnews.fanclub.rocks/about-us,2026-09-07 05:29:12
http://musastevens.iblogger.org,404,Error_404,http://musastevens.iblogger.org/privacy-policy,2026-09-07 05:29:12
http://girolamaiodice.wuaze.com,404,Error_404,http://girolamaiodice.wuaze.com/privacy-policy,2026-09-07 05:29:12
http://expressthebogwarts.lovestoblog.com,404,Error_404,http://expressthebogwarts.lovestoblog.com/contact-us,2026-09-07 05:29:12
http://jasmineayala.iblogger.org,404,Error_404,http://jasmineayala.iblogger.org/about-us,2026-09-07 05:29:12
http://jaydenbrose.lovestoblog.com,404,Suspended,https://suspended-domain.net/index.php?host=jaydenbrose.lovestoblog.com,2026-09-07 05:29:12
http://marionussbaum.lovestoblog.com,404,Error_404,http://marionussbaum.lovestoblog.com/privacy-policy,2026-09-07 05:29:12
http://bisionaryvibrant.is-best.net,404,Error_404,http://bisionaryvibrant.is-best.net/privacy-policy,2026-09-07 05:29:12
http://mackenziepurdy.wuaze.com,404,Error_404,http://mackenziepurdy.wuaze.com/privacy-policy,2026-09-07 05:29:12
http://constitutionjournal.is-best.net,404,Error_404,http://constitutionjournal.is-best.net/about-us,2026-09-07 05:29:12
http://hersheltran.is-best.net,404,Error_404,http://hersheltran.is-best.net/contact-us,2026-09-07 05:29:12
http://rolandgraf.is-best.net,404,Error_404,http://rolandgraf.is-best.net/contact-us,2026-09-07 05:29:12
http://omarchrist.iblogger.org,404,Error_404,http://omarchrist.iblogger.org/about-us,2026-09-07 05:29:12
http://willowwhisperer.lovestoblog.com,404,Error_404,http://willowwhisperer.lovestoblog.com/about-us,2026-09-07 05:29:12
http://milokoch.is-best.net,404,Error_404,http://milokoch.is-best.net/,2026-09-07 05:29:12
http://leoneldowns.lovestoblog.com,404,Error_404,http://leoneldowns.lovestoblog.com/about-us,2026-09-07 05:29:12
http://careymcdowell.is-great.org,404,Error_404,http://careymcdowell.is-great.org/about-us,2026-09-07 05:29:12
http://nathaliepittman.kesug.com,404,Error_404,http://nathaliepittman.kesug.com/privacy-policy,2026-09-07 05:29:12
http://sheakent.nichesite.org,404,Error_404,http://sheakent.nichesite.org/about-us,2026-09-07 05:29:12
http://thaliasteph.great-site.net,404,Error_404,http://thaliasteph.great-site.net/contact-us,2026-09-07 05:29:12
http://aresdavid.is-great.org,404,Error_404,http://aresdavid.is-great.org/contact-us,2026-09-07 05:29:12
http://aniyajohnson.lovestoblog.com,404,Error_404,http://aniyajohnson.lovestoblog.com/,2026-09-07 05:29:12
http://elsagaxiola.is-great.org,404,Error_404,http://elsagaxiola.is-great.org/privacy-policy,2026-09-07 05:29:12
http://irenarausch.wuaze.com,404,Error_404,http://irenarausch.wuaze.com/contact-us,2026-09-07 05:29:12
http://cortezsanford.lovestoblog.com,404,Error_404,http://cortezsanford.lovestoblog.com/contact-us,2026-09-07 05:29:12
http://mathieunoel.is-great.org,404,Error_404,http://mathieunoel.is-great.org/privacy-policy,2026-09-07 05:29:12
http://shadowseeker.my-style.in,404,Error_404,http://shadowseeker.my-style.in/contact-us,2026-09-07 05:29:12
http://floraharring.iblogger.org,404,Error_404,http://floraharring.iblogger.org/contact-us,2026-09-07 05:29:12
http://odysseyocean.iblogger.org,404,Error_404,http://odysseyocean.iblogger.org/contact-us,2026-09-07 05:29:12
http://maximusstrick.is-great.org,404,Error_404,http://maximusstrick.is-great.org/about-us,2026-09-07 05:29:12
http://moshejoyce.iblogger.org,404,Error_404,http://moshejoyce.iblogger.org/about-us,2026-09-07 05:29:12
http://diontethorpe.wuaze.com,404,Error_404,http://diontethorpe.wuaze.com/privacy-policy,2026-09-07 05:29:12
http://baileyteichelman.is-great.org,404,Error_404,http://baileyteichelman.is-great.org/about-us,2026-09-07 05:29:12
http://solsticeseeker.iblogger.org,404,Error_404,http://solsticeseeker.iblogger.org/privacy-policy,2026-09-07 05:29:12
http://kellychristian.kesug.com,404,Error_404,http://kellychristian.kesug.com/privacy-policy,2026-09-07 05:29:12
http://kademortensen.is-great.net,404,Error_404,http://kademortensen.is-great.net/contact-us,2026-09-07 05:29:12
http://sylviaberger.is-great.net,404,Error_404,http://sylviaberger.is-great.net/privacy-policy,2026-09-07 05:29:12
http://velvetvortex.lovestoblog.com,404,Error_404,http://velvetvortex.lovestoblog.com/about-us,2026-09-07 05:29:12
http://sarahbuck.wuaze.com,404,Error_404,http://sarahbuck.wuaze.com/contact-us,2026-09-07 05:29:12
http://tyronrand.is-great.net,404,Error_404,http://tyronrand.is-great.net/about-us,2026-09-07 05:29:12
http://aishachung.wuaze.com,404,Error_404,http://aishachung.wuaze.com/about-us,2026-09-07 05:29:12
http://lucyrodgers.wuaze.com,404,Error_404,http://lucyrodgers.wuaze.com/privacy-policy,2026-09-07 05:29:12
http://leolivingston.iblogger.org,404,Error_404,http://leolivingston.iblogger.org/privacy-policy,2026-09-07 05:29:12
http://douglasdavila.great-site.net,404,Error_404,http://douglasdavila.great-site.net/contact-us,2026-09-07 05:29:12
http://joeylim.is-great.org,404,Error_404,http://joeylim.is-great.org/contact-us,2026-09-07 05:29:12
http://lucianocaval.kesug.com,404,Error_404,http://lucianocaval.kesug.com/privacy-policy,2026-09-07 05:29:12
http://kabirmorton.iblogger.org,404,Error_404,http://kabirmorton.iblogger.org/about-us,2026-09-07 05:29:12
http://lunalullaby.lovestoblog.com,404,Error_404,http://lunalullaby.lovestoblog.com/about-us,2026-09-07 05:29:12
http://rhettsimmons.is-great.net,0,Invalid/Down,N/A,2026-09-07 05:29:12
http://jacintagovea.iblogger.org,404,Suspended,https://suspended-domain.net/index.php?host=jacintagovea.iblogger.org,2026-09-07 05:29:12
http://andreaslamb.wuaze.com,404,Error_404,http://andreaslamb.wuaze.com/about-us,2026-09-07 05:29:12
http://davidashworth.wuaze.com,404,Error_404,http://davidashworth.wuaze.com/about-us,2026-09-07 05:29:12
http://londynlugo.lovestoblog.com,404,Error_404,http://londynlugo.lovestoblog.com/about-us,2026-09-07 05:29:12
http://aleshadorn.my-board.org,404,Error_404,http://aleshadorn.my-board.org/about-us,2026-09-07 05:29:12
http://clarahopkins.is-best.net,404,Error_404,http://clarahopkins.is-best.net/,2026-09-07 05:29:12
http://augment.lovestoblog.com,404,Error_404,http://augment.lovestoblog.com/contact-us,2026-09-07 05:29:12
http://stormcaller.great-site.net,404,Suspended,https://suspended-domain.net/index.php?host=stormcaller.great-site.net,2026-09-07 05:29:12
http://joannehenderson.lovestoblog.com,404,Error_404,http://joannehenderson.lovestoblog.com/about-us,2026-09-07 05:29:12
http://madisynstrong.lovestoblog.com,404,Error_404,http://madisynstrong.lovestoblog.com/privacy-policy,2026-09-07 05:29:12
http://mentlear.my-board.org,404,Error_404,http://mentlear.my-board.org/contact-us,2026-09-07 05:29:12
http://katiewilliam.iblogger.org,404,Error_404,http://katiewilliam.iblogger.org/privacy-policy,2026-09-07 05:29:12
http://janblackwell.kesug.com,404,Error_404,http://janblackwell.kesug.com/privacy-policy,2026-09-07 05:29:12
http://tedrobillard.wuaze.com,404,Error_404,http://tedrobillard.wuaze.com/,2026-09-07 05:29:12
http://olliechandler.iblogger.org,404,Error_404,http://olliechandler.iblogger.org/,2026-09-07 05:29:12
http://oceanoracle.nichesite.org,404,Error_404,http://oceanoracle.nichesite.org/privacy-policy,2026-09-07 05:29:12
http://louisedwards.is-great.net,404,Error_404,http://louisedwards.is-great.net/privacy-policy,2026-09-07 05:29:12
http://stormstride.wuaze.com,404,Error_404,http://stormstride.wuaze.com/privacy-policy,2026-09-07 05:29:12
http://elisacastan.is-great.org,404,Error_404,http://elisacastan.is-great.org/about-us,2026-09-07 05:29:12
http://paperpundit.likesyou.org,404,Error_404,http://paperpundit.likesyou.org/privacy-policy,2026-09-07 05:29:12
http://gaillyons.lovestoblog.com,404,Error_404,http://gaillyons.lovestoblog.com/contact-us,2026-09-07 05:29:12
http://trinitypatton.iblogger.org,404,Error_404,http://trinitypatton.iblogger.org/privacy-policy,2026-09-07 05:29:12
http://kiarajenyns.great-site.net,404,Error_404,http://kiarajenyns.great-site.net/privacy-policy,2026-09-07 05:29:12
http://erinshaffer.kesug.com,404,Error_404,http://erinshaffer.kesug.com/privacy-policy,2026-09-07 05:29:12
http://gerarlars.kesug.com,404,Error_404,http://gerarlars.kesug.com/about-us,2026-09-07 05:29:12
http://rosascotti.is-best.net,404,Error_404,http://rosascotti.is-best.net/contact-us,2026-09-07 05:29:12
http://spotsportsnews.lovestoblog.com,404,Error_404,http://spotsportsnews.lovestoblog.com/privacy-policy,2026-09-07 05:29:12
http://spiritsong.wuaze.com,404,Error_404,http://spiritsong.wuaze.com/privacy-policy,2026-09-07 05:29:12
http://portlandoregonian.iblogger.org,404,Error_404,http://portlandoregonian.iblogger.org/about-us,2026-09-07 05:29:12
http://charlesbidencope.is-best.net,404,Error_404,http://charlesbidencope.is-best.net/,2026-09-07 05:29:12
http://caitlinvillegas.wuaze.com,404,Error_404,http://caitlinvillegas.wuaze.com/privacy-policy,2026-09-07 05:29:12
http://luisdowd.wuaze.com,404,Error_404,http://luisdowd.wuaze.com/contact-us,2026-09-07 05:29:12
http://sophiehargre.is-best.net,404,Error_404,http://sophiehargre.is-best.net/privacy-policy,2026-09-07 05:29:12
http://tyresemullen.kesug.com,404,Error_404,http://tyresemullen.kesug.com/privacy-policy,2026-09-07 05:29:12
http://demimayfield.is-great.org,404,Error_404,http://demimayfield.is-great.org/contact-us,2026-09-07 05:29:12
http://dennisgrunewald.is-best.net,404,Error_404,http://dennisgrunewald.is-best.net/about-us,2026-09-07 05:29:12
http://jacksoncannon.is-best.net,404,Error_404,http://jacksoncannon.is-best.net/privacy-policy,2026-09-07 05:29:12
http://coryburgess.is-best.net,0,Invalid/Down,N/A,2026-09-07 05:29:12
http://jaxxonmoses.lovestoblog.com,404,Error_404,http://jaxxonmoses.lovestoblog.com/privacy-policy,2026-09-07 05:29:12
http://georgemarshall.is-great.net,404,Error_404,http://georgemarshall.is-great.net/privacy-policy,2026-09-07 05:29:12
http://dorothylangdon.kesug.com,404,Error_404,http://dorothylangdon.kesug.com/about-us,2026-09-07 05:29:12
http://hadleyestra.wuaze.com,404,Error_404,http://hadleyestra.wuaze.com/contact-us,2026-09-07 05:29:12
http://richardclarkson.is-best.net,404,Error_404,http://richardclarkson.is-best.net/about-us,2026-09-07 05:29:12
http://maxengrover.lovestoblog.com,404,Error_404,http://maxengrover.lovestoblog.com/privacy-policy,2026-09-07 05:29:12
http://rachelbuckland.is-best.net,404,Error_404,http://rachelbuckland.is-best.net/contact-us,2026-09-07 05:29:12
http://geraldrocha.is-great.org,404,Error_404,http://geraldrocha.is-great.org/contact-us,2026-09-07 05:29:12
http://danielvickery.is-great.org,404,Error_404,http://danielvickery.is-great.org/contact-us,2026-09-07 05:29:12
http://eesagallagher.iblogger.org,404,Error_404,http://eesagallagher.iblogger.org/privacy-policy,2026-09-07 05:29:12
http://soultalkthenews.social-networking.me,404,Error_404,http://soultalkthenews.social-networking.me/about-us,2026-09-07 05:29:12
http://sybgroenink.great-site.net,404,Error_404,http://sybgroenink.great-site.net/contact-us,2026-09-07 05:29:12
http://loretazanotti.is-best.net,404,Error_404,http://loretazanotti.is-best.net/about-us,2026-09-07 05:29:12
http://dylancarson.wuaze.com,404,Error_404,http://dylancarson.wuaze.com/contact-us,2026-09-07 05:29:12
http://rosalindamorgan.great-site.net,404,Error_404,http://rosalindamorgan.great-site.net/about-us,2026-09-07 05:29:12
http://worldviewtribune.wuaze.com,404,Error_404,http://worldviewtribune.wuaze.com/about-us,2026-09-07 05:29:12
http://newsthewishlander.great-site.net,404,Error_404,http://newsthewishlander.great-site.net/privacy-policy,2026-09-07 05:29:12
http://teresakohler.kesug.com,404,Error_404,http://teresakohler.kesug.com/contact-us,2026-09-07 05:29:12
http://julissacloud.great-site.net,404,Error_404,http://julissacloud.great-site.net/about-us,2026-09-07 05:29:12
http://jeanlucia.lovestoblog.com,404,Error_404,http://jeanlucia.lovestoblog.com/about-us,2026-09-07 05:29:12
http://atlantaoptimis.wuaze.com,404,Error_404,http://atlantaoptimis.wuaze.com/privacy-policy,2026-09-07 05:29:12
http://themorningpost.iblogger.org,404,Error_404,http://themorningpost.iblogger.org/about-us,2026-09-07 05:29:12
http://guardianthenews.is-best.net,404,Error_404,http://guardianthenews.is-best.net/privacy-policy,2026-09-07 05:29:12
http://babicmikolina.iblogger.org,404,Error_404,http://babicmikolina.iblogger.org/contact-us,2026-09-07 05:29:12
http://houstonalvinnews.kesug.com,404,Error_404,http://houstonalvinnews.kesug.com/contact-us,2026-09-07 05:29:12
http://dennisflowers.is-best.net,404,Error_404,http://dennisflowers.is-best.net/about-us,2026-09-07 05:29:12
http://carolesalt.is-great.net,404,Error_404,http://carolesalt.is-great.net/contact-us,2026-09-07 05:29:12
http://luciusochoa.is-best.net,404,Error_404,http://luciusochoa.is-best.net/privacy-policy,2026-09-07 05:29:12
http://junioryi.iblogger.org,404,Error_404,http://junioryi.iblogger.org/contact-us,2026-09-07 05:29:12
http://willowwisp.great-site.net,404,Error_404,http://willowwisp.great-site.net/about-us,2026-09-07 05:29:12
http://justingrant.iblogger.org,404,Error_404,http://justingrant.iblogger.org/privacy-policy,2026-09-07 05:29:12
http://demetriocoppola.kesug.com,404,Error_404,http://demetriocoppola.kesug.com/about-us,2026-09-07 05:29:12
http://madelwaller.fast-page.org,404,Error_404,http://madelwaller.fast-page.org/privacy-policy,2026-09-07 05:29:12
http://feliperowe.iblogger.org,404,Error_404,http://feliperowe.iblogger.org/contact-us,2026-09-07 05:29:12
http://starlitseeker.kesug.com,404,Error_404,http://starlitseeker.kesug.com/contact-us,2026-09-07 05:29:12
http://calebtroup.wuaze.com,404,Error_404,https://errors.infinityfree.net/errors/404/,2026-09-07 05:29:12
http://kimberleylloyd.iblogger.org,0,Invalid/Down,N/A,2026-09-07 05:29:12
http://mildredwalsh.is-best.net,404,Error_404,http://mildredwalsh.is-best.net/contact-us,2026-09-07 05:29:12
http://tristanclements.iblogger.org,404,Error_404,http://tristanclements.iblogger.org/about-us,2026-09-07 05:29:12
http://newsdaymirror.lovestoblog.com,404,Error_404,http://newsdaymirror.lovestoblog.com/about-us,2026-09-07 05:29:12
http://athenatruji.is-great.net,404,Error_404,http://athenatruji.is-great.net/contact-us,2026-09-07 05:29:12
http://hartwigeller.kesug.com,404,Error_404,http://hartwigeller.kesug.com/about-us,2026-09-07 05:29:12
http://emetwhitker.kesug.com,404,Error_404,http://emetwhitker.kesug.com/privacy-policy,2026-09-07 05:29:12
http://noeldalton.wuaze.com,404,Error_404,http://noeldalton.wuaze.com/about-us,2026-09-07 05:29:12
http://michaelulrich.kesug.com,404,Error_404,http://michaelulrich.kesug.com/about-us,2026-09-07 05:29:12
http://thisenews.is-great.net,404,Error_404,http://thisenews.is-great.net/privacy-policy,2026-09-07 05:29:12
http://luminouslegacy.wuaze.com,404,Error_404,http://luminouslegacy.wuaze.com/about-us,2026-09-07 05:29:12
http://paigebrooks.kesug.com,404,Error_404,http://paigebrooks.kesug.com/contact-us,2026-09-07 05:29:12
http://mariesauve.is-best.net,404,Error_404,http://mariesauve.is-best.net/about-us,2026-09-07 05:29:12
http://tribunestar.likesyou.org,404,Error_404,http://tribunestar.likesyou.org/contact-us,2026-09-07 05:29:12
http://kamaritanner.is-best.net,404,Error_404,http://kamaritanner.is-best.net/contact-us,2026-09-07 05:29:12
http://dailythestarnews.wuaze.com/wp-admin,404,Error_404,http://dailythestarnews.wuaze.com/wp-admin/privacy-policy,2026-09-07 05:29:12
http://daphnehodge.lovestoblog.com,404,Error_404,http://daphnehodge.lovestoblog.com/about-us,2026-09-07 05:29:12
http://biljanaleutgeb.kesug.com,404,Error_404,http://biljanaleutgeb.kesug.com/privacy-policy,2026-09-07 05:29:12
http://shawnschroeder.is-great.net,404,Error_404,http://shawnschroeder.is-great.net/about-us,2026-09-07 05:29:12
http://fionaallison.wuaze.com,404,Error_404,http://fionaallison.wuaze.com/about-us,2026-09-07 05:29:12
http://patricklazarus.is-best.net,404,Error_404,http://patricklazarus.is-best.net/privacy-policy,2026-09-07 05:29:12
http://cullenmora.is-great.net,404,Error_404,http://cullenmora.is-great.net/about-us,2026-09-07 05:29:12
http://alishamorrison.wuaze.com,404,Error_404,http://alishamorrison.wuaze.com/about-us,2026-09-07 05:29:12
http://tammiecumi.kesug.com,404,Error_404,http://tammiecumi.kesug.com/,2026-09-07 05:29:12
http://kylaporter.lovestoblog.com,404,Error_404,http://kylaporter.lovestoblog.com/about-us,2026-09-07 05:29:12
http://fordcouranthart.nichesite.org,404,Error_404,http://fordcouranthart.nichesite.org/about-us,2026-09-07 05:29:12
http://fletcherfoster.is-great.net,404,Error_404,http://fletcherfoster.is-great.net/about-us,2026-09-07 05:29:12
http://katrinakerr.wuaze.com,404,Error_404,http://katrinakerr.wuaze.com/about-us,2026-09-07 05:29:12
http://hollygeils.great-site.net,404,Error_404,http://hollygeils.great-site.net/contact-us,2026-09-07 05:29:12
http://saraidixon.kesug.com,404,Error_404,http://saraidixon.kesug.com/privacy-policy,2026-09-07 05:29:12
http://michaelaoswald.is-great.net,404,Error_404,http://michaelaoswald.is-great.net/about-us,2026-09-07 05:29:12
http://madeleinewalker.lovestoblog.com,404,Error_404,http://madeleinewalker.lovestoblog.com/about-us,2026-09-07 05:29:12
http://miguelinacabello.kesug.com,404,Error_404,http://miguelinacabello.kesug.com/privacy-policy,2026-09-07 05:29:12
http://starrywhisper.wuaze.com,404,Error_404,http://starrywhisper.wuaze.com/,2026-09-07 05:29:12
http://kaialozano.wuaze.com,404,Error_404,http://kaialozano.wuaze.com/contact-us,2026-09-07 05:29:12
http://demariodick.lovestoblog.com,404,Error_404,http://demariodick.lovestoblog.com/privacy-policy,2026-09-07 05:29:12
http://jamiehaswel.wuaze.com,404,Error_404,http://jamiehaswel.wuaze.com/privacy-policy,2026-09-07 05:29:12
http://jasminegood.iblogger.org,404,Error_404,http://jasminegood.iblogger.org/contact-us,2026-09-07 05:29:12
http://crimsoncrafter.great-site.net,404,Error_404,http://crimsoncrafter.great-site.net/about-us,2026-09-07 05:29:12
http://inesmercado.kesug.com,404,Error_404,http://inesmercado.kesug.com/privacy-policy,2026-09-07 05:29:12
http://camillecruz.kesug.com,404,Error_404,http://camillecruz.kesug.com/contact-us,2026-09-07 05:29:12
http://tygreen.is-great.org,404,Error_404,http://tygreen.is-great.org/privacy-policy,2026-09-07 05:29:12
http://hanaterry.is-great.org,404,Error_404,http://hanaterry.is-great.org/contact-us,2026-09-07 05:29:12
http://marcellamoreau.is-best.net,404,Error_404,http://marcellamoreau.is-best.net/contact-us,2026-09-07 05:29:12
http://newsnewyorkdaily.is-great.net,404,Error_404,http://newsnewyorkdaily.is-great.net/contact-us,2026-09-07 05:29:12
http://isabelnorman.wuaze.com,404,Error_404,http://isabelnorman.wuaze.com/contact-us,2026-09-07 05:29:12
http://chasberg.is-great.org,404,Error_404,http://chasberg.is-great.org/about-us,2026-09-07 05:29:12
http://maebarr.wuaze.com,404,Error_404,http://maebarr.wuaze.com/about-us,2026-09-07 05:29:12
http://karisulivan.wuaze.com,404,Error_404,http://karisulivan.wuaze.com/privacy-policy,2026-09-07 05:29:12
http://marsmarshall.is-best.net,404,Error_404,http://marsmarshall.is-best.net/contact-us,2026-09-07 05:29:12
http://ginafoster.wuaze.com,404,Error_404,http://ginafoster.wuaze.com/about-us,2026-09-07 05:29:12
http://emmachapman.wuaze.com,404,Error_404,http://emmachapman.wuaze.com/privacy-policy,2026-09-07 05:29:12
http://trystanholtz.is-best.net,404,Error_404,http://trystanholtz.is-best.net/privacy-policy,2026-09-07 05:29:12
http://stephaniemackaness.wuaze.com,404,Error_404,http://stephaniemackaness.wuaze.com/about-us,2026-09-07 05:29:12
http://adamblake.iblogger.org,404,Error_404,http://adamblake.iblogger.org/contact-us,2026-09-07 05:29:12
http://alloyauror.my-style.in,404,Error_404,http://alloyauror.my-style.in/privacy-policy,2026-09-07 05:29:12
http://sunnyparker.wuaze.com,404,Error_404,http://sunnyparker.wuaze.com/contact-us,2026-09-07 05:29:12
http://kailaseals.kesug.com,404,Error_404,http://kailaseals.kesug.com/contact-us,2026-09-07 05:29:12
http://fayecummings.great-site.net,404,Error_404,http://fayecummings.great-site.net/contact-us,2026-09-07 05:29:12
http://giooliva.iblogger.org,404,Error_404,http://giooliva.iblogger.org/contact-us,2026-09-07 05:29:12
http://thunderstrike.lovestoblog.com,404,Suspended,https://suspended-domain.net/index.php?host=thunderstrike.lovestoblog.com,2026-09-07 05:29:12
http://concettagozzi.great-site.net,404,Error_404,http://concettagozzi.great-site.net/about-us,2026-09-07 05:29:12
http://oscarpineda.is-best.net,404,Error_404,http://oscarpineda.is-best.net/privacy-policy,2026-09-07 05:29:12
http://courtneymcintyre.kesug.com,404,Error_404,http://courtneymcintyre.kesug.com/privacy-policy,2026-09-07 05:29:12
http://stormstrider.is-best.net,404,Error_404,http://stormstrider.is-best.net/privacy-policy,2026-09-07 05:29:12
http://antonejuarez.is-great.net,404,Error_404,http://antonejuarez.is-great.net/contact-us,2026-09-07 05:29:12
http://mercedscott.is-great.net,404,Error_404,http://mercedscott.is-great.net/contact-us,2026-09-07 05:29:12
http://zaniyahrojas.great-site.net,404,Error_404,http://zaniyahrojas.great-site.net/contact-us,2026-09-07 05:29:12
http://santospfe.wuaze.com,404,Error_404,http://santospfe.wuaze.com/contact-us,2026-09-07 05:29:12
http://spectacspiri.lovestoblog.com,404,Error_404,http://spectacspiri.lovestoblog.com/privacy-policy,2026-09-07 05:29:12
http://iyanasoria.wuaze.com,404,Error_404,http://iyanasoria.wuaze.com/contact-us,2026-09-07 05:29:12
http://harmonyherald.wuaze.com,404,Error_404,http://harmonyherald.wuaze.com/contact-us,2026-09-07 05:29:12
http://earlpage.wuaze.com,404,Error_404,http://earlpage.wuaze.com/about-us,2026-09-07 05:29:12
http://eunicebyers.wuaze.com,404,Error_404,http://eunicebyers.wuaze.com/about-us,2026-09-07 05:29:12
http://bugakupresak.fanclub.rocks,404,Error_404,http://bugakupresak.fanclub.rocks/,2026-09-07 05:29:12
http://mabelrojas.is-best.net,404,Error_404,http://mabelrojas.is-best.net/contact-us,2026-09-07 05:29:12
http://shawncalhoun.is-best.net,404,Error_404,http://shawncalhoun.is-best.net/about-us,2026-09-07 05:29:12
http://agentanalysis.synergize.co,404,Error_404,http://agentanalysis.synergize.co/privacy-policy,2026-09-07 05:29:12
http://angushenning.is-best.net,404,Error_404,http://angushenning.is-best.net/,2026-09-07 05:29:12
http://mysticmosaic.wuaze.com,404,Error_404,http://mysticmosaic.wuaze.com/about-us,2026-09-07 05:29:12
http://harveyashley.iblogger.org,404,Error_404,http://harveyashley.iblogger.org/contact-us,2026-09-07 05:29:12
http://lynnnguyen.great-site.net,404,Error_404,http://lynnnguyen.great-site.net/about-us,2026-09-07 05:29:12
http://frenzyfinancial.is-great.net,404,Error_404,http://frenzyfinancial.is-great.net/privacy-policy,2026-09-07 05:29:12
http://brightblaze.mydiscussion.net,404,Error_404,http://brightblaze.mydiscussion.net/contact-us,2026-09-07 05:29:12
http://priyastoddard.wuaze.com,404,Error_404,http://priyastoddard.wuaze.com/about-us,2026-09-07 05:29:12
http://isabelaufder.wuaze.com,404,Error_404,http://isabelaufder.wuaze.com/about-us,2026-09-07 05:29:12
http://queencorrea.lovestoblog.com,404,Error_404,http://queencorrea.lovestoblog.com/about-us,2026-09-07 05:29:12
http://armanwells.great-site.net,404,Error_404,http://armanwells.great-site.net/about-us,2026-09-07 05:29:12
http://patelder.is-great.org,404,Error_404,http://patelder.is-great.org/about-us,2026-09-07 05:29:12
http://janellevaughan.great-site.net,404,Error_404,http://janellevaughan.great-site.net/contact-us,2026-09-07 05:29:12
http://estherrauter.is-best.net,404,Error_404,http://estherrauter.is-best.net/contact-us,2026-09-07 05:29:12
http://masonmcleod.is-great.net,404,Error_404,http://masonmcleod.is-great.net/,2026-09-07 05:29:12
http://thehogwartsexaminer.kesug.com,404,Error_404,http://thehogwartsexaminer.kesug.com/contact-us,2026-09-07 05:29:12
http://anissalemus.great-site.net,404,Error_404,http://anissalemus.great-site.net/privacy-policy,2026-09-07 05:29:12
http://edwardorogahn.lovestoblog.com,404,Error_404,http://edwardorogahn.lovestoblog.com/privacy-policy,2026-09-07 05:29:12
http://bulletinfiveword.iblogger.org,404,Error_404,http://bulletinfiveword.iblogger.org/privacy-policy,2026-09-07 05:29:12
http://flynnligertwod.is-great.org,404,Error_404,http://flynnligertwod.is-great.org/about-us,2026-09-07 05:29:12
http://duskdreamer.kesug.com,404,Error_404,http://duskdreamer.kesug.com/privacy-policy,2026-09-07 05:29:12
http://andrewblanc.is-best.net,404,Suspended,https://suspended-domain.net/index.php?host=andrewblanc.is-best.net,2026-09-07 05:29:12
http://ginoswanson.is-great.org,404,Error_404,http://ginoswanson.is-great.org/about-us,2026-09-07 05:29:12
http://joshuaknight.my-board.org,404,Error_404,http://joshuaknight.my-board.org/about-us,2026-09-07 05:29:12
http://jodyfernandes.is-great.net,404,Error_404,http://jodyfernandes.is-great.net/about-us,2026-09-07 05:29:12
http://rachelenticknap.lovestoblog.com,404,Error_404,http://rachelenticknap.lovestoblog.com/contact-us,2026-09-07 05:29:12
http://livmedina.is-best.net,404,Error_404,http://livmedina.is-best.net/contact-us,2026-09-07 05:29:12
http://stefanomolinari.great-site.net,404,Error_404,http://stefanomolinari.great-site.net/privacy-policy,2026-09-07 05:29:12
http://jodylafreniere.kesug.com,404,Error_404,http://jodylafreniere.kesug.com/contact-us,2026-09-07 05:29:12
http://sharonterry.is-great.net,404,Error_404,http://sharonterry.is-great.net/,2026-09-07 05:29:12
http://arcticalchemist.my-style.in,404,Error_404,http://arcticalchemist.my-style.in/contact-us,2026-09-07 05:29:12
http://robertahinton.is-best.net,404,Error_404,http://robertahinton.is-best.net/contact-us,2026-09-07 05:29:12
http://audreypreece.great-site.net,404,Error_404,http://audreypreece.great-site.net/privacy-policy,2026-09-07 05:29:12
http://kobycoperine.my-style.in,404,Error_404,http://kobycoperine.my-style.in/privacy-policy,2026-09-07 05:29:12
http://moritzstockl.iblogger.org,404,Error_404,http://moritzstockl.iblogger.org/about-us,2026-09-07 05:29:12
http://jaxtyndennis.iblogger.org,404,Error_404,http://jaxtyndennis.iblogger.org/contact-us,2026-09-07 05:29:12
http://juelzsweeney.great-site.net,404,Error_404,http://juelzsweeney.great-site.net/about-us,2026-09-07 05:29:12
http://yasminolan.wuaze.com,404,Error_404,http://yasminolan.wuaze.com/privacy-policy,2026-09-07 05:29:12
http://reaganfry.kesug.com,404,Error_404,http://reaganfry.kesug.com/privacy-policy,2026-09-07 05:29:12
http://lylapotter.is-great.org,404,Error_404,http://lylapotter.is-great.org/privacy-policy,2026-09-07 05:29:12
http://socialthesynergy.kesug.com,404,Error_404,http://socialthesynergy.kesug.com/contact-us,2026-09-07 05:29:12
http://disculturethenews.wuaze.com,0,Invalid/Down,N/A,2026-09-07 05:29:12
http://rexgregory.is-great.net,404,Error_404,http://rexgregory.is-great.net/contact-us,2026-09-07 05:29:12
http://vicenteblake.is-great.net,404,Error_404,http://vicenteblake.is-great.net/contact-us,2026-09-07 05:29:12
http://adanconley.is-great.net,404,Error_404,http://adanconley.is-great.net/about-us,2026-09-07 05:29:12
http://donacabrera.is-great.net,404,Error_404,http://donacabrera.is-great.net/about-us,2026-09-07 05:29:12
http://amarimedina.wuaze.com,404,Error_404,http://amarimedina.wuaze.com/contact-us,2026-09-07 05:29:12
http://bryangould.iblogger.org,404,Error_404,http://bryangould.iblogger.org/contact-us,2026-09-07 05:29:12
http://tobiasmueller.great-site.net,404,Error_404,http://tobiasmueller.great-site.net/contact-us,2026-09-07 05:29:12
http://jakemarshall.great-site.net,404,Error_404,http://jakemarshall.great-site.net/about-us,2026-09-07 05:29:12
http://laurynwilkins.kesug.com,404,Error_404,http://laurynwilkins.kesug.com/about-us,2026-09-07 05:29:12
http://doloresramirez.lovestoblog.com,404,Error_404,http://doloresramirez.lovestoblog.com/about-us,2026-09-07 05:29:12
http://clarkli.lovestoblog.com,404,Error_404,http://clarkli.lovestoblog.com/about-us,2026-09-07 05:29:12
http://skylerburch.lovestoblog.com,404,Error_404,http://skylerburch.lovestoblog.com/about-us,2026-09-07 05:29:12
http://jakeross.great-site.net,404,Error_404,http://jakeross.great-site.net/privacy-policy,2026-09-07 05:29:12
http://marthajonsson.is-best.net,404,Error_404,http://marthajonsson.is-best.net/,2026-09-07 05:29:12
http://bronsonbauer.iblogger.org,404,Error_404,http://bronsonbauer.iblogger.org/privacy-policy,2026-09-07 05:29:12
http://bridgettebenitez.iblogger.org,404,Error_404,http://bridgettebenitez.iblogger.org/,2026-09-07 05:29:12
http://ednakay.lovestoblog.com,404,Error_404,http://ednakay.lovestoblog.com/about-us,2026-09-07 05:29:12
http://novanavigator.kesug.com,404,Error_404,http://novanavigator.kesug.com/privacy-policy,2026-09-07 05:29:12
http://emtiajahmed.likesyou.org,404,Error_404,http://emtiajahmed.likesyou.org/about-us,2026-09-07 05:29:12
http://maracobb.is-great.org,404,Error_404,http://maracobb.is-great.org/contact-us,2026-09-07 05:29:12
http://nealjenkinson.is-great.net,404,Error_404,http://nealjenkinson.is-great.net/about-us,2026-09-07 05:29:12
http://mimirsvendsen.totalh.net,404,Error_404,http://mimirsvendsen.totalh.net/contact-us,2026-09-07 05:29:12
http://tiahowarth.is-best.net,404,Error_404,http://tiahowarth.is-best.net/about-us,2026-09-07 05:29:12
http://rickclarke.lovestoblog.com,404,Error_404,http://rickclarke.lovestoblog.com/contact-us,2026-09-07 05:29:12
http://willowwisp.lovestoblog.com,404,Suspended,https://suspended-domain.net/index.php?host=willowwisp.lovestoblog.com,2026-09-07 05:29:12
http://dianamiddleton.iblogger.org,404,Error_404,http://dianamiddleton.iblogger.org/privacy-policy,2026-09-07 05:29:12
http://ethegreen.lovestoblog.com,404,Error_404,http://ethegreen.lovestoblog.com/contact-us,2026-09-07 05:29:12
http://kenneditrevino.great-site.net,404,Error_404,http://kenneditrevino.great-site.net/about-us,2026-09-07 05:29:12
http://dailythestars.kesug.com,404,Error_404,http://dailythestars.kesug.com/about-us,2026-09-07 05:29:12
http://primoalbano.iblogger.org,404,Error_404,http://primoalbano.iblogger.org/privacy-policy,2026-09-07 05:29:12
http://clintcunningham.is-great.net,404,Error_404,http://clintcunningham.is-great.net/privacy-policy,2026-09-07 05:29:12
http://lunaluminescence.great-site.net,404,Error_404,http://lunaluminescence.great-site.net/about-us,2026-09-07 05:29:12
http://donatobonfan.iblogger.org,404,Error_404,http://donatobonfan.iblogger.org/contact-us,2026-09-07 05:29:12
http://morgantripp.lovestoblog.com,404,Error_404,http://morgantripp.lovestoblog.com/,2026-09-07 05:29:12
http://lennoxvaughan.wuaze.com,404,Error_404,http://lennoxvaughan.wuaze.com/privacy-policy,2026-09-07 05:29:12
http://kianpoirier.is-best.net,404,Error_404,http://kianpoirier.is-best.net/privacy-policy,2026-09-07 05:29:12
http://bentetright.lovestoblog.com,404,Error_404,http://bentetright.lovestoblog.com/about-us,2026-09-07 05:29:12
http://louisgodfrey.is-great.org,404,Error_404,http://louisgodfrey.is-great.org/privacy-policy,2026-09-07 05:29:12
http://aminkirby.great-site.net,404,Error_404,http://aminkirby.great-site.net/privacy-policy,2026-09-07 05:29:12
http://skylerbreedlo.nichesite.org,404,Error_404,http://skylerbreedlo.nichesite.org/contact-us,2026-09-07 05:29:12
http://auroramist.is-best.net,404,Error_404,http://auroramist.is-best.net/about-us,2026-09-07 05:29:12
http://meaganbuck.is-best.net,404,Error_404,http://meaganbuck.is-best.net/contact-us,2026-09-07 05:29:12
http://violetfontaine.wuaze.com,404,Error_404,http://violetfontaine.wuaze.com/privacy-policy,2026-09-07 05:29:12
http://gwendolarsen.kesug.com,404,Error_404,http://gwendolarsen.kesug.com/privacy-policy,2026-09-07 05:29:12
http://nelsoncardenas.is-great.net,404,Error_404,http://nelsoncardenas.is-great.net/contact-us,2026-09-07 05:29:12
http://blairballard.kesug.com,404,Error_404,http://blairballard.kesug.com/privacy-policy,2026-09-07 05:29:12
http://samuelgaunt.is-great.net,404,Error_404,http://samuelgaunt.is-great.net/about-us,2026-09-07 05:29:12
http://moonlitmystery.totalh.net,404,Error_404,http://moonlitmystery.totalh.net/contact-us,2026-09-07 05:29:12
http://antonbiffi.is-best.net,404,Error_404,http://antonbiffi.is-best.net/privacy-policy,2026-09-07 05:29:12
http://lambertfranz.kesug.com,404,Error_404,http://lambertfranz.kesug.com/,2026-09-07 05:29:12
http://kenyonkoehler.kesug.com,404,Error_404,http://kenyonkoehler.kesug.com/privacy-policy,2026-09-07 05:29:12
http://willlienhop.wuaze.com,404,Error_404,http://willlienhop.wuaze.com/about-us,2026-09-07 05:29:12
http://benjaminhurgman.kesug.com,404,Error_404,http://benjaminhurgman.kesug.com/privacy-policy,2026-09-07 05:29:12
http://manuelkunde.lovestoblog.com,404,Error_404,http://manuelkunde.lovestoblog.com/about-us,2026-09-07 05:29:12
http://kayceetubbs.nichesite.org,404,Error_404,http://kayceetubbs.nichesite.org/about-us,2026-09-07 05:29:12
http://kendrickkramer.great-site.net,404,Error_404,http://kendrickkramer.great-site.net/privacy-policy,2026-09-07 05:29:12
http://arielsantana.is-best.net,404,Error_404,http://arielsantana.is-best.net/contact-us,2026-09-07 05:29:12
http://rosemarykelly.is-great.net,404,Error_404,http://rosemarykelly.is-great.net/privacy-policy,2026-09-07 05:29:12
http://defenderdusk.kesug.com,404,Error_404,http://defenderdusk.kesug.com/about-us,2026-09-07 05:29:12
http://recordtheenterprise.wuaze.com,404,Error_404,http://recordtheenterprise.wuaze.com/contact-us,2026-09-07 05:29:12
http://modestoweiss.lovestoblog.com,404,Error_404,http://modestoweiss.lovestoblog.com/about-us,2026-09-07 05:29:12
http://mirroruogwarts.great-site.net,404,Error_404,http://mirroruogwarts.great-site.net/privacy-policy,2026-09-07 05:29:12
http://postthecairo.totalh.net,404,Error_404,http://postthecairo.totalh.net/contact-us,2026-09-07 05:29:12
http://novanoma.great-site.net,404,Suspended,https://suspended-domain.net/index.php?host=novanoma.great-site.net,2026-09-07 05:29:12
http://cindymcloughlin.wuaze.com,404,Error_404,http://cindymcloughlin.wuaze.com/contact-us,2026-09-07 05:29:12
http://acenorris.wuaze.com,404,Error_404,http://acenorris.wuaze.com/about-us,2026-09-07 05:29:12
http://juliannasilva.wuaze.com,404,Error_404,http://juliannasilva.wuaze.com/privacy-policy,2026-09-07 05:29:12
http://leonross.kesug.com,404,Error_404,http://leonross.kesug.com/about-us,2026-09-07 05:29:12
http://dailyhogwarts.my-board.org,404,Error_404,http://dailyhogwarts.my-board.org/contact-us,2026-09-07 05:29:12
http://berardinoardo.is-great.net,404,Error_404,http://berardinoardo.is-great.net/contact-us,2026-09-07 05:29:12
http://rosieanthony.is-best.net,404,Error_404,http://rosieanthony.is-best.net/contact-us,2026-09-07 05:29:12
http://luminescenceluna.lovestoblog.com,404,Error_404,http://luminescenceluna.lovestoblog.com/about-us,2026-09-07 05:29:12
http://quintinmccoy.is-best.net,404,Error_404,http://quintinmccoy.is-best.net/contact-us,2026-09-07 05:29:12
http://jarednoble.is-great.net,404,Error_404,http://jarednoble.is-great.net/about-us,2026-09-07 05:29:12
http://janwest.lovestoblog.com,404,Error_404,http://janwest.lovestoblog.com/privacy-policy,2026-09-07 05:29:12
http://miltonhebert.is-best.net,404,Error_404,http://miltonhebert.is-best.net/privacy-policy,2026-09-07 05:29:12
http://jasminemcdonald.is-best.net,404,Error_404,http://jasminemcdonald.is-best.net/contact-us,2026-09-07 05:29:12
http://smyronjame.my-board.org,404,Error_404,http://smyronjame.my-board.org/contact-us,2026-09-07 05:29:12
http://brilliancblaze.kesug.com,404,Error_404,http://brilliancblaze.kesug.com/contact-us,2026-09-07 05:29:12
http://thebaybreak.nichesite.org,404,Error_404,http://thebaybreak.nichesite.org/contact-us,2026-09-07 05:29:12
http://crystalcrest.my-board.org,404,Error_404,http://crystalcrest.my-board.org/about-us,2026-09-07 05:29:12
http://auroraarcher.social-networking.me,404,Suspended,https://suspended-domain.net/index.php?host=auroraarcher.social-networking.me,2026-09-07 05:29:12
http://jackbeavis.is-great.org,404,Error_404,http://jackbeavis.is-great.org/privacy-policy,2026-09-07 05:29:12
